index,Casco ID,Makelaarsnaam,Plaats,Provincie,Postcode,Huisnr.,Contactpersoon,Emailadres,Branche,KA,Datum akkoord,Maand akkoord,Zelf aangemeld?,Bron,Accountmanager Auto-fill,Gekoppeld door,KA gekoppeld,Aanbod online,Huislijn uitgesloten,Uitbehandeld RB, Agent Pages status,Akkoord AV,RB contactmoment,Linkje gevraagd?,Linkjes actief,Datum link online,Link vermelding,Link bestemming,OPMERKINGEN
0,55106,AlleeWonen Makelaardij Breda,BREDA,Noord-Brabant,4811BH,200,,info@alleewonenmakelaardij.nl,VastgoedPRo,Skarabee,01-05-2017,mei-2017,Nee,Koppeling,Jelle,Jelle,✓,Ja compleet,Ja,Ja actief en compleet,,,,Ja,Ja DvD,26-3-2018,http://www.alleewonenmakelaardij.nl/,https://www.pararius.nl/,
1,52267,Hero Makelaardij,Rotterdam,Zuid-Holland,3011BS,32,,info@heromakelaardij.nl,VastgoedPRo,Skarabee,01-05-2017,mei-2017,Nee,Koppeling,JP,JP,✓,Ja compleet,Ja,Ja actief en compleet,,,,Ja,Ja DvD,3-4-2018,http://www.heromakelaardij.nl/,https://www.pararius.nl/,
2,57028,Jess Makelaardij,Nieuwleusen,Overijssel,7711VR,37,,info@jessmakelaardij.nl,VastgoedPRo,Skarabee,01-05-2017,mei-2017,Nee,Koppeling,Philip,Jelle,✓,Ja compleet,Ja,Ja actief en compleet,,,,,,,,,
3,57478,Aan water wonen,HEEMSTEDE,Noord-Holland,2102CT,69,,info@aanwaterwonen.nl,VastgoedPRo,Skarabee,01-05-2017,mei-2017,Nee,Koppeling,JP,JP,✓,Ja compleet,Ja,Ja actief en compleet,,,,,,,,,
4,50224,Aarnoutse Makelaardij Drechtstreek,DORDRECHT,Zuid-Holland,3311PM,39,,info@aarnoutsemakelaardij.nl,VastgoedPRo,Skarabee,01-05-2017,mei-2017,Nee,Koppeling,Jelle,Jelle,✓,Ja compleet,Ja,Ja actief en compleet,,,,,,,,,
5,60154,Aarnoutse Makelaardij Halderberge B.V.,BOSSCHENHOOFD,Noord-Brabant,4744BD,nan,,receptie@aarnoutsemakelaardij.nl,VastgoedPRo,Skarabee,01-05-2017,mei-2017,Nee,Koppeling,Jelle,Jelle,✓,Ja compleet,Ja,Ja actief en compleet,,,,,,,,,
6,49228,AB&P Vaassen Makelaardij,Roermond,Limburg,6041KX,nan,,info@vaassen.nl,VastgoedPRo,Skarabee,01-05-2017,mei-2017,Nee,Koppeling,Jelle,Jelle,✓,Ja compleet,Ja,Ja actief en compleet,,,,,,,,,
7,51039,Adriaanse makelaar taxateur o.z.,ZOUTELANDE,Zeeland,4374CA,50,,adrmak@zeelandnet.nl,VastgoedPRo,Skarabee,01-05-2017,mei-2017,Nee,Koppeling,Jelle,Jelle,✓,Ja compleet,Ja,Ja actief en compleet,,,,,,,,,
8,50815,Agrarische Makelaardij / Makelaardij van der Zee,Oranjewoud,Friesland,8453XC,41,,info@jvanderzee.nl,VastgoedPRo,Skarabee,01-05-2017,mei-2017,Nee,Koppeling,JP,JP,✓,Ja compleet,Ja,Ja actief en compleet,,,,,,,,,
9,51193,Agrarische Makelaardij Jouwert de Vries,STIENS,Friesland,9051LE,15,,info@jouwertdevries.nl,VastgoedPRo,Skarabee,01-05-2017,mei-2017,Nee,Koppeling,JP,JP,✓,Ja compleet,Ja,Ja actief en compleet,,,,,,,,,
10,52641,Agrarische Makelaardij Kloosterboer,WESEPE,Overijssel,8124PP,2b,,info@makelaardijkloosterboer.nl ,VastgoedPRo,Skarabee,01-05-2017,mei-2017,Nee,Koppeling,Philip,Jelle,✓,Ja compleet,Ja,Ja actief en compleet,,,,,,,,,
11,60107,Landelijk wonen Fryslan,LEEUWARDEN,Friesland,8932PA,nan,,fryslan@landelijk-wonen.nl,VastgoedPRo,Skarabee,01-05-2017,mei-2017,Nee,Koppeling,JP,JP,✓,Ja compleet,Ja,Ja actief en compleet,,,,,,,,,
12,49719,AgriTeam Makelaars Oost-Overijssel B.V.,BRUINEHAAR,Overijssel,7675TB,17,,vriezenveen@agriteam.nl,VastgoedPRo,Skarabee,01-05-2017,mei-2017,Nee,Koppeling,Philip,Jelle,✓,Ja compleet,Ja,Ja actief en compleet,,,,,,,,,
13,57479,Agrivesta Bijlsma BV,GERKESKLOOSTER,Friesland,9873TC,nan,,bijlsma@agrivesta.nl,VastgoedPRo,Skarabee,01-05-2017,mei-2017,Nee,Koppeling,JP,JP,✓,Ja compleet,Ja,Ja actief en compleet,,,,,,,,,
14,53702,Agrivesta Houtman Makelaardij en Onteigening,EELDE,Drenthe,6673DN,nan,,houtman@agrivesta.nl,VastgoedPRo,Skarabee,01-05-2017,mei-2017,Nee,Koppeling,JP,JP,✓,Ja compleet,Ja,Ja actief en compleet,,,,,,,,,
15,51146,Agrivesta Huijbregts,DRONTEN,Flevoland,8250AE,230,,huijbregts@agrivesta.nl,VastgoedPRo,Skarabee,01-05-2017,mei-2017,Nee,Koppeling,JP,JP,✓,Ja compleet,Ja,Ja actief en compleet,,,,,,,,,
16,57480,Agrivesta Stap,ANDELST,Gelderland,6673DN,nan,,delorijn@agrivesta.nl,VastgoedPRo,Skarabee,01-05-2017,mei-2017,Nee,Koppeling,Philip,Jelle,✓,Ja compleet,Ja,Ja actief en compleet,,,,,,,,,
17,57481,Agrivesta Turkstra,HOUTIGEHAGE,Friesland,9223LE,78,,turkstra@agrivesta.nl,VastgoedPRo,Skarabee,01-05-2017,mei-2017,Nee,Koppeling,JP,JP,✓,Ja compleet,Ja,Ja actief en compleet,,,,,,,,,
18,60136,Agrivesta Weenink B.V.,ZEVENAAR,Gelderland,7005BK,nan,,weenink@agrivesta.nl,VastgoedPRo,Skarabee,01-05-2017,mei-2017,Nee,Koppeling,Philip,Jelle,✓,Ja compleet,Ja,Ja actief en compleet,,,,,,,,,
19,53514,Alard van der Varst Makelaars & Taxateurs o.z.,MAASTRICHT,Limburg,6041NZ,25,,info@alardvandervarst.nl,VastgoedPRo,Skarabee,01-05-2017,mei-2017,Nee,Koppeling,Jelle,Jelle,✓,Ja compleet,Ja,Ja actief en compleet,,,,,,,,,
20,60897,AlleeWonen Makelaardij Roosendaal,ROOSENDAAL,Noord-Brabant,4701BL,50,,info@alleewonenmakelaardij.nl,VastgoedPRo,Skarabee,01-05-2017,mei-2017,Nee,Koppeling,Jelle,Jelle,✓,Ja compleet,Ja,Ja actief en compleet,,,,,,,,,
21,57482,Allure Makelaardij,LINNE,Limburg,6067BP,23,,info@allure-makelaardij.nl,VastgoedPRo,Skarabee,01-05-2017,mei-2017,Nee,Koppeling,Jelle,Jelle,✓,Ja compleet,Ja,Ja actief en compleet,,,,,,,,,
22,49384,Anders Vastgoed,OOSTBURG,Zeeland,4501AP,nan,,makelaar@andersvastgoed.eu,VastgoedPRo,Skarabee,01-05-2017,mei-2017,Nee,Koppeling,Jelle,Jelle,✓,Ja compleet,Ja,Ja actief en compleet,,,,,,,,,
23,52607,Anna de Graaff Taxatie & Vastgoedadvies,OPPERDOES,Noord-Holland,1674NK,10,,,VastgoedPRo,Skarabee,01-05-2017,mei-2017,Nee,Koppeling,JP,JP,✓,Ja compleet,Ja,Ja actief en compleet,,,,,,,,,
24,53811,Annie Tros Makelaardij,HOOFDDORP,Noord-Holland,2135CP,64,,info@annietrosmakelaardij.nl,VastgoedPRo,Skarabee,01-05-2017,mei-2017,Nee,Koppeling,JP,JP,✓,Ja compleet,Ja,Ja actief en compleet,,,,,,,,,
25,50582,Arkus rentmeesters & makelaars,ROOSENDAAL,Noord-Brabant,4703RC,15,,info@arkus.nl,VastgoedPRo,Skarabee,01-05-2017,mei-2017,Nee,Koppeling,Jelle,Jelle,✓,Ja compleet,Ja,Ja actief en compleet,,,,,,,,,
26,57484,Art of Living by Marquiette BV,BLARICUM,Noord-Holland,1261EL,2D,,hello@artoflivingbymar.com,VastgoedPRo,Skarabee,01-05-2017,mei-2017,Nee,Koppeling,JP,JP,✓,Ja compleet,Ja,Ja actief en compleet,,,,,,,,,
27,52663,Audry Klinkers Makelaardij,JABEEK,Limburg,6454BA,nan,,info@klinkersmakelaardij.nl,VastgoedPRo,Skarabee,01-05-2017,mei-2017,Nee,Koppeling,Jelle,Jelle,✓,Ja compleet,Ja,Ja actief en compleet,,,,,,,,,
28,49544,Baarslag Makelaardij,ZWOLLE,Overijssel,8016AV,80,,info@baarslagmakelaardij.nl,VastgoedPRo,Skarabee,01-05-2017,mei-2017,Nee,Koppeling,Philip,JP,✓,Ja compleet,Ja,Ja actief en compleet,,,,,,,,,
29,56966,Baltes Makelaars B.V.,NIJVERDAL,Overijssel,7443BC,63,,info@baltesmakelaars.nl,VastgoedPRo,Skarabee,01-05-2017,mei-2017,Nee,Koppeling,Philip,Jelle,✓,Ja compleet,Ja,Ja actief en compleet,,,,,,,,,
30,57489,Berbee Vastgoed Advies,Den Helder,Noord-Holland,1788WN,2309,,info@berbeevastgoedadvies.nl,VastgoedPRo,Skarabee,01-05-2017,mei-2017,Nee,Koppeling,JP,JP,✓,Ja compleet,Ja,Ja actief en compleet,,,,,,,,,
31,49787,Beste Prijs Makelaars - De OpbodMakelaar,Elst (GLD),Zuid-Holland,2967EC,25,,info@opbodmakelaar.nl,VBO,Realworks,01-05-2017,mei-2017,Nee,Koppeling,Philip,JP,✓,Ja compleet,Ja,Ja actief en compleet,,,,,,,,,
32,61389,BeTA Rentmeesters BV,EMMEN,Drenthe,7814XL,16,,albert.velema@betarentmeesters.nl,VastgoedPRo,Skarabee,01-05-2017,mei-2017,Nee,Koppeling,Philip,Jelle,✓,Ja compleet,Ja,Ja actief en compleet,,,,,,,,,
33,60177,Bewust in Wonen B.V.,ROOSENDAAL,Noord-Brabant,4707MC,nan,,welkom@bewustinwonen.nl,VastgoedPRo,Skarabee,01-05-2017,mei-2017,Nee,Koppeling,Jelle,Jelle,✓,Ja compleet,Ja,Ja actief en compleet,,,,,,,,,
34,52096,Bijdevaate Makelaardij b.v.,ELLEMEET,Zeeland,4301KJ,23,,onroerendgoed@bijdevaatemakelaardij.nl,VastgoedPRo,Skarabee,01-05-2017,mei-2017,Nee,Koppeling,Jelle,Jelle,✓,Ja compleet,Ja,Ja actief en compleet,,,,,,,,,
35,61513,BijZonder Makelaars,ALMELO,Overijssel,7609RG,61 19,,mascha@bijzondermakelaars.nl,VastgoedPRo,Skarabee,01-05-2017,mei-2017,Nee,Koppeling,Philip,Jelle,✓,Ja compleet,Ja,Ja actief en compleet,,,,,,,,,
36,49194,Biltstede Makelaars,DRIEBRUGGEN,Zuid-Holland,3465KG,11 A,,info@biltstede.nl,VastgoedPRo,Skarabee,01-05-2017,mei-2017,Nee,Koppeling,JP,JP,✓,Ja compleet,Ja,Ja actief en compleet,,,,,,,,,
37,49758,Blik Makelaars B.V.,Hengelo (OV),Overijssel,7556TV,49,,info@blikmakelaars.nl,VastgoedPRo,Skarabee,01-05-2017,mei-2017,Nee,Koppeling,Philip,Jelle,✓,Ja compleet,Ja,Ja actief en compleet,,,,,,,,,
38,50064,Bliv Makelaardij o.z.,NIEUWKUIJK,Noord-Brabant,5253AN,23,,info@bliv.nl,VastgoedPRo,Skarabee,01-05-2017,mei-2017,Nee,Koppeling,Jelle,Jelle,✓,Ja compleet,Ja,Ja actief en compleet,,,,,,,,,
39,56438,Bob Witteveen Makelaardij,Lent,Gelderland,6663DP,55,,info@bobwitteveenmakelaardij.nl,VastgoedPRo,Skarabee,01-05-2017,mei-2017,Nee,Koppeling,Philip,Jelle,✓,Ja compleet,Ja,Ja actief en compleet,,,,,,,,,
40,61686,BoekholdBaks Makelaars,Etten Leur,Noord-Brabant,4876BB,95,,pieter@boekholdbaks.nl,VastgoedPRo,Skarabee,01-05-2017,mei-2017,Nee,Koppeling,Jelle,Jelle,✓,Ja compleet,Ja,Ja actief en compleet,,,,,,,,,
41,61502,BoekholdBaks Makelaars (prev VGP),Etten Leur,Noord-Brabant,4876BB,95,,pieter2@boekholdbaks.nl,VastgoedPRo,Skarabee,01-05-2017,mei-2017,Nee,Koppeling,Jelle,Jelle,✓,Ja compleet,Ja,Ja actief en compleet,,,,,,,,,
42,53684,Boeren Kuijpers Makelaars,Sint Willebrord,Noord-Brabant,4711NJ,80,,info@bk-makelaars.nl,VastgoedPRo,Skarabee,01-05-2017,mei-2017,Nee,Koppeling,Jelle,Jelle,✓,Ja compleet,Ja,Ja actief en compleet,,,,,,,,,
43,48950,Boerma Makelaardij,STADSKANAAL,Groningen,9503JA,19,,info@boermamakelaardij.nl,VastgoedPRo,Skarabee,01-05-2017,mei-2017,Nee,Koppeling,Philip,Jelle,✓,Ja compleet,Ja,Ja actief en compleet,,,,,,,,,
44,50742,Boeve Woning- en Bedrijfsmakelaardij,NUNSPEET,Gelderland,8071SC,nan,,mdboeve@boevemakelaardij.nl,VastgoedPRo,Skarabee,01-05-2017,mei-2017,Nee,Koppeling,Philip,JP,✓,Ja compleet,Ja,Ja actief en compleet,,,,,,,,,
45,48984,Bosrijck BV,UDDEL,Gelderland,3888MT,63a,,info@thuisopdeveluwe.nl,VastgoedPRo,Skarabee,01-05-2017,mei-2017,Nee,Koppeling,Jelle,Jelle,✓,Ja compleet,Ja,Ja actief en compleet,,,,,,,,,
46,49983,Bouw-Advies- Groep Makelaardij,ASSEN,Drenthe,9401KV,nan,,info@bouwadviesgroep.nl,VastgoedPRo,Skarabee,01-05-2017,mei-2017,Nee,Koppeling,Philip,JP,✓,Ja compleet,Ja,Ja actief en compleet,,,,,,,,,
47,53546,Bouwman Makelaardij,APPINGEDAM,Groningen,9901EJ,nan,,erikjbouwman@live.nl,VastgoedPRo,Skarabee,01-05-2017,mei-2017,Nee,Koppeling,JP,JP,✓,Ja compleet,Ja,Ja actief en compleet,,,,,,,,,
48,55532,Brick's Makelaardij,BREDA,Noord-Brabant,4811TH,99,,info@bricksmakelaardij.nl,VastgoedPRo,Skarabee,01-05-2017,mei-2017,Nee,Koppeling,Jelle,Jelle,✓,Ja compleet,Ja,Ja actief en compleet,,,,,,,,,
49,57490,Brouwer Makelaardij,IJHORST,Overijssel,7955AA,nan,,info@brouwermakelaardij.nl,VastgoedPRo,Skarabee,01-05-2017,mei-2017,Nee,Koppeling,Philip,JP,✓,Ja compleet,Ja,Ja actief en compleet,,,,,,,,,
50,48997,Bruins Makelaardij,WINSCHOTEN,Groningen,9674HA,15A,,info@bruinsmakelaardij.nl,VastgoedPRo,Skarabee,01-05-2017,mei-2017,Nee,Koppeling,JP,JP,✓,Ja compleet,Ja,Ja actief en compleet,,,,,,,,,
51,51025,Bureau van de Wiel,WAALWIJK,Noord-Brabant,5142H,nan,,info@bureauvandewiel.nl,VastgoedPRo,Skarabee,01-05-2017,mei-2017,Nee,Koppeling,Jelle,Jelle,✓,Ja compleet,Ja,Ja actief en compleet,,,,,,,,,
52,50535,Calcant Vastgoed Makelaars,BARNEVELD,Gelderland,3772CE,27,,info@calcant.nl,VastgoedPRo,Skarabee,01-05-2017,mei-2017,Nee,Koppeling,Jelle,Jelle,✓,Ja compleet,Ja,Ja actief en compleet,,,,,,,,,
53,57492,Caroline de Boer Makelaardij,Den Helder,Noord-Holland,1784WB,nan,,info@carolinedeboer.nl,VastgoedPRo,Skarabee,01-05-2017,mei-2017,Nee,Koppeling,JP,JP,✓,Ja compleet,Ja,Ja actief en compleet,,,,,,,,,
54,49665,Casa Nostra Makelaardij B.V. (Budel),BUDEL,Noord-Brabant,6021CG,1b,,frans.verhoeven@casanostra.nl,VastgoedPRo,Skarabee,01-05-2017,mei-2017,Nee,Koppeling,Jelle,Jelle,✓,Ja compleet,Ja,Ja actief en compleet,,,,,,,,,
55,49391,Casa Nostra Makelaardij b.v. (Someren),SOMEREN,Noord-Brabant,5711AS,37a,,info@casanostra.nl,VastgoedPRo,Skarabee,01-05-2017,mei-2017,Nee,Koppeling,Jelle,Jelle,✓,Ja compleet,Ja,Ja actief en compleet,,,,,,,,,
56,52725,Conduct Vastgoed,Warmond,Zuid-Holland,2361EV,96,,kim.tenkley@conductvastgoed.com,VastgoedPRo,Skarabee,01-05-2017,mei-2017,Nee,Koppeling,JP,JP,✓,Ja compleet,Ja,Ja actief en compleet,,,,,,,,,
57,57421,Constan Bedrijfshuisvesting B.V.,Elst (GLD),Gelderland,6662PP,20,,info@constanbeheer.nl,VastgoedPRo,Skarabee,01-05-2017,mei-2017,Nee,Koppeling,Philip,Jelle,✓,Ja compleet,Ja,Ja actief en compleet,,,,,,,,,
58,56327	,Consten Vastgoed,Heerlen,Limburg,6411BN,2,,bart@consten-vastgoed.nl,VastgoedPRo,Skarabee,01-05-2017,mei-2017,Nee,Koppeling,Jelle,Jelle,✓,Ja compleet,Ja,Ja actief en compleet,,,,,,,,,
59,50717,Coolen Makelaardij & Taxaties B.V.,SCHAIJK,Noord-Brabant,5374BJ,20,,info@coolen-mak.nl,VastgoedPRo,Skarabee,01-05-2017,mei-2017,Nee,Koppeling,Jelle,Jelle,✓,Ja compleet,Ja,Ja actief en compleet,,,,,,,,,
60,49168,Coppers & Partners Makelaardij,PANNINGEN,Limburg,5981AH,9a,,info@coppersenpartners.nl,VastgoedPRo,Skarabee,01-05-2017,mei-2017,Nee,Koppeling,Jelle,Jelle,✓,Ja compleet,Ja,Ja actief en compleet,,,,,,,,,
61,56000,Corporatieportaal.nl,BAARN,Utrecht,3743JN,nan,,info@corporatieportaal.nl,VastgoedPRo,Skarabee,01-05-2017,mei-2017,Nee,Koppeling,Jelle,Jelle,✓,Ja compleet,Ja,Ja actief en compleet,,,,,,,,,
62,53356,Daan Makelaardij,ALMERE,Flevoland,1315HP,62,,d.dejong@daanmakelaardij.nl,VastgoedPRo,Skarabee,01-05-2017,mei-2017,Nee,Koppeling,JP,JP,✓,Ja compleet,Ja,Ja actief en compleet,,,,,,,,,
63,52264,Damoiseaux-Laeven Makelaardij oz,VELDHOVEN,Noord-Brabant,5503KA,nan,,info@dlmakelaardij.nl,VastgoedPRo,Skarabee,01-05-2017,mei-2017,Nee,Koppeling,Jelle,Jelle,✓,Ja compleet,Ja,Ja actief en compleet,,,,,,,,,
64,53399,De Arend ORG B.V,MARUM,Groningen,9363VC,37,,info@dearend.org,VastgoedPRo,Skarabee,01-05-2017,mei-2017,Nee,Koppeling,JP,JP,✓,Ja compleet,Ja,Ja actief en compleet,,,,,,,,,
65,49004,De Bruijn Makelaardij & Assurantiën,GELEEN,Limburg,6161GT,20,,info@de-bruijn.nl,VastgoedPRo,Skarabee,01-05-2017,mei-2017,Nee,Koppeling,Jelle,Jelle,✓,Ja compleet,Ja,Ja actief en compleet,,,,,,,,,
66,60111,De Dijken Agrarische Makelaardij,MIDDENMEER,Noord-Holland,1775TA,115,,info@dedijken.nl,VastgoedPRo,Skarabee,01-05-2017,mei-2017,Nee,Koppeling,JP,JP,✓,Ja compleet,Ja,Ja actief en compleet,,,,,,,,,
67,57493,De Heeren van Steen Vastgoed BV,DEN HAAG,Zuid-Holland,2514LJ,991,,info@heerenvansteen.nl,VastgoedPRo,Skarabee,01-05-2017,mei-2017,Nee,Koppeling,JP,JP,✓,Ja compleet,Ja,Ja actief en compleet,,,,,,,,,
68,53619,Mijn Makelaardij,OSS,Noord-Brabant,5349TG,153,,info@mijn-makelaardij.nl,VastgoedPRo,Skarabee,01-05-2017,mei-2017,Nee,Koppeling,Jelle,Jelle,✓,Ja compleet,Ja,Ja actief en compleet,,,,,,,,,
69,57435,De Leeuwarder Makelaardij,LEEUWARDEN,Friesland,8914AT,52,,info@deleeuwardermakelaardij.nl,VastgoedPRo,Skarabee,01-05-2017,mei-2017,Nee,Koppeling,JP,JP,✓,Ja compleet,Ja,Ja actief en compleet,,,,,,,,,
70,57449,De Makelaar Vincent Vermeulen,HEERHUGOWAARD,Noord-Holland,1704RA,nan,,info@de-makelaar.net,VastgoedPRo,Skarabee,01-05-2017,mei-2017,Nee,Koppeling,JP,JP,✓,Ja compleet,Ja,Ja actief en compleet,,,,,,,,,
71,52698,De Man Makelaardij o.g. en hypotheken B.V.,LEERDAM,Zuid-Holland,4141AV,51,,info@demanmakelaardij.nl,VastgoedPRo,Skarabee,01-05-2017,mei-2017,Nee,Koppeling,Philip,Jelle,✓,Ja compleet,Ja,Ja actief en compleet,,,,,,,,,
72,55271,De Roo Makelaardij,GELDROP,Noord-Brabant,5662AE,36,,info@derootaxaties.nl,VastgoedPRo,Skarabee,01-05-2017,mei-2017,Nee,Koppeling,Jelle,Jelle,✓,Ja compleet,Ja,Ja actief en compleet,,,,,,,,,
73,57429	,De Vos Makelaardij,LEEUWARDEN,Friesland,8938AM,7,,m.devos@devosmakelaardij.nl,VastgoedPRo,Skarabee,01-05-2017,mei-2017,Nee,Koppeling,JP,JP,✓,Ja compleet,Ja,Ja actief en compleet,,,,,,,,,
74,49569,De Vries & De Vlieger Makelaardij,SURHUISTERVEEN,Friesland,9231KW,43318,,info@devriesdevlieger.nl,VastgoedPRo,Skarabee,01-05-2017,mei-2017,Nee,Koppeling,JP,JP,✓,Ja compleet,Ja,Ja actief en compleet,,,,,,,,,
75,49652,De Vries Makelaardij,Veenoord,Drenthe,7833GN,86,,info@devriesmakelaardij.nl,VastgoedPRo,Skarabee,01-05-2017,mei-2017,Nee,Koppeling,Philip,Jelle,✓,Ja compleet,Ja,Ja actief en compleet,,,,,,,,,
76,48817,De Wit Makelaardij,Waalwijk,Noord-Brabant,5141EP,nan,,info@dewitmakelaardij.nl,VastgoedPRo,Skarabee,01-05-2017,mei-2017,Nee,Koppeling,Jelle,Jelle,✓,Ja compleet,Ja,Ja actief en compleet,,,,,,,,,
77,52835,DHVC vastgoedservice,Eindhoven,Noord-Brabant,5611CJ,5-b,,info@dhvc.nl,VastgoedPRo,Skarabee,01-05-2017,mei-2017,Nee,Koppeling,Jelle,Jelle,✓,Ja compleet,Ja,Ja actief en compleet,,,,,,,,,
78,49752,Dirk Hendriks Makelaardij,ROGGEL,Limburg,6088CM,nan,,info@dirkhendriks.nl,VastgoedPRo,Skarabee,01-05-2017,mei-2017,Nee,Koppeling,Jelle,Jelle,✓,Ja compleet,Ja,Ja actief en compleet,,,,,,,,,
79,56355,Doornbos bouwadvies & makelaardij,AALSMEER,Noord-Holland,1432EE,nan,,info@doornbosmakelaardij.nl,VastgoedPRo,Skarabee,01-05-2017,mei-2017,Nee,Koppeling,JP,JP,✓,Ja compleet,Ja,Ja actief en compleet,,,,,,,,,
80,50216,Doornbosch Clevering Makelaardij,UITHUIZEN,Groningen,9981CJ,15,,info@doornbosch-clevering.nl,VastgoedPRo,Skarabee,01-05-2017,mei-2017,Nee,Koppeling,JP,JP,✓,Ja compleet,Ja,Ja actief en compleet,,,,,,,,,
81,60113,Douwes Makelaardij,AMSTERDAM,Noord-Holland,1033TJ,68,,hildedouwes@hotmail.com,VastgoedPRo,Skarabee,01-05-2017,mei-2017,Nee,Koppeling,JP,JP,✓,Ja compleet,Ja,Ja actief en compleet,,,,,,,,,
82,50539,Duvekot Makelaardij & Taxateur O.G.,VROUWENPOLDER,Zeeland,4354BD,35,,info@duvekotmakelaardij.nl,VastgoedPRo,Skarabee,01-05-2017,mei-2017,Nee,Koppeling,Jelle,Jelle,✓,Ja compleet,Ja,Ja actief en compleet,,,,,,,,,
83,50096,Ed Hillenaar Makelaardij,EMMEN,Drenthe,7811H,25,,info@dehuizentaxateur.nl,VastgoedPRo,Skarabee,01-05-2017,mei-2017,Nee,Koppeling,Philip,Jelle,✓,Ja compleet,Ja,Ja actief en compleet,,,,,,,,,
84,56464,Eerden Makelaardij & Taxatie,NIJMEGEN,Gelderland,6515CJ,nan,,info@eerdenmakelaardij.nl,VastgoedPRo,Skarabee,01-05-2017,mei-2017,Nee,Koppeling,Philip,Jelle,✓,Ja compleet,Ja,Ja actief en compleet,,,,,,,,,
85,50305,EMKA-makelaardij,AUGUSTINUSGA,Friesland,9284XL,20,,mieke@emkamakelaardij.nl,VastgoedPRo,Skarabee,01-05-2017,mei-2017,Nee,Koppeling,JP,JP,✓,Ja compleet,Ja,Ja actief en compleet,,,,,,,,,
86,56351,Enting Makelaardij,Nieuwe Pekela,Groningen,9663AV,16,,info@entingmakelaardij.nl,VastgoedPRo,Skarabee,01-05-2017,mei-2017,Nee,Koppeling,JP,JP,✓,Ja compleet,Ja,Ja actief en compleet,,,,,,,,,
87,55945,Equidomo,Cothen,Utrecht,3945BC,3a,,info@equidomo.nl,VastgoedPRo,Skarabee,01-05-2017,mei-2017,Nee,Koppeling,Jelle,Jelle,✓,Ja compleet,Ja,Ja actief en compleet,,,,,,,,,
88,57439,Essentieel Wonen,Den Bosch,Noord-Brabant,5211EJ,nan,,info@essentieelwonen.nl,VastgoedPRo,Skarabee,01-05-2017,mei-2017,Nee,Koppeling,Jelle,Jelle,✓,Ja compleet,Ja,Ja actief en compleet,,,,,,,,,
89,48785,Estate Makelaar B.V,Hendrik Ido Ambacht,Zuid-Holland,3342GR,6b,,info@estatemakelaar.nl,VastgoedPRo,Skarabee,01-05-2017,mei-2017,Nee,Koppeling,Jelle,Jelle,✓,Ja compleet,Ja,Ja actief en compleet,,,,,,,,,
90,57436,EV Wonen Makelaardij,Heerhugowaard,Noord-Holland,1703RZ,88,,info@evwonen.nl,VastgoedPRo,Skarabee,01-05-2017,mei-2017,Nee,Koppeling,JP,JP,✓,Ja compleet,Ja,Ja actief en compleet,,,,,,,,,
91,55422,Evelien Ploegmakers Makelaardij,OSS,Noord-Brabant,5345AE,126,,info@evelienploegmakers.nl,VastgoedPRo,Skarabee,01-05-2017,mei-2017,Nee,Koppeling,Jelle,Jelle,✓,Ja compleet,Ja,Ja actief en compleet,,,,,,,,,
92,48983,Evers Makelaardij o.z.,BOSSCHENHOOFD,Noord-Brabant,4744BC,nan,,info@evers-makelaardij.nl,VastgoedPRo,Skarabee,01-05-2017,mei-2017,Nee,Koppeling,Jelle,Jelle,✓,Ja compleet,Ja,Ja actief en compleet,,,,,,,,,
93,57035,FBL HOUSING SOLUTIONS GROUP B.V.,Oosterhout (nb),Noord-Brabant,4906EZ,83,,info@ligtvoetvastgoed.nl,VastgoedPRo,Skarabee,01-05-2017,mei-2017,Nee,Koppeling,Jelle,Jelle,✓,Ja compleet,Ja,Ja actief en compleet,,,,,,,,,
94,55243,FidesWonen,MIDDELHARNIS,Zuid-Holland,3241KA,10,,pvanderwaal@fideswonen.nl,VastgoedPRo,Skarabee,01-05-2017,mei-2017,Nee,Koppeling,Jelle,Jelle,✓,Ja compleet,Ja,Ja actief en compleet,,,,,,,,,
95,52669,Flexmakelaar,HILVERSUM,Noord-Holland,1217KP,11,,info@flexmakelaar.nu,VastgoedPRo,Skarabee,01-05-2017,mei-2017,Nee,Koppeling,JP,JP,✓,Ja compleet,Ja,Ja actief en compleet,,,,,,,,,
96,56742,FLOW Makelaars,Eindhoven,Noord-Brabant,5611CB,161,,info@flowmakelaars.nl,VastgoedPRo,Skarabee,01-05-2017,mei-2017,Nee,Koppeling,Jelle,Jelle,✓,Ja compleet,Ja,Ja actief en compleet,,,,,,,,,
97,57450,For Sale Makelaardij,APPELSCHA,Friesland,8426LE,12,,info@forsalemakelaardij.nl,VastgoedPRo,Skarabee,01-05-2017,mei-2017,Nee,Koppeling,JP,JP,✓,Ja compleet,Ja,Ja actief en compleet,,,,,,,,,
98,60117,FrisoXpert,Amstelveen,Noord-Holland,1186HW,16,,info@frisoxpert.com,VastgoedPRo,Skarabee,01-05-2017,mei-2017,Nee,Koppeling,JP,JP,✓,Ja compleet,Ja,Ja actief en compleet,,,,,,,,,
99,50613,Frissen Woonadvies en Taxaties o.g.,NEDERWEERT,Limburg,6031ED,10,,info@frissenwoonadvies.nl,VastgoedPRo,Venum,01-05-2017,mei-2017,Nee,Koppeling,Jelle,Jelle,✓,Ja compleet,Ja,Ja actief en compleet,,,,,,,,,
100,56113,Fryslân Homes,HEERENVEEN,Friesland,8445SE,nan,,info@fryslanhomes.frl,VastgoedPRo,Skarabee,01-05-2017,mei-2017,Nee,Koppeling,JP,JP,✓,Ja compleet,Ja,Ja actief en compleet,,,,,,,,,
101,49992,Geers Makelaardij en Taxatiebureau bv,PUTTE,Noord-Brabant,4631HH,59,,info@geersmakelaardij.nl,VastgoedPRo,Skarabee,01-05-2017,mei-2017,Nee,Koppeling,Jelle,Jelle,✓,Ja compleet,Ja,Ja actief en compleet,Verstuurd,,,Ja,Ja DvD,13-6-2018,http://www.geersmakelaardij.nl/,https://www.pararius.nl/,
102,49837,Geld en Makelaardij,LIEMPDE,Noord-Brabant,5298CL,30,,info@geldenmakelaardij.nl,VastgoedPRo,Skarabee,01-05-2017,mei-2017,Nee,Koppeling,Jelle,Jelle,✓,Ja compleet,Ja,Ja actief en compleet,,,,,,,,,
103,57495,Gerard van Schepen,ZWOLLE,Overijssel,8011EB,2C,,gvanschepen@ziggo.nl,VastgoedPRo,Skarabee,01-05-2017,mei-2017,Nee,Koppeling,Philip,JP,✓,Ja compleet,Ja,Ja actief en compleet,,,,,,,,,
104,49912,Gerard Vos Makelaardij en Taxaties,NEDERHEMERT,Gelderland,5317KR,2a,,info@gerardvosmakelaardij.nl,VastgoedPRo,Skarabee,01-05-2017,mei-2017,Nee,Koppeling,Jelle,Jelle,✓,Ja compleet,Ja,Ja actief en compleet,,,,,,,,,
105,50116,Gerry Kanters Makelaardij,Asten,Noord-Brabant,5721VX,10,,info@gerrykantersmakelaardij.nl,VastgoedPRo,Skarabee,01-05-2017,mei-2017,Nee,Koppeling,Jelle,Jelle,✓,Ja compleet,Ja,Ja actief en compleet,,,,,,,,,
106,49724,Gijsen Makelaardij en Taxaties,Koningslust,Limburg,5984NV,27,,william@gijsenmakelaardij.nl,VastgoedPRo,Skarabee,01-05-2017,mei-2017,Nee,Koppeling,Jelle,Jelle,✓,Ja compleet,Ja,Ja actief en compleet,,,,,,,,,
107,49362,Godfried van der Linden Makelaar O.G.,EINDHOVEN,Noord-Brabant,5613BB,85a,,info@vanderlindenmakelaar.nl,VastgoedPRo,Skarabee,01-05-2017,mei-2017,Nee,Koppeling,Jelle,Jelle,✓,Ja compleet,Ja,Ja actief en compleet,,,,,,,,,
108,49486,Goedvastgoed B.V.,LUNTEREN,Gelderland,6741AB,47,,lunteren@goedvastgoed.nl,VastgoedPRo,Skarabee,01-05-2017,mei-2017,Nee,Koppeling,Philip,Jelle,✓,Ja compleet,Ja,Ja actief en compleet,,,,,,,,,
109,53502,Goorhuis Makelaardij,PUTTEN,Gelderland,3885MT,10,,info@goorhuismakelaardij.nl,VastgoedPRo,Skarabee,01-05-2017,mei-2017,Nee,Koppeling,Jelle,Jelle,✓,Ja compleet,Ja,Ja actief en compleet,,,,,,,,,
110,48888,Groene Hart Huizen,OUDEWATER,Utrecht,3421CT,nan,,info@groeneharthuizen.nl,VastgoedPRo,Skarabee,01-05-2017,mei-2017,Nee,Koppeling,JP,JP,✓,Ja compleet,Ja,Ja actief en compleet,,,,,,,,,
111,57496,Guido Smeets Makelaardij,NUTH,Limburg,6361VB,nan,,info@smeetsmakelaardij.nl,VastgoedPRo,Skarabee,01-05-2017,mei-2017,Nee,Koppeling,Jelle,Jelle,✓,Ja compleet,Ja,Ja actief en compleet,,,,,,,,,
112,57497,Habets & Straten Makelaars/Taxateurs o.g,HEERLEN,Limburg,6412PE,100,,info@hens.nl,VastgoedPRo,Skarabee,01-05-2017,mei-2017,Nee,Koppeling,Jelle,Jelle,✓,Ja compleet,Ja,Ja actief en compleet,,,,,,,,,
113,51355,Harrie van Dongen Taxateur en Makelaar,ZEELAND,Noord-Brabant,5411RA,nan,,harrie.van.dongen@hetnet.nl,VastgoedPRo,Skarabee,01-05-2017,mei-2017,Nee,Koppeling,Jelle,Jelle,✓,Ja compleet,Ja,Ja actief en compleet,,,,,,,,,
114,50733,Hatéka assurantie- en makelaarskantoor,HOEK,Zeeland,4543BH,12-13,,makelaardij@hateka.nl,VastgoedPRo,Skarabee,01-05-2017,mei-2017,Nee,Koppeling,Jelle,Jelle,✓,Ja compleet,Ja,Ja actief en compleet,,,,,,,,,
115,50199,Heemstede Makelaardij,HEEMSTEDE,Noord-Holland,2103VK,30,,info@heemstedemakelaardij.nl,VastgoedPRo,Skarabee,01-05-2017,mei-2017,Nee,Koppeling,JP,JP,✓,Ja compleet,Ja,Ja actief en compleet,,,,,,,,,
116,49000,Helmig Makelaardij & Taxatieburo o/z,Halsteren,Noord-Brabant,4661HN,107,,info@helmigmakelaardij.nl,VastgoedPRo,Skarabee,01-05-2017,mei-2017,Nee,Koppeling,Jelle,Jelle,✓,Ja compleet,Ja,Ja actief en compleet,,,,,,,,,
117,61224,Hennie van Vliet Makelaardij,SCHOONHOVEN,Zuid-Holland,2871MB,15,,hennievanvliet61@gmail.com,VastgoedPRo,Skarabee,01-05-2017,mei-2017,Nee,Koppeling,JP,JP,✓,Ja compleet,Ja,Ja actief en compleet,,,,,,,,,
118,60118,Henny Bos Housing BV,Dordrecht,Zuid-Holland,3312CK,15,,gemma@hennyboshousing.nl,VastgoedPRo,Skarabee,01-05-2017,mei-2017,Nee,Koppeling,Jelle,Jelle,✓,Ja compleet,Ja,Ja actief en compleet,,,,,,,,,
119,55868,Henny Elbers Makelaardij,GREVENBICHT,Limburg,6127AB,43333,,info@hennyelbers.nl,VastgoedPRo,Skarabee,01-05-2017,mei-2017,Nee,Koppeling,Jelle,Jelle,✓,Ja compleet,Ja,Ja actief en compleet,,,,,,,,,
120,49543,Henri Kox Makelaardij,VELDHOVEN,Noord-Brabant,5501LD,42,,info@henrikox.nl,VastgoedPRo,Skarabee,01-05-2017,mei-2017,Nee,Koppeling,Jelle,Jelle,✓,Ja compleet,Ja,Ja actief en compleet,,,,,,,,,
121,50245,Herman Van As Makelaardij,GENEMUIDEN,Overijssel,8281GR,20,,info@hvamakelaardij.nl,VastgoedPRo,Skarabee,01-05-2017,mei-2017,Nee,Koppeling,JP,JP,✓,Ja compleet,Ja,Ja actief en compleet,,,,,,,,,
122,48880,Herreveld & de Vogel Makelaardij O.G.,Bergambacht,Zuid-Holland,2861XE,21a,,info@herrevelddevogel.nl,VastgoedPRo,Skarabee,01-05-2017,mei-2017,Nee,Koppeling,JP,JP,✓,Ja compleet,Ja,Ja actief en compleet,,,,,,,,,
123,60137,Hettema Bedrijfshuisvesting,HELMOND,Noord-Brabant,5707LC,81,,info@hettemabhv.nl,VastgoedPRo,Skarabee,01-05-2017,mei-2017,Nee,Koppeling,Jelle,Jelle,✓,Ja compleet,Ja,Ja actief en compleet,,,,,,,,,
124,49150,Hettema Wonen-op-Water,JOURE,Friesland,8502AE,nan,,info@wonen-op-water.nl,Onafhankelijk,Realworks,01-05-2017,mei-2017,Nee,Koppeling,JP,JP,✓,Ja compleet,Ja,Ja actief en compleet,,,,,,,,,
125,57440,Heykens Makelaardij o.g.,Elsloo (LB),Limburg,6181AS,14B,,info@heykens.nl,VastgoedPRo,Skarabee,01-05-2017,mei-2017,Nee,Koppeling,Jelle,Jelle,✓,Ja compleet,Ja,Ja actief en compleet,,,,,,,,,
126,52159,HMJ Makelaardij,ROTTERDAM,Zuid-Holland,3067LA,67,,info@hmj.nl,VastgoedPRo,Skarabee,01-05-2017,mei-2017,Nee,Koppeling,JP,JP,✓,Ja compleet,Ja,Ja actief en compleet,,,,,,,,,
127,58650,Hoekstra Landgoed,DONKERBROEK,Friesland,8435WZ,140,,info@hoekstralandgoed.nl,VastgoedPRo,Skarabee,01-05-2017,mei-2017,Nee,Koppeling,JP,JP,✓,Ja compleet,Ja,Ja actief en compleet,,,,,,,,,
128,50432,Hoekstra Makelaardij b.v.,URK,Flevoland,8321GD,4 22,,makelaardij@hoekstra-urk.nl,VastgoedPRo,Skarabee,01-05-2017,mei-2017,Nee,Koppeling,JP,JP,✓,Ja compleet,Ja,Ja actief en compleet,,,,,,,,,
129,50046,Hofrijck Rentmeesters,Goor,Overijssel,7451JD,nan,,info@hofrijck.nl,VastgoedPRo,Skarabee,01-05-2017,mei-2017,Nee,Koppeling,Philip,Jelle,✓,Ja compleet,Ja,Ja actief en compleet,,,,,,,,,
130,50341,Hoitink Makelaardij en Taxaties,BORNERBROEK,Overijssel,7627NS,33,,info@hoitinkmakelaardij.nl,VastgoedPRo,Skarabee,01-05-2017,mei-2017,Nee,Koppeling,Philip,Jelle,✓,Ja compleet,Ja,Ja actief en compleet,,,,,,,,,
131,57437,Hol & Pol Makelaardij,Zeewolde,Flevoland,3892DG,24G,,jan@holenpol.nl,VastgoedPRo,Skarabee,01-05-2017,mei-2017,Nee,Koppeling,Jelle,Jelle,✓,Ja compleet,Ja,Ja actief en compleet,,,,,,,,,
132,49399,Holter Makelaardij & Taxaties,ALMELO,Overijssel,7609RD,nan,,info@holtermakelaardij.nl,VastgoedPRo,Skarabee,01-05-2017,mei-2017,Nee,Koppeling,Philip,Jelle,✓,Ja compleet,Ja,Ja actief en compleet,,,,,,,,,
133,50880,Homerun Makelaars BV,DEN HAAG,Zuid-Holland,2582EW,nan,,info@homerun.nl,VastgoedPRo,Skarabee,01-05-2017,mei-2017,Nee,Koppeling,JP,JP,✓,Ja compleet,Ja,Ja actief en compleet,,,,,,,,,
134,48833,Hoogedoorn Verhoef Makelaardij o.z.,VUGHT,Noord-Brabant,5263EC,181,,info@hoogedoornverhoef.nl,VastgoedPRo,Skarabee,01-05-2017,mei-2017,Nee,Koppeling,Jelle,Jelle,✓,Ja compleet,Ja,Ja actief en compleet,,,,,,,,,
135,50030,Hopmans & Geense Makelaardij o.g. BV,THOLEN,Zeeland,4691BT,nan,,h.hopmans@hopmansengeense.nl,VastgoedPRo,Skarabee,01-05-2017,mei-2017,Nee,Koppeling,Jelle,Jelle,✓,Ja compleet,Ja,Ja actief en compleet,,,,,,,,,
136,57500,Horbach Taxaties en Makelaardij oz BV,HEERLEN,Limburg,6415AH,36,,info@horbach.nl,VastgoedPRo,Skarabee,01-05-2017,mei-2017,Nee,Koppeling,Jelle,Jelle,✓,Ja compleet,Ja,Ja actief en compleet,,,,,,,,,
137,50423,Hornman Makelaars,PRINSENBEEK,Noord-Brabant,4841GC,24a,,info@hornmanmakelaars.nl,VastgoedPRo,Skarabee,01-05-2017,mei-2017,Nee,Koppeling,Jelle,Jelle,✓,Ja compleet,Ja,Ja actief en compleet,,,,,,,,,
138,49750,Houben Makelaardij,MAASTRICHT,Limburg,6212HB,27,,info@houbenmakelaardij.nl,VastgoedPRo,Skarabee,01-05-2017,mei-2017,Nee,Koppeling,Jelle,Jelle,✓,Ja compleet,Ja,Ja actief en compleet,,,,,,,,,
139,48804,Houtman & de Vogel Makelaardij VOF,ALPHEN AAN DEN RIJN,Zuid-Holland,2408BA,nan,,info@houtmanendevogel.nl,VastgoedPRo,Skarabee,01-05-2017,mei-2017,Nee,Koppeling,JP,JP,✓,Ja compleet,Ja,Ja actief en compleet,,,,,,,,,
140,49834,Huijers Vastgoed Makelaardij,BUDEL,Noord-Brabant,6021HS,28B,,info@huijersvastgoed.nl,VastgoedPRo,Skarabee,01-05-2017,mei-2017,Nee,Koppeling,Jelle,Jelle,✓,Ja gedeeltelijk,Nee,Ja nog niet compleet,,,,,,,,,
141,49558,HuisDigitaal.nl,HERTEN,Limburg,6049MB,12,,aanvraag@huisdigitaal.nl,VastgoedPRo,Skarabee,01-05-2017,mei-2017,Nee,Koppeling,Jelle,Jelle,✓,Ja compleet,Ja,Ja actief en compleet,,,,,,,,,
142,57056,Huizonline.nl Nederland,GOES,Zeeland,4462GC,104,,info@huizonline.nl,VastgoedPRo,Skarabee,01-05-2017,mei-2017,Nee,Koppeling,Jelle,Jelle,✓,Ja compleet,Ja,Ja actief en compleet,,,,,,,,,
143,49872,Hulsmann & Pesie makelaars o.z.,Ede (GLD),Gelderland,6711PJ,29,,mail@hulsmann.nl,VastgoedPRo,Venum,01-05-2017,mei-2017,Nee,Koppeling,Philip,Jelle,✓,Ja compleet,Ja,Ja actief en compleet,,,,,,,,,
144,49035,Hulstkamp Makelaars B.V.,ROTTERDAM,Zuid-Holland,3061DG,98,,info@hulstkampgroep.nl,VastgoedPRo,Skarabee,01-05-2017,mei-2017,Nee,Koppeling,JP,JP,✓,Ja compleet,Ja,Ja actief en compleet,,,,,,,,,
145,56782,In Beeld Makelaardij,Nijmegen,Gelderland,6524JA,12,,rogier@inbeeldmakelaardij.nl,VastgoedPRo,Skarabee,01-05-2017,mei-2017,Nee,Koppeling,Philip,Jelle,✓,Ja compleet,Ja,Ja actief en compleet,,,,,,,,,
146,53398,In de Roos Makelaardij,Roosendaal,Noord-Brabant,4706AM,72,,info@inderoosmakelaardij.nl,VastgoedPRo,Skarabee,01-05-2017,mei-2017,Nee,Koppeling,Jelle,Jelle,✓,Ja compleet,Ja,Ja actief en compleet,,,,,,,,,
147,49936,Ing. Jan Duin Makelaardij,DEN BURG,Noord-Holland,1791DB,51,,info@janduinmakelaardij.nl,VastgoedPRo,Skarabee,01-05-2017,mei-2017,Nee,Koppeling,JP,JP,✓,Ja compleet,Ja,Ja actief en compleet,,,,,,,,,
148,53383,Ingrid Habig Makelaardij,CULEMBORG,Gelderland,4105LA,nan,,info@ingridhabigmakelaardij.nl,VastgoedPRo,Venum,01-05-2017,mei-2017,Nee,Koppeling,Philip,Jelle,✓,Ja compleet,Ja,Ja actief en compleet,,,,,,,,,
149,50120,Intermij Makelaars b.v.,Den Bosch,Noord-Brabant,5224AP,24,,info@intermij.nl,VastgoedPRo,Skarabee,01-05-2017,mei-2017,Nee,Koppeling,Jelle,Jelle,✓,Ja compleet,Ja,Ja actief en compleet,Verstuurd,,,Ja,Ja DvD,31-7,https://www.intermij.nl/,https://www.pararius.nl/makelaars/den-bosch/intermij-makelaars-b-v,
150,49621,Intrahuis Makelaars BV,HEERJANSDAM,Zuid-Holland,2995BH,nan,,info@intrahuis.nl,VastgoedPRo,Skarabee,01-05-2017,mei-2017,Nee,Koppeling,JP,JP,✓,Ja compleet,Ja,Ja actief en compleet,,,,,,,,,
151,60103,Geerts van Oijen Makelaars - Taxateurs,Gemert,Noord-Brabant,5421CG,nan,,info@geertsvanoijen.nl,VastgoedPRo,Realworks,01-05-2017,mei-2017,Nee,Koppeling,Jelle,Jelle,✓,Ja compleet,Ja,Ja actief en compleet,Verstuurd,,3,Ja,Ja DvD,5-12-2018,https://www.geertsvanoijen.nl/,https://www.pararius.nl/makelaars/gemert/geerts-van-oijen-makelaars-taxateurs,
152,60138,Joep Makelaardij,Berghem,Noord-Brabant,5351AL,33,,loosbroek14@hotmail.com,VastgoedPRo,Skarabee,01-05-2017,mei-2017,Nee,Koppeling,Jelle,Jelle,✓,Ja compleet,Ja,Ja actief en compleet,,,,,,,,,
153,50380,Johan van Boxtel Makelaardij,BOXTEL,Noord-Brabant,5281LN,nan,,informatie@johanvanboxtelmakelaardij.nl,VastgoedPRo,Skarabee,01-05-2017,mei-2017,Nee,Koppeling,Jelle,Jelle,✓,Ja compleet,Ja,Ja actief en compleet,,,,,,,,,
154,49192,John Driessens Makelaardij,Beek (LB),Limburg,6191JH,16 B,,info@driessensmakelaardij.nl,VastgoedPRo,Skarabee,01-05-2017,mei-2017,Nee,Koppeling,Jelle,Jelle,✓,Ja compleet,Ja,Ja actief en compleet,,,,,,,,,
155,50559,John Nicolai Makelaardij,CADIER EN KEER,Limburg,6267AB,32 A,,johnnicolaimakelaardij@home.nl,VastgoedPRo,Skarabee,01-05-2017,mei-2017,Nee,Koppeling,Jelle,Jelle,✓,Ja compleet,Ja,Ja actief en compleet,,,,,,,,,
156,57428,Jonkers Makelaardij,BOEKEL,Noord-Brabant,5427BC,nan,,info@jonkers-makelaardij.nl,VastgoedPRo,Skarabee,01-05-2017,mei-2017,Nee,Koppeling,Jelle,Jelle,✓,Ja compleet,Ja,Ja actief en compleet,,,,,,,,,
157,60180,Jurgens & Van Bemmelen,TILBURG,Noord-Brabant,5017AL,69,,mjurgens@home.nl,VastgoedPRo,Skarabee,01-05-2017,mei-2017,Nee,Koppeling,Jelle,Jelle,✓,Ja compleet,Ja,Ja actief en compleet,,,,,,,,,
158,61511,Katja Wijlaars Makelaardij,WAALRE,Noord-Brabant,5581VH,nan,,Katja@wijlaarsmakelaardij.nl,VastgoedPRo,Skarabee,01-05-2017,mei-2017,Nee,Koppeling,Jelle,Jelle,✓,Ja compleet,Ja,Ja actief en compleet,,,,,,,,,
159,53650,Kempenburg Intermediair B.V.,TILBURG,Noord-Brabant,5014HH,81,,info@kempenburg.nl,VastgoedPRo,Skarabee,01-05-2017,mei-2017,Nee,Koppeling,Jelle,Jelle,✓,Ja compleet,Ja,Ja actief en compleet,,,,,,,,,
160,49440,Kierkels  & Hensen Vastgoed BV,Weert,Limburg,6093PT,36,,pascal@kierkels-hensen.nl,VastgoedPRo,Skarabee,01-05-2017,mei-2017,Nee,Koppeling,Jelle,Jelle,✓,Ja compleet,Ja,Ja actief en compleet,,,,,,,,,
161,57026,KIJK! Onze makelaar,ROTTERDAM,Zuid-Holland,3059TV,nan,,info@kijkonzemakelaar.nl,VastgoedPRo,Skarabee,01-05-2017,mei-2017,Nee,Koppeling,JP,JP,✓,Ja compleet,Ja,Ja actief en compleet,,,,,,,,,
162,57502,KKG Adviseurs,AMERSFOORT,Utrecht,3818HN,23,,w.jacobs@kkgkka.nl,VastgoedPRo,Skarabee,01-05-2017,mei-2017,Nee,Koppeling,Jelle,Jelle,✓,Ja compleet,Ja,Ja actief en compleet,,,,,,,,,
163,56027,Klein Hesselink Makelaars,ZELHEM,Gelderland,7021CG,nan,,info@kleinhesselinkmakelaars.nl,VastgoedPRo,Skarabee,01-05-2017,mei-2017,Nee,Koppeling,Philip,Jelle,✓,Ja compleet,Ja,Ja actief en compleet,,,,,,,,,
164,49836,Knepflé & van der Mee Makelaars en Taxateurs,WAALWIJK,Noord-Brabant,5141GH,110,,info@knepflevandermee.nl,VastgoedPRo,Skarabee,01-05-2017,mei-2017,Nee,Koppeling,Jelle,Jelle,✓,Ja compleet,Ja,Ja actief en compleet,,,,,,,,,
165,49729,Koetsenruyter Makelaardij o.g.,Steenbergen (NB),Noord-Brabant,4651BN,nan,,info@koetsenruyter.nl,VastgoedPRo,Skarabee,01-05-2017,mei-2017,Nee,Koppeling,Jelle,Jelle,✓,Ja compleet,Ja,Ja actief en compleet,,,,,,,,,
166,49638,Kok & Heijkamp Makelaars - Nunspeet,NUNSPEET,Gelderland,8071CM,16,,info@kok-heijkamp.nl,VastgoedPRo,Skarabee,01-05-2017,mei-2017,Nee,Koppeling,Philip,JP,✓,Ja compleet,Ja,Ja actief en compleet,,,,,,,,,
167,57672,Kok & Heijkamp Makelaars - 't Harde,t Harde,Gelderland,8084HJ,70,,tharde@kok-heijkamp.nl,VastgoedPRo,Skarabee,01-05-2017,mei-2017,Nee,Koppeling,Philip,JP,✓,Ja compleet,Ja,Ja actief en compleet,,,,,,,,,
168,50418,Korteweg & Co B.V.,BREDA,Noord-Brabant,4825AM,nan,,info@kortewegco.nl,VastgoedPRo,Skarabee,01-05-2017,mei-2017,Nee,Koppeling,Jelle,Jelle,✓,Ja compleet,Ja,Ja actief en compleet,,,,,,,,,
169,50296,Koudijs Makelaardij Ameland,NES AMELAND,Friesland,9163HE,18,,info@koudijs-ameland.nl ,VastgoedPRo,Skarabee,01-05-2017,mei-2017,Nee,Koppeling,JP,JP,✓,Ja compleet,Ja,Ja actief en compleet,,,,,,,,,
170,49969,Kramer Makelaars,KAPELLE,Zeeland,4421CZ,nan,,info@kramermakelaars.nl,VastgoedPRo,Skarabee,01-05-2017,mei-2017,Nee,Koppeling,Jelle,Jelle,✓,Ja compleet,Ja,Ja actief en compleet,,,,,,,,,
171,49204,Krikken Makelaardij,NIJVERDAL,Overijssel,7443BN,150,,uwmakelaar@krikkenmakelaardij.nl,VastgoedPRo,Skarabee,01-05-2017,mei-2017,Nee,Koppeling,Philip,Jelle,✓,Ja compleet,Ja,Ja actief en compleet,,,,,,,,,
172,57504,Kronenburg Makelaardij,BEST,Noord-Brabant,5684LW,13,,info@kronenburgmakelaardij.nl,VastgoedPRo,Skarabee,01-05-2017,mei-2017,Nee,Koppeling,Jelle,Jelle,✓,Ja compleet,Ja,Ja actief en compleet,,,,,,,,,
173,50514,Kroon Makelaardij,VENRAY,Limburg,5801LD,23,,info@kroonmakelaardij.nl,VastgoedPRo,Skarabee,01-05-2017,mei-2017,Nee,Koppeling,Jelle,Jelle,✓,Ja compleet,Ja,Ja actief en compleet,,,,,,,,,
174,51086,Lancyr Mutsaers makelaardij,TILBURG,Noord-Brabant,5004BJ,1357,,info@mutsaers.lancyr.nl,VastgoedPRo,Skarabee,01-05-2017,mei-2017,Nee,Koppeling,Jelle,Jelle,✓,Ja compleet,Ja,Ja actief en compleet,,,,,,,,,
175,51475,Landelijk-wonen.nl - Deurningen (AgriTeam),DEURNINGEN,Overijssel,7561RV,51,,deurningen@landelijk-wonen.nl,VastgoedPRo,Skarabee,01-05-2017,mei-2017,Nee,Koppeling,Philip,Jelle,✓,Ja compleet,Ja,Ja actief en compleet,,,,,,,,,
176,51536,Landelijk-wonen.nl - Emmeloord (AgriTeam),EMMELOORD,Flevoland,8305BB,nan,,flevoland@landelijk-wonen.nl,VastgoedPRo,Skarabee,01-05-2017,mei-2017,Nee,Koppeling,JP,JP,✓,Ja compleet,Ja,Ja actief en compleet,,,,,,,,,
177,51470,Landelijk-wonen.nl - Heel (AgriTeam),HEEL,Limburg,6097EK,33,,vin@agriteam.nl,VastgoedPRo,Skarabee,01-05-2017,mei-2017,Nee,Koppeling,Jelle,Jelle,✓,Ja compleet,Ja,Ja actief en compleet,,,,,,,,,
178,51469,Landelijk-wonen.nl - Noord-Holland (AgriTeam),STOMPETOREN,Noord-Holland,1841HA,30,,noordholland@landelijk-wonen.nl,VastgoedPRo,Skarabee,01-05-2017,mei-2017,Nee,Koppeling,JP,JP,✓,Ja compleet,Ja,Ja actief en compleet,,,,,,,,,
179,51473,Landelijk-wonen.nl - Olst-Wijhe (AgriTeam),OLST,Overijssel,8121PT,16A,,olst-wijhe@agriteam.nl,VastgoedPRo,Skarabee,01-05-2017,mei-2017,Nee,Koppeling,Philip,Jelle,✓,Ja compleet,Ja,Ja actief en compleet,,,,,,,,,
180,51476,Landelijk-wonen.nl - Sint Anthonis (AgriTeam),Sint Anthonis,Noord-Brabant,2611RJ,43,,sintanthonis@agriteam.nl,VastgoedPRo,Skarabee,01-05-2017,mei-2017,Nee,Koppeling,Jelle,Jelle,✓,Ja compleet,Ja,Ja actief en compleet,,,,,,,,,
181,51466,Landelijk-wonen.nl - Uithuizen (AgriTeam),UITHUIZEN,Groningen,9981TJ,61,,uithuizen@landelijk-wonen.nl,VastgoedPRo,Skarabee,01-05-2017,mei-2017,Nee,Koppeling,JP,JP,✓,Ja compleet,Ja,Ja actief en compleet,,,,,,,,,
182,60139,Landelijk-wonen.nl - Woudrichem (AgriTeam),SLEEUWIJK,Noord-Brabant,4254XP,25,,woudrichem@landelijk-wonen.nl,VastgoedPRo,Skarabee,01-05-2017,mei-2017,Nee,Koppeling,Jelle,Jelle,✓,Ja compleet,Ja,Ja actief en compleet,,,,,,,,,
183,51478,Landelijk-wonen.nl - Zuidlaren (AgriTeam),ZUIDLAREN,Drenthe,9471KV,32,,zuidlaren@landelijk-wonen.nl,VastgoedPRo,Skarabee,01-05-2017,mei-2017,Nee,Koppeling,Philip,JP,✓,Ja compleet,Ja,Ja actief en compleet,,,,,,,,,
184,51471,Landelijk-wonen.nl - Zuid-Oost Drenthe (AgriTeam),DALEN,Drenthe,7751DZ,nan,,dalen@landelijk-wonen.nl,VastgoedPRo,Skarabee,01-05-2017,mei-2017,Nee,Koppeling,Philip,Jelle,✓,Ja compleet,Ja,Ja actief en compleet,,,,,,,,,
185,49914,Landerijenbureau Kromhof-Pullen,Hengelo (OV),Overijssel,7550BG,61,,info@kromhofpullen.nl,VastgoedPRo,Skarabee,01-05-2017,mei-2017,Nee,Koppeling,Philip,Jelle,✓,Ja compleet,Ja,Ja actief en compleet,,,,,,,,,
186,57505,Lazeroms Makelaardij & Meer,Etten Leur,Noord-Brabant,4872BE,nan,,info@lazeromsmakelaardij.nl,VastgoedPRo,Skarabee,01-05-2017,mei-2017,Nee,Koppeling,Jelle,Jelle,✓,Ja compleet,Ja,Ja actief en compleet,,,,,,,,,
187,49675,Lenders Makelaardij en Taxaties o.z.,BAEXEM,Limburg,6095N,nan,,info@lenders-makelaardij.com,VastgoedPRo,Skarabee,01-05-2017,mei-2017,Nee,Koppeling,Jelle,Jelle,✓,Ja compleet,Ja,Ja actief en compleet,,,,,,,,,
188,57506,Leon Makelaar en Taxateur,HEERLEN,Limburg,6419BD,31,,info@leonmakelaar.nl,VastgoedPRo,Skarabee,01-05-2017,mei-2017,Nee,Koppeling,Jelle,Jelle,✓,Ja compleet,Ja,Ja actief en compleet,,,,,,,,,
189,60120,Lijdsman Makelaardij,Laren (NH),Noord-Holland,1251LD,50,,veroniquelijdsman@gmail.com,VastgoedPRo,Skarabee,01-05-2017,mei-2017,Nee,Koppeling,JP,JP,✓,Ja compleet,Ja,Ja actief en compleet,,,,,,,,,
190,53454,Lindenhorst Makelaardij en Taxateurs,RAALTE,Overijssel,8101AN,32B,,info@lindenhorst.com,VastgoedPRo,Skarabee,01-05-2017,mei-2017,Nee,Koppeling,Philip,Jelle,✓,Ja compleet,Ja,Ja actief en compleet,,,,,,,,,
191,48874,Linger Onroerend Goed,AMSTERDAM,Noord-Holland,1016TM,nan,,info@lingeronroerendgoed.com,VastgoedPRo,Skarabee,01-05-2017,mei-2017,Nee,Koppeling,JP,JP,✓,Ja compleet,Ja,Ja actief en compleet,,,,,,,,,
192,57507,Lodewijks Van Ginneken Makelaardij B.V.,SPRUNDEL,Noord-Brabant,4714EG,12a,,info@lvgmakelaardij.nl,VastgoedPRo,Skarabee,01-05-2017,mei-2017,Nee,Koppeling,Jelle,Jelle,✓,Ja compleet,Ja,Ja actief en compleet,,,,,,,,,
193,50273,Loet Schrauwen Makelaardij o.g.,VALKENSWAARD,Noord-Brabant,5552GV,nan,,info@makelaardij-lschrauwen.nl,VastgoedPRo,Skarabee,01-05-2017,mei-2017,Nee,Koppeling,Jelle,Jelle,✓,Ja compleet,Ja,Ja actief en compleet,,,,,,,,,
194,50870,Loever Makelaardij,Tilburg,Noord-Brabant,5038TS,nan,,tilburg@loever.nl,VastgoedPRo,Skarabee,01-05-2017,mei-2017,Nee,Koppeling,Jelle,Jelle,✓,Ja compleet,Ja,Ja actief en compleet,,,,,,,,,
195,48928,Maas en Peel Makelaardij en Taxaties,BROEKHUIZEN (LB),Limburg,5872AL,12,,richarddeenen@maasenpeel.nl,VastgoedPRo,Skarabee,01-05-2017,mei-2017,Nee,Koppeling,Jelle,Jelle,✓,Ja compleet,Ja,Ja actief en compleet,,,,,,,,,
196,60121,Maashorst Makelaardij,NISTELRODE,Noord-Brabant,5388PC,nan,,iriskoekkoek25@gmail.com,VastgoedPRo,Skarabee,01-05-2017,mei-2017,Nee,Koppeling,Jelle,Jelle,✓,Ja compleet,Ja,Ja actief en compleet,,,,,,,,,
197,58123,Maatjens & Van Zundert Makelaars,ROOSENDAAL,Noord-Brabant,4706MC,77,,info@maatjensmakelaars.nl,VastgoedPRo,Skarabee,01-05-2017,mei-2017,Nee,Koppeling,Jelle,Jelle,✓,Ja compleet,Ja,Ja actief en compleet,Verstuurd,,,Ja,Ja DvD,9-10-2018,https://www.maatjensmakelaars.nl/,https://www.pararius.nl/,
198,52249,Makelaar Roest Staalduinen en Vijverberg Westland Makelaars,MAASLAND,Zuid-Holland,3155DL,nan,,info@vijverberg.nl,VastgoedPRo,Skarabee,01-05-2017,mei-2017,Nee,Koppeling,JP,JP,✓,Ja compleet,Ja,Ja actief en compleet,,,,,,,,,
199,57673,Makelaar voor een uur,UTRECHT,Utrecht,3581BK,39,,floor@makelaarvooreenuur.nl,VastgoedPRo,Skarabee,01-05-2017,mei-2017,Nee,Koppeling,Jelle,Jelle,✓,Ja compleet,Ja,Ja actief en compleet,,,,,,,,,
200,56426,Makelaar Zwolsehuizen,Zwolle,Overijssel,7711AL,248,,info@zwolsehuizen.nl,VastgoedPRo,Skarabee,01-05-2017,mei-2017,Nee,Koppeling,Philip,JP,✓,Ja compleet,Ja,Ja actief en compleet,,,,,,,,,
201,55393,Makelaardij & Taxateurs Team Groningen,GRONINGEN,Groningen,9728MJ,nan,,info@mttg.nl,VastgoedPRo,Skarabee,01-05-2017,mei-2017,Nee,Koppeling,JP,JP,✓,Ja compleet,Ja,Ja actief en compleet,,,,,,,,,
202,50560,Makelaardij B.F. Bijlsma,GORREDIJK,Friesland,8401CZ,12,,info@bfbijlsma.nl,VastgoedPRo,Skarabee,01-05-2017,mei-2017,Nee,Koppeling,JP,JP,✓,Ja compleet,Ja,Ja actief en compleet,,,,,,,,,
203,50089,Makelaardij Bilthoven,Bilthoven,Utrecht,3722AP,nan,,info@makelaardijbilthoven.nl,VastgoedPRo,Skarabee,01-05-2017,mei-2017,Nee,Koppeling,Jelle,Jelle,✓,Ja compleet,Ja,Ja actief en compleet,,,,,,,,,
204,52129,Makelaardij Boekelo,STADSKANAAL,Groningen,9503GC,25,,info@makelaardijboekelo.nl,VastgoedPRo,Skarabee,01-05-2017,mei-2017,Nee,Koppeling,Philip,Jelle,✓,Ja compleet,Ja,Ja actief en compleet,,,,,,,,,
205,49829,Makelaardij Boogaard,GROENEKAN,Utrecht,3731HC,nan,,info@makelaardijboogaard.nl,VastgoedPRo,Skarabee,01-05-2017,mei-2017,Nee,Koppeling,Jelle,Jelle,✓,Ja compleet,Ja,Ja actief en compleet,,,,,,,,,
206,49989,Makelaardij De Huizenbeurs,BOSKOOP,Zuid-Holland,2771EN,30,,info@makelaardijdehuizenbeurs.nl,VastgoedPRo,Skarabee,01-05-2017,mei-2017,Nee,Koppeling,JP,JP,✓,Ja compleet,Ja,Ja actief en compleet,,,,,,,,,
207,49193,Makelaardij de Terp,LEERSUM,Utrecht,3956GS,nan,,info@makelaardijdeterp.nl,VastgoedPRo,Skarabee,01-05-2017,mei-2017,Nee,Koppeling,Jelle,Jelle,✓,Ja compleet,Ja,Ja actief en compleet,,,,,,,,,
208,60122,Makelaardij F.H. Buurman,Den Helder,Noord-Holland,1787AD,31,,info@makelaardijfhbuurman.nl,VastgoedPRo,Skarabee,01-05-2017,mei-2017,Nee,Koppeling,JP,JP,✓,Ja compleet,Ja,Ja actief en compleet,,,,,,,,,
209,49944,Makelaardij Gros BV,Makkum (FR),Friesland,8754GE,nan,,info@makelaardijgros.nl,VastgoedPRo,Skarabee,01-05-2017,mei-2017,Nee,Koppeling,JP,JP,✓,Ja compleet,Ja,Ja actief en compleet,,,,,,,,,
210,49684,Makelaardij Het Goeie Adres,HEINKENSZAND,Zeeland,4451HC,71,,e.kole@hetgoeieadres.nl,VastgoedPRo,Skarabee,01-05-2017,mei-2017,Nee,Koppeling,Jelle,Jelle,✓,Ja compleet,Ja,Ja actief en compleet,,,,,,,,,
211,61785,Makelaardij Hogelink,EMMEN,Drenthe,7825TB,nan,,gerriehogelink@hetnet.nl,VastgoedPRo,Skarabee,01-05-2017,mei-2017,Nee,Koppeling,Philip,Jelle,✓,Ja compleet,Ja,Ja actief en compleet,,,,,,,,,
212,50603,Makelaardij Horsch V.O.F.,LANDGRAAF,Limburg,6372VJ,38,,info@horsch-makelaardij.nl,VastgoedPRo,Skarabee,01-05-2017,mei-2017,Nee,Koppeling,Jelle,Jelle,✓,Ja compleet,Ja,Ja actief en compleet,,,,,,,,,
213,48909,Makelaardij Jacobs,BENNEKOM,Gelderland,6721JS,109,,info@makelaardijjacobs.nl,VastgoedPRo,Skarabee,01-05-2017,mei-2017,Nee,Koppeling,Philip,Jelle,✓,Ja compleet,Ja,Ja actief en compleet,,,,,,,,,
214,50455,Makelaardij Luckerhof,AMERONGEN,Utrecht,3958BS,33,,info@luckerhof.nl,VastgoedPRo,Skarabee,01-05-2017,mei-2017,Nee,Koppeling,Jelle,Jelle,✓,Ja compleet,Ja,Ja actief en compleet,,,,,,,,,
215,48871,Makelaardij Meesterlijk Goed,BUITENPOST,Friesland,9285LS,nan,,info@meesterlijkgoed.nl,VastgoedPRo,Skarabee,01-05-2017,mei-2017,Nee,Koppeling,JP,JP,✓,Ja compleet,Ja,Ja actief en compleet,,,,,,,,,
216,50258,Makelaardij Mulder,OPEINDE,Friesland,9218PL,nan,,lammertmulder@planet.nl,VastgoedPRo,Skarabee,01-05-2017,mei-2017,Nee,Koppeling,JP,JP,✓,Ja compleet,Ja,Ja actief en compleet,,,,,,,,,
217,49908,Makelaardij Nederland / Casa Makelaardij,NIEUWEGEIN,Utrecht,3433CK,34,,info@makelaardijnederland.nl,VastgoedPRo,Skarabee,01-05-2017,mei-2017,Nee,Koppeling,JP,JP,✓,Ja compleet,Ja,Ja actief en compleet,,,,,,,,,
218,60123,Makelaardij Neptunus BV,CADZAND,Zeeland,4506JH,20,,semb@zeelandnet.nl,VastgoedPRo,Skarabee,01-05-2017,mei-2017,Nee,Koppeling,Jelle,Jelle,✓,Ja compleet,Ja,Ja actief en compleet,,,,,,,,,
219,48829,Makelaardij Nieuwkerk,Heusden Gemeente Heusden,Noord-Brabant,5256AW,22a,,info@makelaardijnieuwkerk.nl,VastgoedPRo,Skarabee,01-05-2017,mei-2017,Nee,Koppeling,Jelle,Jelle,✓,Ja compleet,Ja,Ja actief en compleet,,,,,,,,,
220,49861,Makelaardij Noord Oost,LEEUWARDEN,Friesland,8926LW,53,,info@makelaardijNO.nl,VastgoedPRo,Skarabee,01-05-2017,mei-2017,Nee,Koppeling,JP,JP,✓,Ja compleet,Ja,Ja actief en compleet,,,,,,,,,
221,49811,Makelaardij Pieter Kooi,Haren (NB),Noord-Brabant,9606PN,133,,pkooioz@home.nl,VastgoedPRo,Skarabee,01-05-2017,mei-2017,Nee,Koppeling,Jelle,Jelle,✓,Ja compleet,Ja,Ja actief en compleet,,,,,,,,,
222,56363,Makelaardij Prins van Wijngaarden,Groningen,Groningen,2023SE,66,,info@makelaardijpvw.nl,VastgoedPRo,Skarabee,01-05-2017,mei-2017,Nee,Koppeling,JP,JP,✓,Ja compleet,Ja,Ja actief en compleet,,,,,,,,,
223,50277,Makelaardij Sake Bijlsma,Oosterwolde (GLD),Gelderland,8431LG,35,,oosterwolde@makelaardijbijlsma.nl,VastgoedPRo,Skarabee,01-05-2017,mei-2017,Nee,Koppeling,Philip,JP,✓,Ja compleet,Ja,Ja actief en compleet,,,,,,,,,
224,49172,Makelaardij Strijbosch,ASTEN,Noord-Brabant,5721BB,24,,info@strijbosch.com,VastgoedPRo,Skarabee,01-05-2017,mei-2017,Nee,Koppeling,Jelle,Jelle,✓,Ja compleet,Ja,Ja actief en compleet,,,,,,,,,
225,52202,Makelaardij van Pol,Montfort,Limburg,6065CS,12,,pmvanpol@makelaardijvanpol.nl,VastgoedPRo,Skarabee,01-05-2017,mei-2017,Nee,Koppeling,Jelle,Jelle,✓,Ja compleet,Ja,Ja actief en compleet,,,,,,,,,
226,50276,Makelaardij Visser,BELLINGWOLDE,Groningen,9695AK,26,,info@makelaardij-visser.nl,VastgoedPRo,Skarabee,01-05-2017,mei-2017,Nee,Koppeling,JP,JP,✓,Ja compleet,Ja,Ja actief en compleet,,,,,,,,,
227,48923,Makelaardij Westerink,NUNSPEET,Gelderland,8071XG,nan,,info@westerink.org,VastgoedPRo,Skarabee,01-05-2017,mei-2017,Nee,Koppeling,Philip,JP,✓,Ja compleet,Ja,Ja actief en compleet,,,,,,,,,
228,50198,makelaarFRANK,AMSTERDAM,Noord-Holland,1060RC,36,,info@makelaarFRANK.nl,VastgoedPRo,Skarabee,01-05-2017,mei-2017,Nee,Koppeling,JP,JP,✓,Ja compleet,Ja,Ja actief en compleet,,,,,,,,,
229,50042,MakelaarNu (Stadskanaal),STADSKANAAL,Groningen,9501CN,56,,michel@makelaarnu.nl,VastgoedPRo,Skarabee,01-05-2017,mei-2017,Nee,Koppeling,Philip,Jelle,✓,Ja compleet,Ja,Ja actief en compleet,,,,,,,,,
230,57451,MakelaarNu (Veendam),VEENDAM,Groningen,9641AB,28C,,info@makelaarnu.nl,VastgoedPRo,Skarabee,01-05-2017,mei-2017,Nee,Koppeling,JP,JP,✓,Ja compleet,Ja,Ja actief en compleet,,,,,,,,,
231,52318,Makelaars Diensten Twente,ENSCHEDE,Overijssel,7521BE,10/1-03,,info@pierikmakelaars.nl,VastgoedPRo,Skarabee,01-05-2017,mei-2017,Nee,Koppeling,Philip,Jelle,✓,Ja compleet,Ja,Ja actief en compleet,,,,,,,,,
232,49179,Makelaars van Nu,VELDHOVEN,Noord-Brabant,5504HC,89,,info@makelaarsvannu.nl,VastgoedPRo,Skarabee,01-05-2017,mei-2017,Nee,Koppeling,Jelle,Jelle,✓,Ja compleet,Ja,Ja actief en compleet,,,,,,,,,
233,53396,Makelaarscentrum Wassenaar,WASSENAAR,Zuid-Holland,2242HG,14,,wassenaar@makelaarscentrum.nl,VastgoedPRo,Skarabee,01-05-2017,mei-2017,Nee,Koppeling,JP,JP,✓,Ja compleet,Ja,Ja actief en compleet,,,,,,,,,
234,49860,Makelaarskantoor Cabooter & van Loenen,VENLO,Limburg,5916PJ,61,,info@cabootervanloenen.nl,VastgoedPRo,Skarabee,01-05-2017,mei-2017,Nee,Koppeling,Jelle,Jelle,✓,Ja compleet,Ja,Ja actief en compleet,,,,,,,,,
235,48957,Makelaarskantoor Paul Schreinemachers BV,VENLO,Limburg,5911BS,nan,,info@schreinemachers.nl,VastgoedPRo,Skarabee,01-05-2017,mei-2017,Nee,Koppeling,Jelle,Jelle,✓,Ja compleet,Ja,Ja actief en compleet,,,,,,,,,
236,53748,MakelaarsOffice B.V.,DELFT,Zuid-Holland,2612PA,4a,,info@makelaarsoffice.nl,VastgoedPRo,Skarabee,01-05-2017,mei-2017,Nee,Koppeling,JP,JP,✓,Ja compleet,Ja,Ja actief en compleet,,,,,,,,,
237,57438,Makelaarsoord,ROSMALEN,Noord-Brabant,5241AA,nan,,info@makelaarsoord.nl,VastgoedPRo,Skarabee,01-05-2017,mei-2017,Nee,Koppeling,Jelle,Jelle,✓,Ja compleet,Ja,Ja actief en compleet,,,,,,,,,
238,53139,Maliepaard Makelaars,DELFT,Zuid-Holland,2613TG,255,,info@max20.nl,VastgoedPRo,Skarabee,01-05-2017,mei-2017,Nee,Koppeling,JP,JP,✓,Ja compleet,Ja,Ja actief en compleet,,,,,,,,,
239,53559,Mantel en de Vries,WINTERSWIJK,Gelderland,7101EZ,78,,info@manteldevries.nl,VastgoedPRo,Skarabee,01-05-2017,mei-2017,Nee,Koppeling,Philip,Jelle,✓,Ja compleet,Ja,Ja actief en compleet,,,,,,,,,
240,49776,Margreeth van den Berg makelaardij,WOLVEGA,Friesland,8471HP,nan,,info@margreethvandenbergmakelaardij.nl,VastgoedPRo,Skarabee,01-05-2017,mei-2017,Nee,Koppeling,JP,JP,✓,Ja compleet,Ja,Ja actief en compleet,,,,,,,,,
241,56362,Marian Peters Makelaardij,Enter,Overijssel,7468HA,22,,info@marianpeters.nl,VastgoedPRo,Skarabee,01-05-2017,mei-2017,Nee,Koppeling,Philip,Jelle,✓,Ja compleet,Ja,Ja actief en compleet,,,,,,,,,
242,51553,Marie-Louise Groeneweg Makelaardij,MAASTRICHT,Limburg,6211SL,nan,,info@mlg-makelaardij.nl,VastgoedPRo,Skarabee,01-05-2017,mei-2017,Nee,Koppeling,Jelle,Jelle,✓,Ja compleet,Ja,Ja actief en compleet,,,,,,,,,
243,49805,Marij Makelaardij,ZALTBOMMEL,Gelderland,5301WH,44,,info@marijmakelaardij.nl,VastgoedPRo,Skarabee,01-05-2017,mei-2017,Nee,Koppeling,Jelle,Jelle,✓,Ja compleet,Ja,Ja actief en compleet,,,,,,,,,
244,51552,Mart Makelaardij,HAAREN,Noord-Brabant,5076EJ,34,,info@martmakelaardij.nl,VastgoedPRo,Skarabee,01-05-2017,mei-2017,Nee,Koppeling,Jelle,Jelle,✓,Ja compleet,Ja,Ja actief en compleet,,,,,,,,,
245,55461,Massink Vastgoed B.V.,Groningen,Groningen,9718CK,nan,,info@massinkvastgoed.nl,VastgoedPRo,Skarabee,01-05-2017,mei-2017,Nee,Koppeling,JP,JP,✓,Ja compleet,Ja,Ja actief en compleet,,,,,,,,,
246,50771,Mendes Makelaardij,ALKMAAR,Noord-Holland,1815JC,nan,,info@mendesmakelaardij.nl,VastgoedPRo,Skarabee,01-05-2017,mei-2017,Nee,Koppeling,JP,JP,✓,Ja compleet,Ja,Ja actief en compleet,,,,,,,,,
247,57508,Mevrouw Vastgoed Makelaardij,Kampen,Overijssel,8263AH,19,,angela@mevrouwvastgoed.nl,VastgoedPRo,Skarabee,01-05-2017,mei-2017,Nee,Koppeling,JP,JP,✓,Ja compleet,Ja,Ja actief en compleet,,,,,,,,,
248,60140,Mijnwoonboerderij.nl,JOURE,Friesland,8531PA,nan,,meinsma@mijnwoonboerderij.nl,VastgoedPRo,Skarabee,01-05-2017,mei-2017,Nee,Koppeling,JP,JP,✓,Ja compleet,Ja,Ja actief en compleet,,,,,,,,,
249,53262,Mike Janssen Beheer/Taxatie/Beleggingspanden,VELDDRIEL,Gelderland,5334LL,nan,,info@mikejanssen.nl,VastgoedPRo,Skarabee,01-05-2017,mei-2017,Nee,Koppeling,Jelle,Jelle,✓,Ja compleet,Ja,Ja actief en compleet,,,,,,,,,
250,53393,MKLRS,ROERMOND,Limburg,6041KD,72b,,roger@mklrs.nl,VastgoedPRo,Skarabee,01-05-2017,mei-2017,Nee,Koppeling,Jelle,Jelle,✓,Ja compleet,Ja,Ja actief en compleet,,,,,,,,,
251,57509,Mommersteeg Makelaardij,UTRECHT,Utrecht,3528BJ,100,,gwen@mommersteegmakelaardij.nl ,VastgoedPRo,Skarabee,01-05-2017,mei-2017,Nee,Koppeling,Jelle,Jelle,✓,Ja compleet,Ja,Ja actief en compleet,,,,,,,,,
252,56522,Moniek Bremer Makelaardij,Buitenpost,Friesland,9285XZ,nan,,info@moniekbremermakelaardij.nl,VastgoedPRo,Skarabee,01-05-2017,mei-2017,Nee,Koppeling,JP,JP,✓,Ja compleet,Ja,Ja actief en compleet,,,,,,,,,
253,61098,Mooi Huis Makelaars,NIJMEGEN,Gelderland,6521AJ,14,,info@mooihuismakelaars.nl,VastgoedPRo,Skarabee,01-05-2017,mei-2017,Nee,Koppeling,Philip,Jelle,✓,Ja compleet,Ja,Ja actief en compleet,,,,,,,,,
254,55936,Mooij Huis Makelaardij,ALPHEN AAN DEN RIJN,Zuid-Holland,2405BW,15,,marlousmooy@hotmail.com,VastgoedPRo,Skarabee,01-05-2017,mei-2017,Nee,Koppeling,JP,JP,✓,Ja compleet,Ja,Ja actief en compleet,,,,,,,,,
255,50609,Mulder Vastgoedadvies,TERHEIJDEN,Noord-Brabant,4844HK,18,,info@muldervastgoedadvies.nl ,VastgoedPRo,Skarabee,01-05-2017,mei-2017,Nee,Koppeling,Jelle,Jelle,✓,Ja compleet,Ja,Ja actief en compleet,,,,,,,,,
256,53410,Muller Bedrijfs Onroerend Goed,ZWOLLE,Overijssel,8011AK,nan,,info@mullerbog.nl,VastgoedPRo,Skarabee,01-05-2017,mei-2017,Nee,Koppeling,Philip,JP,✓,Ja compleet,Ja,Ja actief en compleet,,,,,,,,,
257,51189,Münninghoff o.z.,AMSTELVEEN,Noord-Holland,1183AS,14,,info@mutax.nl,VastgoedPRo,Skarabee,01-05-2017,mei-2017,Nee,Koppeling,JP,JP,✓,Ja compleet,Ja,Ja actief en compleet,,,,,,,,,
258,57423,Myhouse Vastgoed,Oostburg,Zeeland,4501NL,nan,,info@myhousevastgoed.nl,VastgoedPRo,Skarabee,01-05-2017,mei-2017,Nee,Koppeling,Jelle,Jelle,✓,Ja compleet,Ja,Ja actief en compleet,,,,,,,,,
259,57039,MYN Makelaars,Etten Leur,Noord-Brabant,4872LA,85,,info@mynmakelaars.nl,VastgoedPRo,Skarabee,01-05-2017,mei-2017,Nee,Koppeling,Jelle,Jelle,✓,Ja compleet,Ja,Ja actief en compleet,,,,,,,,,
260,49474,Nederlof Makelaardij B.V.,PAPENDRECHT,Zuid-Holland,3353HC,81,,nederlof@nederlofmakelaardij.nl,VastgoedPRo,Skarabee,01-05-2017,mei-2017,Nee,Koppeling,Jelle,Jelle,✓,Ja compleet,Ja,Ja actief en compleet,,,,,,,,,
261,56684,Netherlands Sotheby's International,AMSTERDAM,Noord-Holland,1213RH,11,,info@sothebysrealty.nl,VastgoedPRo,Skarabee,01-05-2017,mei-2017,Nee,Koppeling,JP,JP,✓,Ja compleet,Ja,Ja actief en compleet,,,,,,,,,
262,50209,Nijeborgh Makelaardij,HARDERWIJK,Gelderland,3841DT,4a,,makelaardij@nijeborgh.nl,VastgoedPRo,Skarabee,01-05-2017,mei-2017,Nee,Koppeling,Jelle,Jelle,✓,Ja compleet,Ja,Ja actief en compleet,,,,,,,,,
263,56269,Nouwens Register Makelaardij,LELYSTAD,Flevoland,8226RS,72,,harm@nouwensmakelaardij.nl,VastgoedPRo,Skarabee,01-05-2017,mei-2017,Nee,Koppeling,JP,JP,✓,Ja compleet,Ja,Ja actief en compleet,,,,,,,,,
264,49212,OK Makelaar & hypotheken,LICHTENVOORDE,Gelderland,7131EK,nan,,info@okmakelaar.nl,VastgoedPRo,Skarabee,01-05-2017,mei-2017,Nee,Koppeling,Philip,Jelle,✓,Ja compleet,Ja,Ja actief en compleet,,,,,,,,,
265,53404,Ons Hoes,RIJSSEN,Overijssel,7462AN,171,,info@onshoes.nl,VastgoedPRo,Skarabee,01-05-2017,mei-2017,Nee,Koppeling,Philip,Jelle,✓,Ja compleet,Ja,Ja actief en compleet,,,,,,,,,
266,50003,Oosterbosch Makelaardij,EINDHOVEN,Noord-Brabant,5624NH,nan,,info@oosterboschmakelaardij.nl,VastgoedPRo,Skarabee,01-05-2017,mei-2017,Nee,Koppeling,Jelle,Jelle,✓,Ja compleet,Ja,Ja actief en compleet,,,,,,,,,
267,52662,Oosting Makelaardij BV,HAAKSBERGEN,Overijssel,7481GK,5a,,info@oostingmakelaardij.nl,VastgoedPRo,Skarabee,01-05-2017,mei-2017,Nee,Koppeling,Philip,Jelle,✓,Ja compleet,Ja,Ja actief en compleet,,,,,,,,,
268,50951,Op Heij Assurantiën & Makelaardij,Beek (LB),Limburg,6191JC,16,,info@opheij.nl,VastgoedPRo,Skarabee,01-05-2017,mei-2017,Nee,Koppeling,Jelle,Jelle,✓,Ja compleet,Ja,Ja actief en compleet,,,,,,,,,
269,60125,Optima Makelaardij,OOSTERBLOKKER,Noord-Holland,1696BH,2a,,info@optimamakelaardij.nl,VastgoedPRo,Skarabee,01-05-2017,mei-2017,Nee,Koppeling,JP,JP,✓,Ja compleet,Ja,Ja actief en compleet,,,,,,,,,
270,49318,Otten & Flim Makelaardij o.z.,RIJSSEN,Overijssel,7462TB,81,,makelaardij@otten-flim.nl,VastgoedPRo,Skarabee,01-05-2017,mei-2017,Nee,Koppeling,Philip,Jelle,✓,Ja compleet,Ja,Ja actief en compleet,,,,,,,,,
271,51282,Otter Makelaardij,SINT MICHIELSGESTEL,Noord-Brabant,5271AM,38,,info@ottermakelaardij.nl,VastgoedPRo,Skarabee,01-05-2017,mei-2017,Nee,Koppeling,Jelle,Jelle,✓,Ja compleet,Ja,Ja actief en compleet,,,,,,,,,
272,51132,Overwater Rentmeesterskantoor BV,STRIJEN,Zuid-Holland,3291AM,54,,p.de.bruin@overwater.nl,VastgoedPRo,Skarabee,01-05-2017,mei-2017,Nee,Koppeling,Jelle,Jelle,✓,Ja compleet,Ja,Ja actief en compleet,,,,,,,,,
273,48942,Paleiskwartier Makelaars,Den Bosch,Noord-Brabant,5223LC,82,,assistent@paleiskwartier.nl,VastgoedPRo,Skarabee,01-05-2017,mei-2017,Nee,Koppeling,Jelle,Jelle,✓,Ja compleet,Ja,Ja actief en compleet,,,,,,,,,
274,49746,Peter Brouwers Makelaardij BV,Den Bosch,Noord-Brabant,5237PC,nan,,info@peterbrouwersmakelaardij.nl,VastgoedPRo,Skarabee,01-05-2017,mei-2017,Nee,Koppeling,Jelle,Jelle,✓,Ja compleet,Ja,Ja actief en compleet,,,,,,,,,
275,53520,Peter Rijsdijk Makelaardij,ROOSENDAAL,Noord-Brabant,4701JB,18,,info@peterrijsdijk.nl,VastgoedPRo,Skarabee,01-05-2017,mei-2017,Nee,Koppeling,Jelle,Jelle,✓,Ja compleet,Ja,Ja actief en compleet,,,,,,,,,
276,60127,Peter's Makelaardij,Roden,Drenthe,9301AH,40,,peter.brandsma@outlook.com,VastgoedPRo,Skarabee,01-05-2017,mei-2017,Nee,Koppeling,JP,JP,✓,Ja compleet,Ja,Ja actief en compleet,,,,,,,,,
277,51580,PH Makelaardij,KLAASWAAL,Zuid-Holland,3286BT,26,,info@phmakelaardij.nl,VastgoedPRo,Skarabee,01-05-2017,mei-2017,Nee,Koppeling,Jelle,Jelle,✓,Ja compleet,Ja,Ja actief en compleet,,,,,,,,,
278,49461,Philippen Makelaardij,SITTARD,Limburg,6136AB,165,,info@philippenmakelaardij.nl,VastgoedPRo,Skarabee,01-05-2017,mei-2017,Nee,Koppeling,Jelle,Jelle,✓,Ja compleet,Ja,Ja actief en compleet,,,,,,,,,
279,57452,Poortman Makelaars,STAPHORST,Overijssel,7951DR,1A,,poortman@bix.nl,VastgoedPRo,Skarabee,01-05-2017,mei-2017,Nee,Koppeling,Philip,JP,✓,Ja compleet,Ja,Ja actief en compleet,,,,,,,,,
280,56186,Prevenda,OSS,Noord-Brabant,5349AE,69,,info@prevenda.nl,VastgoedPRo,Skarabee,01-05-2017,mei-2017,Nee,Koppeling,Jelle,Jelle,✓,Ja compleet,Ja,Ja actief en compleet,,,,,,,,,
281,50331,Pullen Makelaardij,UITWIJK,Noord-Brabant,4288JK,11,,info@pullen-makelaardij.nl,VastgoedPRo,Skarabee,01-05-2017,mei-2017,Nee,Koppeling,Jelle,Jelle,✓,Ja compleet,Ja,Ja actief en compleet,,,,,,,,,
282,49081,Q Makelaars Zwijndrecht,Zwijndrecht,Zuid-Holland,3332EX,29,,info@qmakelaars.nl,VastgoedPRo,Skarabee,01-05-2017,mei-2017,Nee,Koppeling,Jelle,Jelle,✓,Ja compleet,Ja,Ja actief en compleet,,,,,,,,,
283,50329,R & B Wonen,HEINKENSZAND,Zeeland,4451AA,nan,,makelaardij@renbwonen.nl,VastgoedPRo,Skarabee,01-05-2017,mei-2017,Nee,Koppeling,Jelle,Jelle,✓,Ja compleet,Ja,Ja actief en compleet,,,,,,,,,
284,48811,Raadhuis Makelaars,SOMEREN,Noord-Brabant,5711ET,10,,info@raadhuismakelaars.nl,VastgoedPRo,Skarabee,01-05-2017,mei-2017,Nee,Koppeling,Jelle,Jelle,✓,Ja compleet,Ja,Ja actief en compleet,,,,,,,,,
285,60191,Rabo Onroerend Goed Nederland,UTRECHT,Utrecht,3500HG,17100,,ilona.koreman@rabobank.nl,VastgoedPRo,Skarabee,01-05-2017,mei-2017,Nee,Koppeling,Jelle,Jelle,✓,Ja compleet,Ja,Ja actief en compleet,,,,,,,,,
286,58338,Rademakers Makelaardij,ROOSENDAAL,Noord-Brabant,4701BK,30,,sanderjm@hotmail.com,VastgoedPRo,Skarabee,01-05-2017,mei-2017,Nee,Koppeling,Jelle,Jelle,✓,Ja compleet,Ja,Ja actief en compleet,,,,,,,,,
287,48883,Ralf Trafas Makelaardij en Vastgoed,OIRSBEEK,Limburg,6438JX,98,,info@trafas.nl,VastgoedPRo,Skarabee,01-05-2017,mei-2017,Nee,Koppeling,Jelle,Jelle,✓,Ja compleet,Ja,Ja actief en compleet,,,,,,,,,
288,51049,REC Vastgoed,Haren (NB),Noord-Brabant,9752AA,13,,koning@recvastgoed.nl,VastgoedPRo,Skarabee,01-05-2017,mei-2017,Nee,Koppeling,Jelle,Jelle,✓,Ja compleet,Ja,Ja actief en compleet,,,,,,,,,
289,49144,Regiomakelaardij B.V.,Dokkum,Friesland,9101MT,11,,info@regiomakelaardij.nl,VastgoedPRo,Skarabee,01-05-2017,mei-2017,Nee,Koppeling,JP,JP,✓,Ja compleet,Ja,Ja actief en compleet,,,,,,,,,
290,60129,Rehof Makelaars,DEN HAAG,Zuid-Holland,2523AV,76,,info@rehofmakelaars.nl,VastgoedPRo,Skarabee,01-05-2017,mei-2017,Nee,Koppeling,JP,JP,✓,Ja compleet,Ja,Ja actief en compleet,,,,,,,,,
291,53618,Reint Bruins Makelaardij,UITHUIZEN,Groningen,9981TJ,nan,,bruins@reintbruinsmakelaardij.nl,VastgoedPRo,Skarabee,01-05-2017,mei-2017,Nee,Koppeling,JP,JP,✓,Ja compleet,Ja,Ja actief en compleet,,,,,,,,,
292,57512,René Beaujean Makelaardij,Heerlen,Limburg,6414NM,17,,rene.beaujean@online.nl,VastgoedPRo,Skarabee,01-05-2017,mei-2017,Nee,Koppeling,Jelle,Jelle,✓,Ja compleet,Ja,Ja actief en compleet,,,,,,,,,
293,55889,Renée van der Linden Makelaardij & Taxaties,VELDEN,Limburg,5801AT,25,,info@rvdlmakelaardij.nl,VastgoedPRo,Skarabee,01-05-2017,mei-2017,Nee,Koppeling,Jelle,Jelle,✓,Ja compleet,Ja,Ja actief en compleet,,,,,,,,,
294,50492,Renken Makelaardij b.v.,VRIESCHELOO,Groningen,9699PC,83,,info@renkenmakelaardij.nl,VastgoedPRo,Skarabee,01-05-2017,mei-2017,Nee,Koppeling,JP,JP,✓,Ja compleet,Ja,Ja actief en compleet,,,,,,,,,
295,55879,Rob Hol Vastgoedadvies,HEERLEN,Limburg,6417XA,15,,info@hol-vastgoedadvies.nl,VastgoedPRo,Skarabee,01-05-2017,mei-2017,Nee,Koppeling,Jelle,Jelle,✓,Ja compleet,Ja,Ja actief en compleet,,,,,,,,,
296,49163,Rodek Makelaardij,Brielle,Zuid-Holland,3231AV,nan,,info@rodekmakelaardij.nl,VastgoedPRo,Skarabee,01-05-2017,mei-2017,Nee,Koppeling,Jelle,Jelle,✓,Ja compleet,Ja,Ja actief en compleet,,,,,,,,,
297,57057,Roompot Projects,MIDDELBURG,Zeeland,4338PG,13,,info@roompotprojects.nl,VastgoedPRo,Skarabee,01-05-2017,mei-2017,Nee,Koppeling,Jelle,Jelle,✓,Ja compleet,Ja,Ja actief en compleet,,,,,,,,,
298,53459,Sallandse Huizen,NIEUWLEUSEN,Overijssel,7711AL,248,,info@sallandsehuizen.nl,VastgoedPRo,Skarabee,01-05-2017,mei-2017,Nee,Koppeling,Philip,Jelle,✓,Ja compleet,Ja,Ja actief en compleet,,,,,,,,,
299,53441,Servatius,MAASTRICHT,Limburg,6221SE,41,,f.v.eersel@servatius.nl,VastgoedPRo,Skarabee,01-05-2017,mei-2017,Nee,Koppeling,Jelle,Jelle,✓,Ja compleet,Ja,Ja actief en compleet,,,,,,,,,
300,49122,Shirley Kneepkens Makelaardij,Berkel Enschot,Noord-Brabant,5056GB,nan,,info@shirleykneepkens.nl,VastgoedPRo,Skarabee,01-05-2017,mei-2017,Nee,Koppeling,Jelle,Jelle,✓,Ja compleet,Ja,Ja actief en compleet,,,,,,,,,
301,57513,Singer Makelaardij & Taxaties,MEERLO,Limburg,5864AE,nan,,singermaktax@gmail.com,VastgoedPRo,Skarabee,01-05-2017,mei-2017,Nee,Koppeling,Jelle,Jelle,✓,Ja compleet,Ja,Ja actief en compleet,,,,,,,,,
302,57452,Slot-Poortman & Co,STAPHORST,Overijssel,7951DR,1A,,poortman@bix.nl,VastgoedPRo,Skarabee,01-05-2017,mei-2017,Nee,Koppeling,Philip,JP,✓,Ja compleet,Ja,Ja actief en compleet,,,,,,,,,
303,49840,SRMT Register Makelaars & Taxateurs,ROTTERDAM,Zuid-Holland,3021ZC,57,,info@srmtonline.nl,VastgoedPRo,Skarabee,01-05-2017,mei-2017,Nee,Koppeling,JP,JP,✓,Ja compleet,Ja,Ja actief en compleet,,,,,,,,,
304,56330,Stadhouders Makelaars,ARNHEM,Gelderland,6842CT,15,,ward@stadhoudersmakelaars.nl,VastgoedPRo,Skarabee,01-05-2017,mei-2017,Nee,Koppeling,Philip,Jelle,✓,Ja compleet,Ja,Ja actief en compleet,,,,,,,,,
305,52911,Staedion,DEN HAAG,Zuid-Holland,2504LK,40406,,verkoop@staedion.nl,VastgoedPRo,Skarabee,01-05-2017,mei-2017,Nee,Koppeling,JP,JP,✓,Ja compleet,Ja,Ja actief en compleet,,,,,,,,,
306,48802,Steentjes Makelaars,Lichtenvoorde,Gelderland,7131DW,10,,info@steentjes.nl,VastgoedPRo,Skarabee,01-05-2017,mei-2017,Nee,Koppeling,Philip,Jelle,✓,Ja compleet,Ja,Ja actief en compleet,,,,,,,,,
307,51010,Ster Makelaardij,OOSTERHOUT (NB),Noord-Brabant,4901ET,nan,,diane@stermakelaardij.nl,VastgoedPRo,Skarabee,01-05-2017,mei-2017,Nee,Koppeling,Jelle,Jelle,✓,Ja compleet,Ja,Ja actief en compleet,,,,,,,,,
308,55953,Stip Makelaardij,LEIDEN,Zuid-Holland,2314CH,24,,info@stip-makelaardij.nl,VastgoedPRo,Realworks,01-05-2017,mei-2017,Nee,Koppeling,JP,JP,✓,Ja compleet,Ja,Ja actief en compleet,Verstuurd,,1,Ja,Ja DvD,16-1-2019,https://www.stip-makelaardij.nl/,https://www.pararius.nl/makelaars/leiden/stip-makelaardij,
309,53484,Stonevest,NIJMEGEN,Gelderland,6511NR,65,,info@stonevest.nl,VastgoedPRo,Skarabee,01-05-2017,mei-2017,Nee,Koppeling,Philip,Jelle,✓,Ja compleet,Ja,Ja actief en compleet,,,,,,,,,
310,55883,Stroosnijder Makelaardij,ZALTBOMMEL,Gelderland,5301GN,21,,info@stroosnijdermakelaardij.nl,VastgoedPRo,Skarabee,01-05-2017,mei-2017,Nee,Koppeling,Jelle,Jelle,✓,Ja compleet,Ja,Ja actief en compleet,,,,,,,,,
311,50578,Sturm Makelaars,ZIERIKZEE,Zeeland,4301HB,7 en 9,,info@sturmmakelaars.nl,VastgoedPRo,Skarabee,01-05-2017,mei-2017,Nee,Koppeling,Jelle,Jelle,✓,Ja compleet,Ja,Ja actief en compleet,,,,,,,,,
312,60131,SUZ Makelaars,LEEUWARDEN,Friesland,8921GE,143,,info@suzmakelaars.nl,VastgoedPRo,Skarabee,01-05-2017,mei-2017,Nee,Koppeling,JP,JP,✓,Ja compleet,Ja,Ja actief en compleet,,,,,,,,,
313,49335,T.L.-Makelaardij,ALMELO,Overijssel,7603AG,319,,info@tlmakelaardij.nl,VastgoedPRo,Skarabee,01-05-2017,mei-2017,Nee,Koppeling,Philip,Jelle,✓,Ja compleet,Ja,Ja actief en compleet,,,,,,,,,
314,50060,Talsma Makelaardij,EDE (GLD),Gelderland,6713BC,30C,,info@talsmamakelaardij.nl,VastgoedPRo,Skarabee,01-05-2017,mei-2017,Nee,Koppeling,Philip,Jelle,✓,Ja compleet,Ja,Ja actief en compleet,,,,,,,,,
315,57589,Ter Horst Vastgoed,Loenen (GLD),Gelderland,7371CB,33,,office@terhorstvastgoed.nu,VastgoedPRo,Skarabee,01-05-2017,mei-2017,Nee,Koppeling,Philip,Jelle,✓,Ja compleet,Ja,Ja actief en compleet,,,,,,,,,
316,49884,Thea Geerts Makelaardij,DE BILT,Utrecht,3731HC,11,,info@theageerts.nl,VastgoedPRo,Skarabee,01-05-2017,mei-2017,Nee,Koppeling,Jelle,Jelle,✓,Ja compleet,Ja,Ja actief en compleet,,,,,,,,,
317,57674,Thijssen & Kalkman Makelaars & Taxateurs o.z.,Oosterhout (NB),Noord-Brabant,4901KD,4,,oosterhout@thijssenkalkman.nl,VastgoedPRo,Skarabee,01-05-2017,mei-2017,Nee,Koppeling,Jelle,Jelle,✓,Ja compleet,Ja,Ja actief en compleet,,,,,,,,,
318,48903,"Thijssen, Kalkman & van Oord Makelaars",Ulvenhout,Noord-Brabant,4851CJ,37,,breda@thijssenkalkman.nl,VastgoedPRo,Skarabee,01-05-2017,mei-2017,Nee,Koppeling,Jelle,Jelle,✓,Ja compleet,Ja,Ja actief en compleet,,,,,,,,,
319,53397,Thomas Makelaardij,AMSTELVEEN,Noord-Holland,1186DM,2225,,martijn@thomasmakelaardij.nl,VastgoedPRo,Skarabee,01-05-2017,mei-2017,Nee,Koppeling,JP,JP,✓,Ja compleet,Ja,Ja actief en compleet,,,,,,,,,
320,49781,TML Makelaars Hellendoorn B.V.,NIJVERDAL,Overijssel,7442MJ,58,,info@tml-makelaars.nl,VastgoedPRo,Skarabee,01-05-2017,mei-2017,Nee,Koppeling,Philip,Jelle,✓,Ja compleet,Ja,Ja actief en compleet,,,,,,,,,
321,52355,Toering Makelaardij,OUDE BILDTZIJL,Friesland,9076BW,18,,info@toeringmakelaardij.nl,VastgoedPRo,Skarabee,01-05-2017,mei-2017,Nee,Koppeling,JP,JP,✓,Ja compleet,Ja,Ja actief en compleet,,,,,,,,,
322,61731,Tom's Housevision,SINT MICHIELSGESTEL,Noord-Brabant,5271NK,36,,info@tomshousevision.nl,VastgoedPRo,Skarabee,01-05-2017,mei-2017,Nee,Koppeling,Jelle,Jelle,✓,Ja compleet,Nee,Ja nog niet actief,,,,,,,,,
323,48832,Vader Makelaardij b.v.,HOOGERHEIDE,Noord-Brabant,4631KG,32,,info@vadermakelaardij.nl,VastgoedPRo,Skarabee,01-05-2017,mei-2017,Nee,Koppeling,Jelle,Jelle,✓,Ja compleet,Ja,Ja actief en compleet,,,,,,,,,
324,53701,Vakantie Makelaar,UITHOORN,Noord-Holland,1422XN,51,,l.peterse@vakantiemakelaar.nl,VastgoedPRo,Skarabee,01-05-2017,mei-2017,Nee,Koppeling,JP,JP,✓,Ja compleet,Ja,Ja actief en compleet,,,,,,,,,
325,50927,Van Akker Makelaars,CADZAND,Zeeland,4506JJ,34,,info@vanakker.com,VastgoedPRo,Skarabee,01-05-2017,mei-2017,Nee,Koppeling,Jelle,Jelle,✓,Ja compleet,Ja,Ja actief en compleet,,,,,,,,,
326,51546,van Amersfoort Makelaardij o.g.,AMERSFOORT,Utrecht,1949AM,23,,info@vanamersfoortmakelaardij.nl,VastgoedPRo,Skarabee,01-05-2017,mei-2017,Nee,Koppeling,Jelle,Jelle,✓,Ja compleet,Ja,Ja actief en compleet,,,,,,,,,
327,60911,Van Astgoed,Elst (GLD),Gelderland,6662WC,6A,,infoOld@vanastgoed.nl,VastgoedPRo,Skarabee,01-05-2017,mei-2017,Nee,Koppeling,Philip,Jelle,✓,Ja compleet,Ja,Ja actief en compleet,,,,,,,,,
328,50017,Van Baar Makelaars,Naaldwijk,Zuid-Holland,2671HT,19E,,info@vanbaar.nl,VastgoedPRo,Skarabee,01-05-2017,mei-2017,Nee,Koppeling,JP,JP,✓,Ja compleet,Ja,Ja actief en compleet,,,,,,,,,
329,50696,Van der Brugge Makelaardij,GORINCHEM,Zuid-Holland,4251C,33,,pieter@vanderbrugge.nl,VastgoedPRo,Skarabee,01-05-2017,mei-2017,Nee,Koppeling,Jelle,Jelle,✓,Ja compleet,Ja,Ja actief en compleet,,,,,,,,,
330,52273,Van der Heijden Rentmeesters,HELVOIRT,Noord-Brabant,5268KJ,16a-1,,mr@vdhrentmeesters.nl,VastgoedPRo,Skarabee,01-05-2017,mei-2017,Nee,Koppeling,Jelle,Jelle,✓,Ja compleet,Ja,Ja actief en compleet,,,,,,,,,
331,57675,Van der Laan Makelaardij,SCHIEDAM,Zuid-Holland,3112GB,14,,info@laanmakelaardij.nl,VastgoedPRo,Skarabee,01-05-2017,mei-2017,Nee,Koppeling,JP,JP,✓,Ja compleet,Ja,Ja actief en compleet,,,,,,,,,
332,60133,Van der Lee Makelaars,BLADEL,Noord-Brabant,5531MV,19,,joep@vanderleemakelaars.eu,VastgoedPRo,Skarabee,01-05-2017,mei-2017,Nee,Koppeling,Jelle,Jelle,✓,Ja compleet,Ja,Ja actief en compleet,,,,,,,,,
333,58887,Van der Maat Makelaardij,KAMPEN,Overijssel,8266AV,nan,,ghmaat@gmail.com,VastgoedPRo,Skarabee,01-05-2017,mei-2017,Nee,Koppeling,JP,JP,✓,Ja compleet,Ja,Ja actief en compleet,,,,,,,,,
334,49221,van der Straaten Makelaardij,BUDEL,Noord-Brabant,6021HS,18a,,info@vanderstraatenmakelaardij.nl,VastgoedPRo,Skarabee,01-05-2017,mei-2017,Nee,Koppeling,Jelle,Jelle,✓,Ja compleet,Ja,Ja actief en compleet,,,,,,,,,
335,57034,Van Goede Huizen Vastgoed,HARDERWIJK,Gelderland,3841GA,2 a,,info@vangoedehuizenvastgoed.nl,VastgoedPRo,Skarabee,01-05-2017,mei-2017,Nee,Koppeling,Jelle,Jelle,✓,Ja compleet,Ja,Ja actief en compleet,,,,,,,,,
336,49265,Van Kasteren Makelaardij,VELDHOVEN,Noord-Brabant,5504HH,16,,info@vankasteren.nl,VastgoedPRo,Skarabee,01-05-2017,mei-2017,Nee,Koppeling,Jelle,Jelle,✓,Ja compleet,Ja,Ja actief en compleet,,,,,,,,,
337,49535,Van Oord Vastgoed,DEVENTER,Overijssel,7411CJ,10,,info@vanoordvastgoed.nl,VastgoedPRo,Skarabee,01-05-2017,mei-2017,Nee,Koppeling,Philip,Jelle,✓,Ja compleet,Ja,Ja actief en compleet,,,,,,,,,
338,52256,Van Riezen Vastgoed v.o.f.,ZWOLLE,Overijssel,8011CM,nan,,info@vanriezenvastgoed.nl,VastgoedPRo,Skarabee,01-05-2017,mei-2017,Nee,Koppeling,Philip,JP,✓,Ja compleet,Ja,Ja actief en compleet,,,,,,,,,
339,55347,Van Rooijen Vastgoed,VEGHEL,Noord-Brabant,5461AK,21,,info@vanrooijen-vastgoed.nl,VastgoedPRo,Skarabee,01-05-2017,mei-2017,Nee,Koppeling,Jelle,Jelle,✓,Ja compleet,Ja,Ja actief en compleet,,,,,,,,,
340,55345,Van 't Hof Makelaardij o.g.,ALKMAAR,Noord-Holland,1825JS,nan,,info@gewoongoed.nl,VastgoedPRo,Skarabee,01-05-2017,mei-2017,Nee,Koppeling,JP,JP,✓,Ja compleet,Ja,Ja actief en compleet,,,,,,,,,
341,57430,Van Uden Makelaardij & Taxaties,SINT MICHIELSGESTEL,Noord-Brabant,5271XE,47,,info@dirkvanuden.nl,VastgoedPRo,Skarabee,01-05-2017,mei-2017,Nee,Koppeling,Jelle,Jelle,✓,Ja compleet,Ja,Ja actief en compleet,,,,,,,,,
342,56660,Van Wijk Vastgoed & Makelaardij,VALKENSWAARD,Noord-Brabant,5552ES,14,,simon@vanwijk-makelaardij.nl,VastgoedPRo,Skarabee,01-05-2017,mei-2017,Nee,Koppeling,Jelle,Jelle,✓,Ja compleet,Ja,Ja actief en compleet,,,,,,,,,
343,49042,VBW Makelaars & Taxateurs,HOOGVLIET ROTTERDAM,Zuid-Holland,3194DK,114,,john@vbw.nl,VastgoedPRo,Kolibri,01-05-2017,mei-2017,Nee,Koppeling,JP,JP,✓,Ja compleet,Ja,Ja actief en compleet,,,4,Ja,Ja DvD,14-12-2018,https://www.vbw.nl/,https://www.pararius.nl/makelaars/hoogvliet-rotterdam/vbw-makelaars-taxateurs,
344,52792,VDH Wonen Makelaardij,Den Bosch,Noord-Brabant,5211AA,nan,,info@vdhwonen.nl,VastgoedPRo,Skarabee,01-05-2017,mei-2017,Nee,Koppeling,Jelle,Jelle,✓,Ja compleet,Ja,Ja actief en compleet,,,,,,,,,
345,56784,VDMakelaar,SINT OEDENRODE,Noord-Brabant,5491ZK,38,,info@vdmakelaar.nl,VastgoedPRo,Skarabee,01-05-2017,mei-2017,Nee,Koppeling,Jelle,Jelle,✓,Ja compleet,Ja,Ja actief en compleet,,,,,,,,,
346,57590,Veerman Makelaardij O.G.,ZWOLLE,Overijssel,8043XZ,116,,info@veermanmakelaardij.nl,VastgoedPRo,Skarabee,01-05-2017,mei-2017,Nee,Koppeling,Philip,JP,✓,Ja compleet,Ja,Ja actief en compleet,,,,,,,,,
347,55384,Verkoopwijs Makelaars,Deventer,Overijssel,7411PD,nan,,annemieke@verkoopwijs.nl,VastgoedPRo,Skarabee,01-05-2017,mei-2017,Nee,Koppeling,Philip,Jelle,✓,Ja compleet,Ja,Ja actief en compleet,,,,,,,,,
348,59541,Vervoort & Partners B.V.,MAASTRICHT,Limburg,6214PB,19,,info@vervoortvastgoed.nl,VastgoedPRo,Skarabee,01-05-2017,mei-2017,Nee,Koppeling,Jelle,Jelle,✓,Ja compleet,Ja,Ja actief en compleet,,,,,,,,,
349,56421,Vestingh Makelaars,DORDRECHT,Zuid-Holland,3021DT,nan,,nrademaker@vestinghmakelaars.nl,VastgoedPRo,Skarabee,01-05-2017,mei-2017,Nee,Koppeling,Jelle,Jelle,✓,Ja compleet,Ja,Ja actief en compleet,,,,,,,,,
350,52635,Villacus Real Estate,Laren (GLD),Gelderland,1250AD,195,,info@villacus.com,VastgoedPRo,Skarabee,01-05-2017,mei-2017,Nee,Koppeling,Philip,Jelle,✓,Ja compleet,Ja,Ja actief en compleet,,,,,,,,,
351,49985,Voncken Makelaardij o.g.,GULPEN,Limburg,6271AD,113,,info@voncken-makelaardij.nl,VastgoedPRo,Skarabee,01-05-2017,mei-2017,Nee,Koppeling,Jelle,Jelle,✓,Ja compleet,Ja,Ja actief en compleet,,,,,,,,,
352,55387,Vosters Onroerend Goed BV,BLADEL,Noord-Brabant,5531BA,5a,,info@vostersonroerendgoed.nl,VastgoedPRo,Skarabee,01-05-2017,mei-2017,Nee,Koppeling,Jelle,Jelle,✓,Ja compleet,Ja,Ja actief en compleet,,,,Ja,Ja DvD,1-6-2018,http://www.vostersonroerendgoed.nl/,https://www.pararius.nl/,
353,56774,VR Makelaars,BAARLE nassau,Noord-Brabant,5111CE,22,,info@vrmakelaars.com,VastgoedPRo,Skarabee,01-05-2017,mei-2017,Nee,Koppeling,Jelle,Jelle,✓,Ja compleet,Ja,Ja actief en compleet,,,,,,,,,
354,49666,Wanrooij Makelaardij,Oost West Middelbeers,Noord-Brabant,5091CB,38,,kees@wanrooijmakelaardij.nl,VastgoedPRo,Skarabee,01-05-2017,mei-2017,Nee,Koppeling,Jelle,Jelle,✓,Ja compleet,Ja,Ja actief en compleet,,,,,,,,,
355,48990,Weghorst Makelaardij b.v.,Wierden,Overijssel,7642CX,nan,,wierden@weghorstmakelaardij.nl,VastgoedPRo,Skarabee,01-05-2017,mei-2017,Nee,Koppeling,Philip,Jelle,✓,Ja compleet,Ja,Ja actief en compleet,,,,,,,,,
356,51380,Wennekes Makelaardij,LANDGRAAF,Limburg,6371CA,61,,sylvia@wennekesmakelaardij.nl,VastgoedPRo,Skarabee,01-05-2017,mei-2017,Nee,Koppeling,Jelle,Jelle,✓,Ja compleet,Ja,Ja actief en compleet,,,,,,,,,
357,57025,Westland Makelaardij,Hoek van Holland,Zuid-Holland,3151JC,nan,,info@westland-makelaardij.nl,VastgoedPRo,Skarabee,01-05-2017,mei-2017,Nee,Koppeling,JP,JP,✓,Ja compleet,Ja,Ja actief en compleet,,,,,,,,,
358,55277,Westmolen Makelaardij,MIJNSHEERENLAND,Zuid-Holland,3271BJ,81,,westmolen@yahoo.com,VastgoedPRo,Skarabee,01-05-2017,mei-2017,Nee,Koppeling,Jelle,Jelle,✓,Ja compleet,Ja,Ja actief en compleet,,,,,,,,,
359,52258,Wijnen Vastgoed,SOMEREN,Noord-Brabant,5712BS,1b,,info@wijnen-vastgoed.nl,VastgoedPRo,Skarabee,01-05-2017,mei-2017,Nee,Koppeling,Jelle,Jelle,✓,Ja compleet,Ja,Ja actief en compleet,,,,,,,,,
360,48868,WijzerWonen Makelaardij B.V.,VAALS,Limburg,6291EW,190,,info@wijzerwonen.nl,VastgoedPRo,Skarabee,01-05-2017,mei-2017,Nee,Koppeling,Jelle,Jelle,✓,Ja compleet,Ja,Ja actief en compleet,,,,,,,,,
361,48810,Witte & Verheul Makelaars,WEERT,Limburg,6001BB,55,,info@witte-verheul.nl,VastgoedPRo,Skarabee,01-05-2017,mei-2017,Nee,Koppeling,Jelle,Jelle,✓,Ja compleet,Ja,Ja actief en compleet,,,,,,,,,
362,55996,WM Makelaardij & Taxaties,HELLEVOETSLUIS,Zuid-Holland,3223MN,nan,,info@wmmakelaardij.nl,VastgoedPRo,Skarabee,01-05-2017,mei-2017,Nee,Koppeling,Jelle,Jelle,✓,Ja compleet,Ja,Ja actief en compleet,,,,,,,,,
363,50681,Wonen & Welzijn,KERKDRIEL,Gelderland,5324AT,nan,,info@wonenenwelzijn.nl,VastgoedPRo,Skarabee,01-05-2017,mei-2017,Nee,Koppeling,Jelle,Jelle,✓,Ja compleet,Ja,Ja actief en compleet,,,,,,,,,
364,53053,Wonen Breburg,TILBURG,Noord-Brabant,5041AB,35,,info@wonenbreburg.nl,VastgoedPRo,Skarabee,01-05-2017,mei-2017,Nee,Koppeling,Jelle,Jelle,✓,Ja compleet,Ja,Ja actief en compleet,,,,,,,,,
365,61504,Woningpakket,DEVENTER,Overijssel,7411PD,nan,,info@woningpakket.nl,VastgoedPRo,Skarabee,01-05-2017,mei-2017,Nee,Koppeling,Philip,Jelle,✓,Ja compleet,Ja,Ja actief en compleet,,,,,,,,,
366,49726,Van Brugge Adviesgroep,APELDOORN,Gelderland,7311AG,6,,apeldoorn@vanbruggen.nl,VastgoedPRo,Skarabee,01-05-2017,mei-2017,Nee,Koppeling,Philip,Jelle,✓,Ja compleet,Ja,Ja actief en compleet,,,,,,,,,
367,55314,Wooncoach,TERNEUZEN,Zeeland,4532GA,15A,,info@wooncoach.nl,VastgoedPRo,Skarabee,01-05-2017,mei-2017,Nee,Koppeling,Jelle,Jelle,✓,Ja gedeeltelijk,Nee,Ja nog niet compleet,,,,,,,,,
368,49690,Woonhuis Makelaardij,HOOGERHEIDE,Noord-Brabant,4631NB,67,,info@woonhuis-zwh.nl,VastgoedPRo,Skarabee,01-05-2017,mei-2017,Nee,Koppeling,Jelle,Jelle,✓,Ja compleet,Ja,Ja actief en compleet,,,,,,,,,
369,49182,Woonkenners.nl,KAATSHEUVEL,Noord-Brabant,5171DJ,17,,info@woonkenners.nl,VastgoedPRo,Skarabee,01-05-2017,mei-2017,Nee,Koppeling,Jelle,Jelle,✓,Ja compleet,Ja,Ja actief en compleet,,,,,,,,,
370,56262,Woonzeker,Den Haag,Zuid-Holland,2508EC,131,,kantoor@woonzeker.com,VastgoedPRo,Skarabee,01-05-2017,mei-2017,Nee,Koppeling,JP,JP,✓,Ja compleet,Ja,Ja actief en compleet,,,,,,,,,
371,52903,Your Home Makelaardij,Amsterdam,Noord-Holland,1079KJ,95,,info@yourhome.nl,VastgoedPRo,Skarabee,01-05-2017,mei-2017,Nee,Koppeling,JP,JP,✓,Ja compleet,Ja,Ja actief en compleet,,,,,,,,,
372,60135,ZekerWonen - Aankoopmakelaardij & Taxatie,AMSTERDAM,Noord-Holland,1055RD,350A1.3F,,info@zeker-wonen.nl,VastgoedPRo,Skarabee,01-05-2017,mei-2017,Nee,Koppeling,JP,JP,✓,Ja compleet,Ja,Ja actief en compleet,,,,,,,,,
373,49183,ZLTO Vastgoed,Den Bosch,Noord-Brabant,5223DE,225,,secretariaatvastgoed@zlto.nl,VastgoedPRo,Skarabee,01-05-2017,mei-2017,Nee,Koppeling,Jelle,Jelle,✓,Ja compleet,Ja,Ja actief en compleet,,,,,,,,,
374,56792,Zodus Makelaars Veghel BV,Veghel,Noord-Brabant,5461GM,nan,,info@zodus.nl,VastgoedPRo,Skarabee,01-05-2017,mei-2017,Nee,Koppeling,Jelle,Jelle,✓,Ja compleet,Ja,Ja actief en compleet,,,,,,,,,
375,51430,Zoonen Commercieel Vastgoed,EDE (GLD),Gelderland,6716AA,17G,,info@zoonenvastgoed.nl,VastgoedPRo,Skarabee,01-05-2017,mei-2017,Nee,Koppeling,Philip,Jelle,✓,Ja compleet,Ja,Ja actief en compleet,,,,,,,,,
376,48856,4x1 Makelaardij,HOORN (nh),Noord-Holland,1621KA,3a,,info@4x1.nl,VastgoedPRo,Realworks,01-05-2017,mei-2017,Nee,Koppeling,JP,JP,✓,Ja compleet,Ja,Ja actief en compleet,,Ja,1,Ja,Ja DvD,7-1-2019,https://www.4x1.nl/,https://www.pararius.nl/,
377,60743,Dolphijn NVM Makelaardij,MAASSLUIS,Zuid-Holland,3144DN,107,,info@dolphijnmakelaardij.nl,NVM,Realworks,01-05-2017,mei-2017,Nee,Koppeling,JP,JP,✓,Ja compleet,Ja,Ja actief en compleet,,,,,,,,,
378,51524,Honings Vastgoed,BOCHOLTZ,Limburg,6351GM,nan,,rob@honingsvastgoed.nl,VastgoedPRo,Realworks,01-05-2017,mei-2017,Nee,Koppeling,Jelle,Jelle,✓,Ja compleet,Ja,Ja actief en compleet,,,,,,,,,
379,58108,Ilzze Makelaardij,HEESCH,Noord-Brabant,5384MN,19,,info@ilzze.nl,VastgoedPRo,Realworks,01-05-2017,mei-2017,Nee,Koppeling,Jelle,Jelle,✓,Ja compleet,Ja,Ja actief en compleet,,,,,,,,,
380,50237,J2 Makelaardij,Oosterhout (NB),Noord-Brabant,4904WE,nan,,info@j2makelaardij.nl,VastgoedPRo,Realworks,01-05-2017,mei-2017,Nee,Koppeling,Jelle,Jelle,✓,Ja compleet,Ja,Ja actief en compleet,,,,,,,,,
381,49484,Kempers & Koppenol Makelaardij B.V,HELLEVOETSLUIS,Zuid-Holland,3223KH,18,,info@kemperskoppenol.nl,VastgoedPRo,Realworks,01-05-2017,mei-2017,Nee,Koppeling,Jelle,Jelle,✓,Ja compleet,Ja,Ja actief en compleet,,,,,,,,,
382,48793,Makelaardij de Leygraaf,OSS,Noord-Brabant,5345SN,38,,info@huisvinder.nl,VastgoedPRo,Realworks,01-05-2017,mei-2017,Nee,Koppeling,Jelle,Jelle,✓,Ja compleet,Ja,Ja actief en compleet,,,,,,,,,
383,50019,Maximaal Makelaars,Den Haag,Zuid-Holland,2718NS,126,,info@maximaalmakelaars.nl,VastgoedPRo,Realworks,01-05-2017,mei-2017,Nee,Koppeling,JP,JP,✓,Ja compleet,Ja,Ja actief en compleet,,,,,,,,,
384,59206,Orion Makelaardij B.V.,SITTARD,Limburg,6132CD,135,,ronsmeets@hotmail.com,VastgoedPRo,Realworks,01-05-2017,mei-2017,Nee,Koppeling,Jelle,Jelle,✓,Ja compleet,Ja,Ja actief en compleet,,,,,,,,,
385,61296,Residentia projectmakelaars,RIJSSEN,Overijssel,7461DA,69,,info@residentia.nl,VastgoedPRo,Realworks,01-05-2017,mei-2017,Nee,Koppeling,Philip,Jelle,✓,Ja compleet,Ja,Ja actief en compleet,Verstuurd,,,,,,,,
386,49823,Van Amerom Makelaardij O.G.,ZWOLLE,Overijssel,8011PA,1,,info@vanamerom.com,VastgoedPRo,Realworks,01-05-2017,mei-2017,Nee,Koppeling,Philip,JP,✓,Ja compleet,Ja,Ja actief en compleet,,,,,,,,,
387,58385,Van Dal Makelaardij,Tilburg,Noord-Brabant,5014HK,221,,info@vandalmakelaardij.nl,VastgoedPRo,Realworks,01-05-2017,mei-2017,Nee,Koppeling,Jelle,Jelle,✓,Ja compleet,Ja,Ja actief en compleet,Verstuurd,,,Ja,,,,,
388,51526,Veldman Makelaardij,DUIVEN,Gelderland,6921TD,26,,info@veldmanmakelaardij.nl,NVM,Realworks,01-05-2017,mei-2017,Nee,Koppeling,Philip,Jelle,✓,Ja compleet,Ja,Ja actief en compleet,,,,,,,,,
389,48959,Makelaardij Bommelerwaard,Ammerzoden,Gelderland,5300CD,2171,JD van Lith,info@makelaardijbommelerwaard.nl,VBO,Venum,19-05-2017,mei-2017,Ja,Beurs,Jelle,Jelle,✓,Ja compleet,Ja,Ja actief en compleet,,Ja,,Ja,Ja JH,1-6-2017,https://www.makelaardijbommelerwaard.nl/16-ec03/website-links/interessante-links-woning-te-koop-bommelerwaard,https://www.pararius.nl/,
390,53713,Makelaardij Geldermalsen,Geldermalsen,Gelderland,4191TM,5,Ernst Blom,info@makelaardijgeldermalsen.nl,VBO,Venum,19-05-2017,mei-2017,Ja,Beurs,Philip,Jelle,✓,Ja compleet,Nee,Ja nog niet compleet,,Ja,,Ja,Ja JH,8-8-2017,https://www.makelaardijgeldermalsen.nl/16-7601/website-links/tuinman-bouwbedrijf-administratiekantoor-geldermalsen-hypotheekadviseur-aanbouw-tuin-makelaar,https://www.pararius.nl/koopwoningen/geldermalsen,
391,56616,Team Wwm Makelaars,Hengelo (OV),Overijssel,7556TV,41,Tanja Mulder,info@team-wwm.nl,VBO,Venum,19-05-2017,mei-2017,Ja,Beurs,Philip,Jelle,✓,Ja compleet,Ja,Ja actief en compleet,,Ja,,Ja,Ja JH,2-6-2017,http://www.team-wwm.nl/,https://www.pararius.nl/koopwoningen/?,
392,49790,Twan Kesseler Makelaardij,Heumen,Gelderland,6582AL,nan,Twan Kesseler,info@twankesseler.nl,VBO,Venum,19-05-2017,mei-2017,Ja,Beurs,Philip,Jelle,✓,Ja compleet,Ja,Ja actief en compleet,,Ja,,Ja,Ja JH,02-08-2017,https://www.twankesseler.nl/8-3fd5/website-links/links,https://www.pararius.nl/,
393,55943,De Vastgoed Experts B.V.,Rotterdam,Zuid-Holland,3064LA,39,A.H. van de Ruit,kantoor@devastgoedexperts.nl,VBO,Venum,19-05-2017,mei-2017,Ja,Beurs,JP,JP,✓,Ja compleet,Ja,Ja actief en compleet,,Ja,,Ja,Ja JP,12-12-2017,https://www.devastgoedexperts.nl/16-3a20/website-links/links,https://www.pararius.nl/,
394,57591,Verzijlbergen Makelaardij,Haarlem,Noord-Holland,2031BN,19,Rob Verzijlbergen,rob.verzijlbergen@gmail.com,VBO,Venum,19-05-2017,mei-2017,Ja,Beurs,JP,JP,✓,Ja compleet,Ja,Ja actief en compleet,,Ja,,Ja,Ja JP,03-07-17,http://Verzijlbergenmakelaardij.nl,https://www.pararius.nl/koopwoningen/amsterdam,
395,50533,Interhuys Makelaars,Nieuwe Pekela,Groningen,9663ZG,25,H. Norder,info@interhuysmakelaars.nl,Onafhankelijk,Anders,19-05-2017,mei-2017,Ja,Beurs,JP,JP,IAV,IAV,,,,Ja,,,,,,,"1 woning via Huislijn, voornamelijk aanbod in Duitsland"
396,56215,STARK Real Estate,Den Haag,Zuid-Holland,2596HH,318,Karola Grunenbaum,home@starkrealestate.nl,Onafhankelijk,Pararius Office,19-05-2017,mei-2017,Ja,Beurs,JP,JP,✓,Ja compleet,Ja,Ja actief en compleet,,Ja,,,,,,,
397,56470,Appletree makelaardij,Oud beijerland,Zuid-Holland,3262SJ,nan,Saskia Uittenbogaard Klaassen,saskia@appletreemakelaardij.nl,VBO,Venum,19-05-2017,mei-2017,Ja,Beurs,Jelle,Jelle,✓,Ja compleet,Ja,Ja actief en compleet,Verstuurd,Ja,,Ja,Ja DvD,9-8-2018,https://www.appletreemakelaardij.nl/,https://www.pararius.nl/,
398,57916,B&B Makelaardij,Rotterdam,Zuid-Holland,2908LW,nan,Alexander Berdisjev,info@benbmakelaardij.nl,VBO,Venum,19-05-2017,mei-2017,Ja,Beurs,JP,JP,IAV,IAV,,,,Ja,,,,,,,
399,55268,Dé Beheermakelaar,Utrecht,Utrecht,3581HK,nan,G. van Maaren,info@debeheermakelaar.nl,VBO,Venum,19-05-2017,mei-2017,Ja,Beurs,Jelle,Jelle,✓,Ja compleet,Ja,Ja actief en compleet,,Ja,,Nee,,,,,
400,50551,Groenendael Makelaardij,Woerden,Utrecht,3441BE,32a,C.A.J. Kooijman,info@gmwoerden.nl,VBO,Venum,19-05-2017,mei-2017,Ja,Beurs,JP,JP,✓,Ja compleet,Nee,Ja actief en compleet,,Ja,,Nee,,,,,
401,53082,NoordOost Wonen,Dedemsvaart,Overijssel,7701WP,70,Peter Boedeltje,info@noordoostwonen.nl,VBO,Venum,19-05-2017,mei-2017,Ja,Beurs,Philip,Jelle,✓,Ja compleet,Ja,Ja actief en compleet,,Ja,,Nee,,,,,
402,48854,RE/MAX Totaal Makelaars,Rotterdam,Zuid-Holland,3051BG,30,Joyce Elias,joyceelias@remax.nl,VBO,Venum,19-05-2017,mei-2017,Ja,Beurs,JP,JP,x,Nee,Ja,Ja nog niet compleet,,Ja,,,,,,,in afwachting Pararius Office
403,49835,Remax Woonwensmakelaars,Roosendaal,Noord-Brabant,4701GZ,43133,Johnny mijs,johnnymijs@remax.nl,VBO,Venum,19-05-2017,mei-2017,Ja,Beurs,Jelle,Jelle,✓,Ja compleet,Ja,Ja actief en compleet,,Ja,,Nee,,,,,in afwachting Pararius Office
404,52121,Rots Vast Den Haag,Den Haag,Zuid-Holland,2518BC,73,Gerrit Hilbrands,g.hilbrands@denhaag-rotsvast.nl,VBO,Pararius Office,19-05-2017,mei-2017,Ja,Beurs,JP,JP,✓,Ja compleet,Ja,Ja actief en compleet,,Ja,,Nee,,,,,
405,49988,Woonbox Makelaardij,Boxtel,Noord-Brabant,5281RN,nan,Anjo van der Heijden,info@woonboxmakelaardij.nl,VBO,Venum,19-05-2017,mei-2017,Ja,Beurs,Jelle,Jelle,✓,Ja compleet,Ja,Ja actief en compleet,,Ja,,Nee,,,,,
406,52830,JLG Real Estate,Amsterdam,Noord-Holland,1073CZ,42,Dimitry Jansen,dimitry@jlg.nl,NVM,Realworks,19-05-2017,mei-2017,Ja,Beurs,JP,JP,✓,Ja compleet,Ja,Ja actief en compleet,,Ja,,Nee,,,,,
407,57424,Ron Schipper Makelaardij,Haarlem,Noord-Holland,2032RN,104,Ron Schipper,info@ronschippermakelaardij.nl,VastgoedPRo,Skarabee,20-05-2017,mei-2017,Ja,Beurs,JP,JP,✓,Ja compleet,Ja,Ja actief en compleet,,Ja,,Nee,,,,,
408,56384,Premium Huis Bouw BV,Den Haag,Zuid-Holland,2563AE,299,N.Voortmeijer,info@premiumhuis.com,Onafhankelijk,Venum,23-05-2017,mei-2017,Ja,Beurs,JP,JP,✓,Ja compleet,Ja,Ja actief en compleet,,Ja,,Nee,,,,,
409,56642,Regent Makelaars,Oudehaske,Friesland,8465MB,nan,Ellen de Vries,ellen@regentmakelaars.nl,VBO,Realworks,23-05-2017,mei-2017,Ja,Beurs,JP,JP,✓,Ja compleet,Ja,Ja actief en compleet,,Ja,,Ja,Ja DvD,23-10-2018,https://www.regentmakelaars.nl/,https://www.pararius.nl/koopwoningen/,
410,48824,Adwil Vastgoed BV,Rotterdam,Zuid-Holland,3083LB,26A,P. Gillet,phl.gillet@gmail.com,VBO,Venum,24-05-2017,mei-2017,Ja,Beurs,JP,JP,✓,Ja compleet,Ja,Ja actief en compleet,,Ja,,Ja,Ja JP,12-05,https://www.adwil.nl/,https://www.pararius.nl/koopwoningen/rotterdam,
411,52952,Prima Makelaars,Rotterdam,Zuid-Holland,3083LB,26,Peter Verheij,info@primamakelaars.com,Onafhankelijk,Pararius Office,26-05-2017,mei-2017,Ja,Beurs,JP,JP,✓,Ja compleet,Ja,Ja actief en compleet,,Ja,,Nee,,,,,
412,52097,De Ruyters Makelaardij,Den Haag,Zuid-Holland,2593BT,22,Irshaad Sardar,info@deruyters.nl,Onafhankelijk,Pararius Office,28-05-2017,mei-2017,Ja,Mailing,JP,JP,✓,Ja compleet,Ja,Ja actief en compleet,,Ja,,Nee,,,,,
413,53211,Bianca Combee Housing Service,Amstelveen,Noord-Holland,1182GV,181,Bianca,info@biancacombee.nl,Onafhankelijk,Goes&Roos,29-05-2017,mei-2017,Ja,Sales,JP,JP,✓,Ja compleet,Ja,Ja actief en compleet,,Ja,,,,,,,
414,49352,Pooters Makelaardij,Maastricht,Limburg,6226HR,15,Gyvan Pooters,administratie@pooters-makelaardij.nl,VBO,Venum,29-05-2017,mei-2017,Ja,Mailing,Jelle,Jelle,✓,Ja compleet,Ja,Ja actief en compleet,,Ja,,Ja,Ja JH,8-12-2017,https://www.pooters-makelaardij.nl/nl/,https://www.pararius.nl/koopwoningen,
415,55934,IJisberg Real Estate,Amsterdam,Noord-Holland,1161VB,69,De heer Gino IJisberg,info@ijisbergrealestate.com,Onafhankelijk,Anders,29-05-2017,mei-2017,Ja,Mailing,JP,JP,✓ Directe XML (niet via KA),Ja compleet,Ja,Ja actief en compleet,,Ja,,Nee,,,,,
416,56971,Juistwonen,Rotterdam,Zuid-Holland,3045PK,347,K. Los,info@juistwonen.nl,Onafhankelijk,Anders,29-05-2017,mei-2017,Ja,Mailing,JP,JP,IAV,IAV,,,,Ja,,,,,,,
417,56974,Momo makelaardij,Zandvoort,Noord-Holland,2041CX,nan,Boyd Minnebo,boyd@momomakelaardij.nl,Onafhankelijk,Pararius Office,29-05-2017,mei-2017,Ja,Mailing,JP,JP,✓,Ja compleet,Ja,Ja actief en compleet,,Ja,,,,,,,
418,53150,Van der Meulen Makelaardij o.g.,Schoorl,Noord-Holland,1871CV,45A,H. van der Meulen,info@vandermeulenmakelaardij.nl,Onafhankelijk,Anders,29-05-2017,mei-2017,Ja,Mailing,JP,JP,✓ Directe XML (niet via KA),Ja compleet,Ja,Ja actief en compleet,,Ja,,Nee,,,,,
419,52609,Tijmen Kroes Makelaardij,Apeldoorn,Gelderland,7312AA,260,Frank Huibers,makelaardij@tijmenkroes.nl,NVM,Goes&Roos,29-05-2017,mei-2017,Ja,Mailing,Philip,Jelle,✓,Ja compleet,Ja,Ja actief en compleet,,Ja,,Ja,Ja JH,14-07-2017,http://www.tijmenkroes.nl/,https://www.pararius.nl/,
420,52396,EasyMakelaars,Leiden,Zuid-Holland,2312DW,19,Outman,outman@easymakelaars.nl,VBO,Pararius Office,29-05-2017,mei-2017,Ja,Mailing,JP,JP,✓,Ja compleet,Ja,Ja actief en compleet,,Ja,,Nee,,,,,
421,52102,Jaspers Wooncomfort,Helmond,Noord-Brabant,5701KR,42,J.P. Jaspers,info@jasperswooncomfort.nl,Onafhankelijk,Direct,29-05-2017,mei-2017,Ja,Mailing,Jelle,Jelle,✓,Ja compleet,Ja,Ja actief en compleet,,Ja,,,,,,,
422,52560,HousingNet,Amsterdam,Noord-Holland,1073RR,14HS,Marco Kramer,info@housingnet.nl,VBO,Venum,29-05-2017,mei-2017,Ja,Mailing,JP,JP,✓,Ja compleet,Ja,Ja actief en compleet,,Ja,,,,,,,heeft momenteel geen koopobjecten in aanbod
423,56925,Nieuw Amsterdams Huys,Amsterdam,Noord-Holland,1012DK,193,Willem van Galen Last,willem@amsterdamshuys.nl,VBO,Realworks,29-05-2017,mei-2017,Ja,Mailing,JP,JP,✓,Ja compleet,Ja,Ja actief en compleet,,Ja,,Ja,Ja JP,12-05,https://www.nieuwamsterdamshuys.nl/,https://www.pararius.nl/huurwoningen/amsterdam,Wilde link maar wel naar huur
424,57670,ACM Makelaardij BV,Nijmegen,Gelderland,6511NX,58,Elly Kwakkernaat,e.kwakkernaat@acmmakelaardij.nl,NVM,Realworks,29-05-2017,mei-2017,Ja,Mailing,Philip,Jelle,✓,Ja compleet,Ja,Ja actief en compleet,,Ja,,Ja,,,,,
425,51179,Amstel Property Agency,Amsterdam,Noord-Holland,1114AB,901-999,C.M. Dunne,info@amstel-property.com,Onafhankelijk,Realworks,29-05-2017,mei-2017,Ja,Mailing,JP,JP,✓,Ja compleet,Ja,Ja actief en compleet,,Ja,,,,,,,
426,56465,De Woonmeester,Westzaan,Noord-Holland,1551EK,60,Jeroen Zuidema,jeroenzuidema@dewoonmeester.nl,Onafhankelijk,Realworks,29-05-2017,mei-2017,Ja,Mailing,JP,JP,✓,Ja compleet,Ja,Ja actief en compleet,,Ja,,,,,,,
427,56750,Makelaarshuis Helmond,Helmond,Noord-Brabant,5707LC,85,E.J. Klawer,info@makelaarshuishelmond.nl,Onafhankelijk,Realworks,29-05-2017,mei-2017,Ja,Mailing,Jelle,Jelle,✓,Ja compleet,Ja,Ja actief en compleet,,Ja,,Ja,Ja DvD,4-6-2018,https://www.makelaarshuishelmond.nl/,https://www.pararius.nl/,"Realworks gekoppeld, aanbod echter via Venum & huislijn"
428,53310,Domica Venlo,Venlo,Limburg,5911BZ,18,Henry van Swam,venlo@domica.nl,Onafhankelijk,Venum,30-05-2017,mei-2017,Ja,Mailing,Jelle,Jelle,✓,Ja compleet,Ja,Ja actief en compleet,,Ja,,Nee,,,,,
429,55299,DE KEI MAKELAARDIJ,Amersfoort,Utrecht,3812NR,nan,D.V. Bonink,denis@dekeimakelaardij.nl,VBO,Realworks,30-05-2017,mei-2017,Ja,Mailing,Jelle,Jelle,✓,Ja compleet,Ja,Ja actief en compleet,,Ja,,Ja,Ja JH,12-6-2017,http://www.dekeimakelaardij.nl/,https://www.pararius.nl/koopwoningen/amersfoort?,huislijn uitgesloten - aanbod 50% venum 50% realworks
430,52850,Covers en Jonker Makelaars,Utrecht,Utrecht,3512LS,26,Bastiaan Jonker,bastiaan@coversjonker.nl,NVM,Realworks,30-05-2017,mei-2017,Ja,Mailing,Jelle,Jelle,✓,Ja compleet,Ja,Ja actief en compleet,,Ja,,Nee,,,,,
431,51888,iQ Makelaars B.V.,Almelo,Overijssel,7609RG,34,Thijs Geerdink,info@iqmakelaars.nl,VastgoedPRo,Realworks,31-05-2017,mei-2017,Ja,Sales,Philip,Jelle,✓,Ja compleet,Ja,Ja actief en compleet,,Ja,,Nee,,,,,
432,57713,Lankhorst Vastgoed,Amsterdam,Noord-Holland,1011KB,95,DA Lankhorst,dimitri@lankhorstmakelaars.nl,Onafhankelijk,Realworks,31-05-2017,mei-2017,Ja,Mailing,JP,JP,✓,Ja compleet,Ja,Ja actief en compleet,,Ja,,Ja,Ja DvD,12-7-2018,http://lankhorstmakelaars.nl/,https://www.pararius.nl/,
433,49937,Havinga makelaardij,Briltil,Groningen,9805TC,38,Arina Havinga,arina@havingamakelaardij.nl,VBO,Goes&Roos,01-06-2017,jun.-2017,Ja,Mailing,JP,JP,✓,Ja compleet,Ja,Ja actief en compleet,,Ja,,Ja,,,,,
434,57733,Houdel Makelaardij,Hardenberg,Overijssel,7770AB,60,E.M. Houdel,info@houdelmakelaardij.nl,VBO,Venum,01-06-2017,jun.-2017,Ja,Mailing,Philip,Jelle,✓,Ja compleet,Ja,Ja actief en compleet,,Ja,,Ja,Ja JH,8-6-2017,https://www.houdelmakelaardij.nl/,https://www.pararius.nl/koopwoningen/hardenberg,
435,50598,DEMAKELAAR,Wijchen,Gelderland,6605WJ,2523,Irene Nieukerke,Irene@demakelaar.info,NVM,Venum,01-06-2017,jun.-2017,Ja,Mailing,Philip,Jelle,✓,Ja compleet,Ja,Ja actief en compleet,,Ja,,Ja,Ja JH,2-6-2017,https://www.demakelaar.info/23-e0e1/website-links/links,https://www.pararius.nl/koopwoningen/wijchen,
436,49581,AXA Makelaardij,Den Haag,Zuid-Holland,2275BG,233,Joey,info@axamakelaardij.nl,Onafhankelijk,Direct,01-06-2017,jun.-2017,Nee,Sales,JP,JP,✓ Directe XML (niet via KA),Nee,Ja,Ja actief en compleet,,,,Ja,Ja JP,02-06-2017,http://www.axamakelaardij.nl/nl/home,https://www.pararius.nl/koopwoningen/den-haag,
437,56770,AnderZ makelaar,Groningen,Groningen,9726BA,17,Martin Hammega,martin@anderzmakelaar.nl,VBO,Venum,01-06-2017,jun.-2017,Ja,Mailing,JP,JP,✓,Ja compleet,Ja,Ja actief en compleet,,Ja,,Ja,Ja JP,28-06,https://anderzmakelaar.nl/links/,www.pararius.nl ,alleen huislijn uitgesloten. DvD - website ligt er tijdelijk uit (08-08-2017)
438,56965,Makelaars Anno Nu b.v,Amsterdam,Noord-Holland,1087KM,1495 - 1497,M. Vogt,info@makelaarsannonu.nl,VBO,Venum,01-06-2017,jun.-2017,Ja,Mailing,JP,JP,✓,Ja compleet,Ja,Ja actief en compleet,,Ja,,Ja,Ja JP,09-06,http://www.mak...arsannonu.nl/,https://www.pararius.nl/,
439,50247,VTH Makelaardij,Bussum,Noord-Holland,1403CJ,38,M. van Tetering,info@vthmakelaardij.nl,VBO,Venum,01-06-2017,jun.-2017,Ja,Mailing,JP,JP,✓,Ja compleet,Ja,Ja actief en compleet,,Ja,,Ja,Ja JP,12-06,http://www.vthmakelaardij.nl/,www.pararius.nl/koopwoningen,
440,61297,Jouw Makelaar,Bergen op Zoom,Noord-Brabant,4615HS,nan,Kevin Geers,info@jouw-makelaar.nl,VBO,Goes&Roos,01-06-2017,jun.-2017,Ja,Mailing,Jelle,Jelle,✓,Ja compleet,Ja,Ja actief en compleet,,Ja,,Ja,Ja JH,17-08,http://www.brabantsewal.vrijehuizenmarkt.nl/,https://www.pararius.nl/koopwoningen/bergen-op-zoom,was voorheen Vrijehuizenmarkt Bergen op Zoom
441,50034,Timmers en Timmers makelaardij en hypotheken,Heerlen,Limburg,6411CC,12,I.W.L. Timmers,ivo@timmersentimmers.nl,VastgoedPRo,Skarabee,01-06-2017,jun.-2017,Ja,Mailing,Jelle,Jelle,✓,Ja compleet,Ja,Ja actief en compleet,,Ja,,Nee,,,,,
442,50099,Arnold Taal Makelaardij,Den Haag,Zuid-Holland,2517AW,139,Arnold Taal,info@arnoldtaal.nl,VBO,Venum,01-06-2017,jun.-2017,Ja,Mailing,JP,JP,✓,Ja compleet,Ja,Ja actief en compleet,,Ja,,Ja,,,,,
443,53438,Best Housing,Best,Noord-Brabant,5684NV,13,Sandra van den Bosch,sandra@best-housing.nl,VBO,Venum,01-06-2017,jun.-2017,Ja,Mailing,Jelle,Jelle,✓,Ja compleet,Ja,Ja actief en compleet,,Ja,,Ja,,,,,
444,56627,De Oude Stad makelaardij,Amsterdam,Noord-Holland,1018WA,70,Hugo Jonkhoff,info@deoudestadmakelaardij.nl,VBO,Venum,01-06-2017,jun.-2017,Ja,Mailing,JP,JP,✓,Ja compleet,Ja,Ja actief en compleet,,Ja,,,,,,,Op dit moment (14/6) geen aanbod. DvD
445,51141,Keizer Makelaardij,Dieverbrug,Drenthe,7984NH,51,Mw. J. Keizer,info@keizermakelaardij.nl,VBO,Venum,01-06-2017,jun.-2017,Ja,Mailing,Philip,JP,✓,Ja compleet,Ja,Ja actief en compleet,,Ja,,Nee,,,,,
446,55940,Ons Wooneiland,Burgh Haamstede,Zeeland,4328RN,17,Nadja Bom,nadja@onswooneiland.nl,VBO,Venum,01-06-2017,jun.-2017,Ja,Mailing,Jelle,Jelle,✓,Ja compleet,Ja,Ja actief en compleet,,Ja,,Nee,,,,,
447,55904,RE/MAX Multi Makelaars,Haarlem,Noord-Holland,2031BN,19,Gerard Kampijon,gerardkampijon@remax.nl,VBO,Venum,01-06-2017,jun.-2017,Ja,Mailing,JP,JP,✓,Ja compleet,Ja,Ja actief en compleet,,Ja,,Nee,,,,,
448,50433,Tol Makelaardij,Amsterdam,Noord-Holland,1102TS,103,C. Tol,info@tolmakelaardij.nl,VBO,Venum,01-06-2017,jun.-2017,Ja,Mailing,JP,JP,✓,Ja compleet,Ja,Ja actief en compleet,,Ja,,,,,,,
449,57047,Uw Paleis,Lelystad,Flevoland,8242BA,01-16,Rogier Zwarthoff,mail@uwpaleis.nl,VBO,Venum,01-06-2017,jun.-2017,Ja,Mailing,JP,JP,✓,Ja compleet,Ja,Ja actief en compleet,,Ja,,Ja,Ja DvD,20-11-2018,https://www.uwpaleis.nl/,https://www.pararius.nl/makelaars/lelystad/uw-paleis-hypotheek,
450,49844,Vikas Vastgoed,Amsterdam,Noord-Holland,1102JD,56 D,A. Ramjiawan,makelaar@vikasvastgoed.nl,Onafhankelijk,Venum,01-06-2017,jun.-2017,Ja,Mailing,JP,JP,✓,Ja compleet,Ja,Ja actief en compleet,,Ja,,Nee,,,,,
451,53883	,Bentum Dragtstra,Emmen,Drenthe,8711HA,1B,L. Schuiling,Lschuiling@bentumdragtstra.nl,VBO,Realworks,01-06-2017,jun.-2017,Ja,Mailing,Philip,Jelle,✓,Ja compleet,Ja,Ja actief en compleet,,Ja,,Ja,Ja JH,6-6-2107,http://www.bentumdragtstra.nl/,https://www.pararius.nl/koopwoningen/emmen,alleen nieuw aanbod toegevoegd. Huislijn uitgesloten. DvD
452,52701,Wr makelaar,Amsterdam,Noord-Holland,1112BM,401,W. Ramautar,info@wrmakelaar.nl,VBO,Realworks,01-06-2017,jun.-2017,Ja,Mailing,JP,JP,✓,IAV,Ja,Ja actief en compleet,,Ja,,Ja,Ja JP,06-06-2017,https://www.wrmakelaar.nl/,http://www.pararius.nl/huurwoningen/amsterdam,
453,49203,Bonnike Makelaardij,Noordwijk (ZH),Zuid-Holland,2202EM,95-101,Jim Glasbergen,jim@bonnike.nl,VBO,Realworks,01-06-2017,jun.-2017,Ja,Mailing,JP,JP,✓,Ja compleet,Ja,Ja actief en compleet,,Ja,,Ja,,,,,
454,55985,Te Riele Makelaardij,Rotterdam,Zuid-Holland,3039XH,23c,Ton te Riele,info@terielemakelaardij.nl,VBO,Realworks,01-06-2017,jun.-2017,Ja,Mailing,JP,JP,x,Nee,Ja,Ja nog niet actief,,Ja,,Nee,,,,,
455,57130,Edens Makelaardij,Amsterdam,Noord-Holland,1073HC,nan,Maurits Edens,Info@edensmakelaardij.nl,VBO,Realworks,01-06-2017,jun.-2017,Ja,Mailing,JP,JP,x,Nee,Nee,Ja nog niet actief,,Ja,,Ja,Ja DvD,22-11-2018,https://www.edensmakelaardij.nl/,https://www.pararius.nl/makelaars/amsterdam/edens-makelaardij,
456,48988,Slob Makelaardij,Harmelen,Utrecht,3481HW,42,Robert Slob,info@slobmakelaardij.nl,VBO,Venum,02-06-2017,jun.-2017,Ja,Mailing,JP,JP,✓,Ja compleet,Ja,Ja actief en compleet,,Ja,,Ja,Ja JP,20-06-2017,https://www.slobmakelaardij.nl/8-f590/contact/contactgegevens,https://www.pararius.nl/koopwoningen/harmelen,
457,55410,RE/MAX Optimaal Makelaars,Lelystad,Flevoland,8232JM,11-52,Adriaan Tollenaar,info@optimaalmakelaars.nl,VBO,Venum,05-06-2017,jun.-2017,Ja,Mailing,JP,JP,✓,Ja gedeeltelijk,Nee,Ja nog niet actief,,Ja,,Nee,,,,,huislijn uitgesloten
458,55452,De Jong & Greven makelaardij o/g,Maartensdijk,Utrecht,3738CG,82,Ronald de Jong,info@dejong-greven.nl,NVM,Goes&Roos,06-06-2017,jun.-2017,Ja,Mailing,Jelle,Jelle,✓,Ja compleet,Ja,Ja actief en compleet,,Ja,,Ja,Ja JH,18-08-2017,http://www.dejong-greven.nl/,https://www.pararius.nl/koopwoningen/,aanbod via huislijn
459,55659,Woningadviseurs,Zeist,Utrecht,3700AW,890,T. Ekhart,timo@woningadviseurs.nl,NVM,Eye Move,06-06-2017,jun.-2017,Ja,Mailing,Jelle,Jelle,IAV,IAV,Nee,Ja nog niet actief,,Ja,,,,,,,IAV
460,57791,Makelaardij ASSEN,Assen,Drenthe,9403NX,nan,Henk Assen,h.assen@makelaardij-assen.nl,NVM,Goes&Roos,06-06-2017,jun.-2017,Ja,Mailing,Philip,JP,✓,Ja compleet,Ja,Ja actief en compleet,,Ja,,Nee,,,,,
461,57799,Van A tot Z makelaardij,Amsterdam,Noord-Holland,1081GG,2a,Anoeska van Zoelen,annoeska@vanatotzmakelaardij.nl,NVM,Goes&Roos,06-06-2017,jun.-2017,Ja,Mailing,JP,JP,✓,Ja gedeeltelijk,Nee,Ja nog niet compleet,,Ja,,Nee,,,,,
462,48867,Houvast makelaars,Winterswijk,Gelderland,7101DD,nan,J. Houwers,winterswijk@houvastmakelaars.nl,Onafhankelijk,Realworks,06-06-2017,jun.-2017,Ja,Mailing,Philip,Jelle,✓,Ja compleet,Ja,Ja actief en compleet,,Ja,,Ja,Ja JH,9-6-2017,http://www.houvastmakelaars.nl/,https://www.pararius.nl/koopwoningen/winterswijk,
463,55395,Joosen WoonMakelaars,Raamsdonksveer,Noord-Brabant,4941AX,nan,Jacqueline de Wil,info@woonmakelaars.nu,NVM,Realworks,06-06-2017,jun.-2017,Ja,Mailing,Jelle,Jelle,✓,Ja compleet,Ja,Ja actief en compleet,,Ja,,Ja,Ja JH,13-6-2017,http://www.woonmakelaars.nu/,https://www.pararius.nl/,
464,51676,Onesta Vastgoed,Den Haag,Zuid-Holland,2514CB,9-D,Hilde,info@onesta-vastgoed.com,VBO,Realworks,06-06-2017,jun.-2017,Ja,Mailing,JP,JP,✓,Ja compleet,Ja,Ja actief en compleet,,Ja,,Ja,Ja JH,9-6-2017,https://www.onesta-vastgoed.com/nl/home,https://www.pararius.nl/,
465,51352,Van der Wal makelaars o.g.,Zaltbommel,Gelderland,5301AS,14,Joor Oskam,info@vanderwal.nl,NVM,Realworks,06-06-2017,jun.-2017,Ja,Mailing,Jelle,Jelle,✓,Ja compleet,Ja,Ja actief en compleet,,Ja,,Ja,Ja JH,6-6-2017,http://www.vanderwal.nl/,https://www.pararius.nl/,aanbod dat online staat komt via huislijn
466,53389,Amstel Makelaardij o.g.,Amstelveen,Noord-Holland,1182HJ,154,Steffi van den Heuvel,info@amstelmakelaardij.nl,NVM,Realworks,06-06-2017,jun.-2017,Ja,Mailing,JP,JP,✓,Ja compleet,Ja,Ja actief en compleet,,Ja,,Ja,Ja JP,09-06,http://www.amstelmakelaardij.nl/,https://www.pararius.nl/koopwoningen/amstelveen,
467,50726,De Bree Makelaardij,Koog aan de Zaan,Noord-Holland,1541KG,87,E. de Bree,info@debreemakelaardij.nl,NVM,Realworks,06-06-2017,jun.-2017,Ja,Mailing,JP,JP,✓,Ja compleet,Ja,Ja actief en compleet,,Ja,,Ja,Ja JP,22-06-2017,http://www.debreemakelaardij.nl/,https://www.pararius.nl/,
468,55427,Bint makelaardij,Sneek,Friesland,8600AE,43,Germ Wijnia,germ@bintmakelaardij.nl,NVM,Realworks,06-06-2017,jun.-2017,Ja,Mailing,JP,JP,✓,Ja compleet,Ja,Ja actief en compleet,,Ja,,Ja,Ja DvD,27-7-2018,https://www.bintmakelaardij.nl/,https://www.pararius.nl/koopwoningen/sneek,aanbod via huislijn
469,50766,Bogaers Makelaardij,Made,Noord-Brabant,4921EW,19,Ronnie Bogaers,info@bogaersmakelaardij.nl,NVM,Realworks,06-06-2017,jun.-2017,Ja,Mailing,Jelle,Jelle,✓,Ja compleet,Ja,Ja actief en compleet,,Ja,,Nee,,,,,
470,53975,De Graaf & Groot Makelaars,Amsterdam,Noord-Holland,1071HJ,58,Pauline Bruyel,p.bruyel@degraafengroot.nl,NVM,Realworks,06-06-2017,jun.-2017,Ja,Mailing,JP,JP,✓,Ja compleet,Ja,Ja actief en compleet,,Ja,,Nee,Ja DvD,12-7-2018,http://www.degraafengroot.nl/,https://www.pararius.nl/,
471,49346,De Vree Makelaardij,Spijkenisse,Zuid-Holland,3207BX,nan,Melvin de Vree,info@devreemakelaardij.nl,NVM,Realworks,06-06-2017,jun.-2017,Ja,Mailing,Jelle,Jelle,✓,Ja compleet,Ja,Ja actief en compleet,,Ja,,Nee,,,,,
472,54354,Makelaardij OLAV Mariska Granneman B.V.,Veghel,Noord-Brabant,5461JS,11b,Mariska Granneman,mariska@makelaardijolav.nl,NVM,Realworks,06-06-2017,jun.-2017,Ja,Mailing,Jelle,Jelle,✓,Ja geen aanbod,Nee,Ja nog niet compleet,,Ja,,Nee,,,,,
473,51565,Makelaars@Work,Haarlem,Noord-Holland,2011NB,nan,E.R. Hahn,eric@makelaarsatwork.nl,NVM,Realworks,06-06-2017,jun.-2017,Ja,Mailing,JP,JP,✓,Ja gedeeltelijk,Nee,Ja nog niet compleet,,Ja,,,,,,,
474,54234,Makelaarskantoor Kimmel & CO,Den Haag,Zuid-Holland,2596CE,31,Sophie Jonkers,info@kimmel.nl,NVM,Realworks,06-06-2017,jun.-2017,Ja,Mailing,JP,JP,✓,Ja compleet,Ja,Ja actief en compleet,,Ja,,Nee,,,,,"huislijn uitgesloten, incompleet aanbod --> zie JP contactmomenten"
475,49736,Marcel Panis Makelaardij,Berkel Enschot,Utrecht,5056GB,23,J.G.J. Panis,info@panis.nl,NVM,Realworks,06-06-2017,jun.-2017,Ja,Mailing,Jelle,Jelle,✓,Ja compleet,Ja,Ja actief en compleet,,Ja,,Nee,,,,,
476,49081,Q Makelaars,Zwijndrecht,Zuid-Holland,3332EX,29,Marieke Roodfeld,marieke@qmakelaars.nl,VastgoedPRo,Realworks,06-06-2017,jun.-2017,Ja,Mailing,Jelle,Jelle,✓,Ja compleet,Ja,Ja actief en compleet,,Ja,,,,,,,
477,51003,Roel de Ruwe Makelaardij,Wijchen,Gelderland,6603BP,115,Susanne de Ruwe,info@roelderuwe.nl,NVM,Realworks,06-06-2017,jun.-2017,Ja,Mailing,Philip,Jelle,✓,Ja compleet,Ja,Ja actief en compleet,,Ja,,Nee,,,,,
478,52481,Systeem makelaardij,Maastricht,Limburg,6221BT,8k,Arno Wingen,willem@systeemmakelaardij.nl,NVM,Realworks,06-06-2017,jun.-2017,Ja,Mailing,Jelle,Jelle,✓,Ja compleet,Ja,Ja actief en compleet,,Ja,,Nee,,,,,
479,49343,Tulkens Makelaardij,Asten,Noord-Brabant,5721PX,nan,Léon Tulkens,info@tulkensmakelaardij.nl,NVM,Realworks,06-06-2017,jun.-2017,Ja,Mailing,Jelle,Jelle,✓,Ja compleet,Ja,Ja actief en compleet,,Ja,,Nee,,,,,aanbod dat online staat komt via huislijn
480,54758,van Geffen Makelaardij,Gorinchem,Zuid-Holland,4201CR,20,Paul van Geffen,info@vangeffen.nl,NVM,Realworks,06-06-2017,jun.-2017,Ja,Mailing,Jelle,Jelle,✓,Ja compleet,Ja,Ja actief en compleet,,Ja,,Nee,,,,,
481,51723,365 Wonen,Spijkenisse,Zuid-Holland,3201WR,nan,Onbekend - geen aanmelding,Info@365-wonen.nl,VBO,Venum,07-06-2017,jun.-2017,Nee,Mailing,Jelle,Jelle,✓,Ja compleet,Ja,Ja actief en compleet,,,,Ja,Ja JH,21-6-2017,https://www.365-wonen.nl/,https://www.pararius.nl/koopwoningen/spijkenisse,
482,51145,Buiten Makelaars,Beuningen (GLD),Gelderland,6663MA,110,Onbekend - geen aanmelding,info@buiten.nu,VBO,Venum,07-06-2017,jun.-2017,Nee,Mailing,Philip,Jelle,✓,Ja compleet,Ja,Ja actief en compleet,,,,Ja,Ja JH,29-06-2017,https://www.buiten.nu/,https://www.pararius.nl/koopwoningen/nijmegen,
483,56721,Eveline Deken Makelaar o.g.,Amstelveen,Noord-Holland,1083HN,124-128,Eveline E. Deken,info@evelinedeken.nl,NVM,Goes&Roos,07-06-2017,jun.-2017,Ja,Mailing,JP,JP,✓,Ja compleet,Ja,Ja actief en compleet,,Ja,,Nee,,,,,
484,53249,VRM-OG / Van Roijen Makelaardij o.g. B.V.,Amsterdam,Noord-Holland,1071RK,43,Boud van Roijen,info@vrm-og.nl,NVM,Goes&Roos,07-06-2017,jun.-2017,Ja,Mailing,JP,JP,✓,Ja compleet,Ja,Ja actief en compleet,,Ja,,Nee,,,,,
485,51605,Rotsvast Utrecht,Utrecht,Utrecht,3581KW,84,Reekers,r.reekers@rotsvast.nl,NVM,Pararius Office,07-06-2017,jun.-2017,Ja,Mailing,Jelle,Jelle,✓,Ja compleet,Ja,Ja actief en compleet,,Ja,,Nee,,,,,
486,59024,Regio Vastgoedmakelaars,Delfstrahuizen,Friesland,8508RA,25,R. Reekers,info@regiovastgoedmakelaars.nl,Onafhankelijk,Pararius Office,07-06-2017,jun.-2017,Ja,Mailing,JP,JP,✓,Ja compleet,Ja,Ja actief en compleet,,Ja,,,,,,,niet in casco?
487,49429,Van Veldhuizen Makelaardij,Leende,Noord-Brabant,5595CC,25,Onbekend - geen aanmelding,info@vanveldhuizenmakelaardij.nl,VBO,Venum,07-06-2017,jun.-2017,Nee,Mailing,Jelle,Jelle,✓,Ja compleet,Ja,Ja actief en compleet,,,,Nee,,,,,
488,49927,Mutters Makelaardij Leerdam,Leerdam,Zuid-Holland,4141AR,nan,Onbekend - geen aanmelding,info@muttersmakelaardij.nl,VBO,Venum,07-06-2017,jun.-2017,Nee,Mailing,Philip,Jelle,✓,Ja compleet,Ja,Ja actief en compleet,,,,Nee,,,,,huislijn uitgesloten
489,49857,Vonder Makelaardij,Den Oever,Noord-Holland,1779AD,28,Onbekend - geen aanmelding,info@vondermakelaardij.nl,VBO,Venum,07-06-2017,jun.-2017,Nee,Mailing,JP,JP,✓,Ja compleet,Ja,Ja actief en compleet,,,,Nee,,,,,
490,53010,Lighthouse Property Services,Heemstede,Noord-Holland,2106DD,21,Onbekend - geen aanmelding,info@lighthouseproperty.nl,VBO,Venum,07-06-2017,jun.-2017,Nee,Mailing,JP,JP,✓,Ja compleet,Ja,Ja actief en compleet,,,,,,,,,
491,51651,FactorNoord Makelaars & Taxateurs,Dokkum,Friesland,9103PS,54,Jacob Dijkstra,jacob@factornoord.nl,VBO,Venum,07-06-2017,jun.-2017,Nee,Mailing,JP,JP,✓,Ja compleet,Ja,Ja actief en compleet,,,,Nee,,,,,huislijn uitgesloten
492,49795,Van meerendonk makelaardij,Sluiskil,Zeeland,4541EA,18,Onbekend - geen aanmelding,info@van-meerendonk.nl,VBO,Venum,07-06-2017,jun.-2017,Nee,Sales,Jelle,Jelle,✓,Ja compleet,Ja,Ja actief en compleet,,,,Nee,,,,,
493,57814,DNA Makelaars,Almere,Flevoland,1322AS,86,EA Huijgen-Boll,ea@dna-makelaars.nl,NVM,Realworks,07-06-2017,jun.-2017,Ja,Mailing,JP,JP,✓,Ja compleet,Ja,Ja actief en compleet,,Ja,,Nee,,,,,
494,56413,Peters & van der Vloodt,Amsterdam,Noord-Holland,1078KL,24 B,Kiki Elkabas,kiki@pvdv.nl,NVM,Realworks,07-06-2017,jun.-2017,Ja,Mailing,JP,JP,✓,Ja compleet,Ja,Ja actief en compleet,,Ja,,Nee,,,,,
495,55376,Bruynen Makelaardij & Taxaties,Baarlo (LB),Limburg,5991MA,13,Jean Bruynen,info@bruynenmakelaardij.nl,VBO,Venum,08-06-2017,jun.-2017,Ja,Mailing,Jelle,Jelle,✓,Ja geen aanbod,Ja,Ja actief en compleet,,Ja,,Ja,Ja JH,9-6-2017,https://www.bruynenmakelaardij.nl/,https://www.pararius.nl/koopwoningen/baarlo-li,huislijn uitgesloten
496,55535,Caron & Co,Amsterdam,Noord-Holland,1017LW,112 A,Jaap van Veen,jaap@caron-co.nl,NVM,Goes&Roos,08-06-2017,jun.-2017,Ja,Mailing,JP,JP,✓,Ja compleet,Ja,Ja actief en compleet,,Ja,,Ja,Ja JP,26-06,http://www.caron-co.nl/,www.pararius.nl/koopwoningen/amsterdam,
497,60072,Villex Wonen B.V.,Barendrecht,Zuid-Holland,2992XC,46,Jessica Blom,info@villexwonen.nl,VBO,Venum,08-06-2017,jun.-2017,Ja,Mailing,JP,JP,✓,Ja compleet,Ja,Ja actief en compleet,,Ja,,Nee,,,,,huislijn uitgesloten - meer venum objecten bij ons dan op hun eigen site
498,56444,Atrium Makelaars,Den Haag,Zuid-Holland,2582AX,33,Claudio van Aalst,info@atrium-makelaars.nl,NVM,Venum,08-06-2017,jun.-2017,Ja,Mailing,JP,JP,✓,Ja compleet,Ja,Ja actief en compleet,,Ja,,Nee,,,,,
499,57942,Flevo Makelaars BV,Almere,Flevoland,1334KG,nan,Hans van Dijk,info@flevomakelaars.nl,VBO,Venum,08-06-2017,jun.-2017,Ja,Mailing,JP,JP,✓,Ja compleet,Ja,Ja actief en compleet,,Ja,,Nee,,,,,
500,55428,Makelaardij van de Laar,Sint Oedenrode,Noord-Brabant,5492BM,71,R. van de Laar,info@vdlaar.nl,VBO,Realworks,08-06-2017,jun.-2017,Ja,Mailing,Jelle,Jelle,✓,Ja geen aanbod,Nee,Ja nog niet compleet,,Ja,,Ja,Ja JH,9-6-2017,http://www.vdlaar.nl/,https://www.pararius.nl/,
501,53909,Bon & Breed Makelaardij,Velserbroek,Noord-Holland,1991PK,nan,Sharon Schreur,info@bon.nl,NVM,Realworks,08-06-2017,jun.-2017,Ja,Mailing,JP,JP,✓,Ja gedeeltelijk,Ja,Ja actief en compleet,,Ja,,Ja,Ja JP,12-06,https://www.bon.nl/,https://www.pararius.nl/,
502,56790,F. Vermeulen makelaardij & taxatie,Bergen op Zoom,Noord-Brabant,4611HH,nan,Fauve Vermeulen,info@fvermeulenmakelaardij.nl,VBO,Venum,09-06-2017,jun.-2017,Nee,Sales,Jelle,Jelle,✓,Ja compleet,Ja,Ja actief en compleet,,,,Ja,Ja JH,9-6-2017,https://www.fvermeulenmakelaardij.nl/,https://www.pararius.nl/koopwoningen/bergen-op-zoom,huislijn uitgesloten
503,49586,Wiericx & Geerdink makelaars,Bergen op Zoom,Noord-Brabant,4614CK,36,,info@wiericx-geerdink.nl,VBO,Venum,09-06-2017,jun.-2017,Nee,Sales,Jelle,Jelle,✓,Ja compleet,Ja,Ja actief en compleet,,,,Ja,Ja JH,9-6-2017,https://www.wiericx-geerdink.nl/16-81d5/website-links/makelaar-bergen-op-zoom-woning-verkopen-taxateur-vastgoed-onroerend-goed,https://www.pararius.nl/koopwoningen/,
504,56381,MeerHuis voor uw Makelaardij,Gorinchem,Zuid-Holland,4201AK,nan,Wobbe,info@meerhuis.com,VBO,Venum,09-06-2017,jun.-2017,Nee,Sales,Jelle,Jelle,✓,Ja compleet,Ja,Ja actief en compleet,,,,Ja,,,,,
505,56013,HuisMarct Makelaars,Oirschot,Noord-Brabant,5688ER,86,Marc van Kroonenburg,marc@huismarct.nl,VBO,Realworks,09-06-2017,jun.-2017,Ja,Mailing,Jelle,Jelle,✓,Ja compleet,Nee,Ja actief en compleet,,Ja,,Nee,,,,,
506,49824,Kooy Makelaars Soesterberg BV,Soesterberg,Utrecht,3769LA,135,P.J. Truggelaar,info@kooymakelaars.nl,NVM,Realworks,10-06-2017,jun.-2017,Ja,Mailing,Jelle,Jelle,✓,Ja gedeeltelijk,Ja,Ja nog niet compleet,,Ja,,,,,,,aanbod dat online staat komt via huislijn
507,56219,Stienstra,Heerlen,Limburg,6411BW,56,Suzanne Maessen,suzanne@andersorganiseren.nl,Onafhankelijk,Direct,12-06-2017,jun.-2017,Nee,Mailing,Jelle,Jelle,✓ Directe XML (niet via KA),Ja compleet,Ja,Ja actief en compleet,,,,Nee,,,,,
508,50538,Una Vastgoed,Oss,Noord-Brabant,5349AB,66,Frank Bayens,info@unavastgoed.nl,Onafhankelijk,Estate Ware,12-06-2017,jun.-2017,Nee,Mailing,Jelle,Jelle,✓ Directe XML (niet via KA),Ja compleet,Ja,Ja actief en compleet,,,,Nee,,,,,
509,49161,Veghtstaete Dalfsen,Dalfsen,Overijssel,7722MB,17,Harco Offereins,info@veghtstaete.nl,NVM,Realworks,12-06-2017,jun.-2017,Ja,Mailing,Philip,Jelle,✓,Ja compleet,Nee,Ja actief en compleet,,Ja,,Ja,Ja JH,12-6-2017,http://www.veghtstaete.nl/,https://www.pararius.nl/koopwoningen/,
510,57427,Duinstra Makelaardij,Leeuwarden,Friesland,9061AA,3E,Remco Duinstra,info@duinstra-makelaardij.nl,VastgoedPRo,Realworks,12-06-2017,jun.-2017,Ja,Mailing,JP,JP,✓,Ja compleet,Ja,Ja actief en compleet,,Ja,,,,,,,aanbod dat online staat komt via huislijn
511,52543,Amsterdam@home Makelaars,Amsterdam,Noord-Holland,1017SE,143 huis,D.S. Helmer,info@amsterdam-athome.nl,NVM,Realworks,12-06-2017,jun.-2017,Ja,Mailing,JP,JP,✓,Ja compleet,Ja,Ja actief en compleet,,Ja,,,,,,,aanbod dat online staat komt via huislijn
512,49845,Kramer Makelaardij,Maastricht,Limburg,6221BN,29,Jochem Hesemans,info@kramerbv.net,Onafhankelijk,Venum,13-06-2017,jun.-2017,Ja,Mailing,Jelle,Jelle,✓,Ja compleet,Ja,Ja actief en compleet,,Ja,,Ja,Ja JH,20-6-2017,https://www.kramerbv.net/,https://www.pararius.nl/koopwoningen/maastricht,"Link gaat ze plaatsen, direct aan Venum doorgegeven"
513,50610,D1 Makelaars,Zevenbergen,Noord-Brabant,4761CG,8a,A. Raats,a.raats@d1-makelaars.nl,VBO,Venum,13-06-2017,jun.-2017,Nee,Sales,Jelle,Jelle,✓,Ja compleet,Ja,Ja actief en compleet,,,,Ja,Ja JH,19-6-2017,https://www.d1makelaars.nl/,https://www.pararius.nl/koopwoningen/zevenbergen,
514,56409,Maxx Aanhuurmakelaars Leeuwarden,Leeuwarden,Friesland,8911AG,19,de Jong,info@maxxleeuwarden.nl,Onafhankelijk,Anders,13-06-2017,jun.-2017,Ja,Mailing,JP,JP,IAV,IAV,,,,Ja,,,,,,,
515,52315,Casa Haarlem Makelaardij Vastgoed,Haarlem,Noord-Holland,2021HZ,nan,Tamer Yuksel,t.yuksel@casahaarlem.nl,Onafhankelijk,Anders,13-06-2017,jun.-2017,Ja,Mailing,JP,JP,x,Nee,Nee,Ja nog niet actief,,Ja,,,,,,,
516,50287,Ideaal Housing & Makelaars B.V.,Rotterdam,Zuid-Holland,3038AL,113C,Alex Agullo Thonud,info@ideaalhousing.nl,Onafhankelijk,Pararius Office,13-06-2017,jun.-2017,Ja,Mailing,JP,JP,✓,Ja compleet,Ja,Ja actief en compleet,,Ja,,Nee,,,,,
517,51821,"Veni Vendi, (bere)kent de echte waarde",Berkel en Rodenrijs,Zuid-Holland,2651DE,15,Astrid Weps,info@venivendi.nl,VBO,Venum,13-06-2017,jun.-2017,Ja,Koppeling,JP,JP,✓,Ja compleet,Ja,Ja actief en compleet,Verstuurd,Ja,,Ja,,,,,aanbod dat online staat komt via huislijn - is het wel compleet?
518,52734,De Bruyn en Tak NVM Makelaardij B.V.,Voorburg,Zuid-Holland,2271AE,53,Iris Zecevic,iris@debruynentak.nl,NVM,Realworks,13-06-2017,jun.-2017,Ja,Mailing,JP,JP,✓,Ja gedeeltelijk,Nee,Ja nog niet compleet,,Ja,,Ja,,,,,
519,49222,Duttendael NVM Makelaardij,Den Haag,Zuid-Holland,2597NS,15,Micheline Gyomorei,info@duttendael.nl,NVM,Realworks,13-06-2017,jun.-2017,Ja,Mailing,JP,JP,✓,Ja compleet,Ja,Ja nog niet compleet,,Ja,,Nee,,,,,
520,57926,Thuiz Makelaardij,Chaam,Noord-Brabant,4861BM,nan,Benthe,info@thuiz-makelaardij.nl,VBO,Venum,14-06-2017,jun.-2017,Nee,Sales,Jelle,Jelle,✓,Ja compleet,Ja,Ja actief en compleet,,,,Ja,,,,,
521,55357,Ameo,Amsterdam,Noord-Holland,1078NG,54,Erwiena,Erwiena@ameo.nl,NVM,Goes&Roos,15-06-2017,jun.-2017,Ja,Sales,JP,JP,✓,Ja compleet,Ja,Ja actief en compleet,,Ja,,Ja,Ja JP,15-06-2017,http://www.ameo.nl/,www.pararius.nl/koopwoningen/amsterdam,
522,55875,Burger Elkerbout Makelaars en Taxateurs o.z. B.V.,Amsterdam,Noord-Holland,1091CV,66 hs,Martin Burger,info@burgerelkerbout.nl,NVM,Goes&Roos,15-06-2017,jun.-2017,Ja,Mailing,JP,JP,✓,Ja compleet,Ja,Ja actief en compleet,,Ja,,Ja,Ja JP,27-06-2017,http://www.burgerelkerbout.nl/,https://www.pararius.nl/koopwoningen/amsterdam,
523,55751,Floberg Makelaardij,Huizen,Noord-Holland,1271CE,12,Tessa,tessa@floberg.nl,NVM,Goes&Roos,15-06-2017,jun.-2017,Ja,Mailing,JP,JP,✓,Ja compleet,Ja,Ja actief en compleet,,Ja,,Ja,Ja JP,15-08-2017,http://www.floberg.nl/,http://www.pararius.nl/koopwoningen/huizen,
524,56988,Hoofdstad Makelaars,Amsterdam,Noord-Holland,1071TM,14 II,Maarten Blesgraaf,info@hoofdstadmakelaars.nl,NVM,Goes&Roos,15-06-2017,jun.-2017,Ja,Mailing,JP,JP,✓,Ja compleet,Ja,Ja actief en compleet,,Ja,,Ja,Ja JP,15-06-2017,http://www.hoofdstadmakelaars.nl/,www.pararius.nl,
525,56688,Toon Makelaardij,Moergestel,Noord-Brabant,5014HN,11,Dhr Toon,info@toonmakelaardij.nl,VBO,Goes&Roos,15-06-2017,jun.-2017,Nee,Sales,Jelle,Jelle,✓,Ja compleet,Ja,Ja actief en compleet,,,,Ja,Ja JH,21-6-2017,http://www.toonmakelaardij.nl/,https://www.pararius.nl/koopwoningen/tilburg,
526,53476,Smart Wonen,Hengelo (OV),Overijssel,7512EB,nan,Keskin,u.keskin@smart-wonen.nl,Onafhankelijk,Anders,15-06-2017,jun.-2017,Ja,Mailing,Philip,Jelle,✓ Directe XML (niet via KA),Ja compleet,Ja,Ja actief en compleet,,Ja,,Nee,,,,,venum en huislijn uitgesloten
527,48843,Staal Makelaars,Made,Noord-Brabant,4921PJ,40,Anouk,info@staalmakelaars.nl,VBO,Venum,15-06-2017,jun.-2017,Nee,Sales,Jelle,Jelle,✓,Ja compleet,Ja,Ja actief en compleet,Aangemeld,,,Ja,,,,,
528,49019,Roland Jansen makelaars,Rijen,Noord-Brabant,5121JC,97,Ellen Raats,info@rolandjansenmakelaars.nl,VBO,Venum,15-06-2017,jun.-2017,Nee,Sales,Jelle,Jelle,✓,Ja compleet,Ja,Ja actief en compleet,Aangemeld,,,Ja,,,,,
529,55987,Daan Hoefnagel Makelaardij,Veldhoven,Noord-Brabant,5507NV,68,Daan Hoefnagel,info@daanhoefnagelmakelaardij.nl,VBO,Venum,15-06-2017,jun.-2017,Ja,Mailing,Jelle,Jelle,✓,Ja compleet,Ja,Ja actief en compleet,Aangemeld,Ja,,Ja,,,,,
530,49519,Maasland Makelaardij,Maasbracht,Limburg,6051CS,31,Steffen Frusch,s.frusch@maaslandonline.nl,VBO,Venum,15-06-2017,jun.-2017,Ja,Mailing,Jelle,Jelle,✓,Ja compleet,Ja,Ja actief en compleet,Aangemeld,Ja,,Ja,,,,,
531,52874,Boshem Wonen,Bussum,Noord-Holland,1402PL,18-A,J. Balk,info@boshem.nl,VBO,Venum,15-06-2017,jun.-2017,Ja,Mailing,JP,JP,✓,Ja compleet,Nee,Ja actief en compleet,Aangemeld,Ja,,Nee,,,,,Hebben al huurlink
532,49053,Woonstaat,IJsselmuiden,Overijssel,8271KK,48,Paulien Diender-Sellis,info@woonstaat.nl,VBO,Venum,15-06-2017,jun.-2017,Ja,Mailing,JP,JP,✓,Ja compleet,Ja,Ja actief en compleet,Aangemeld,Ja,,Nee,,,,,
533,49180,Pennings OZ,Rosmalen,Noord-Brabant,5241CR,14,Robin,info@pennigsoz.nl,VBO,Venum,15-06-2017,jun.-2017,Nee,Sales,Jelle,Jelle,✓,Ja compleet,Ja,Ja actief en compleet,Aangemeld,,,Nee,,,,,
534,48985,Van de Kasteele Makelaardij,St. Willebrord,Noord-Brabant,4711NJ,92,M.J. van de Kasteele,info@vandekasteele.com,NVM,Realworks,15-06-2017,jun.-2017,Ja,Mailing,Jelle,Jelle,✓,Ja compleet,Ja,Ja actief en compleet,,Ja,,Ja,Ja JH,8-12-2017,http://www.vandekasteele.com/,https://www.pararius.nl/,
535,54635,Spaland NVM Makelaars,Maassluis,Zuid-Holland,3142CL,149,A.J. Klaassen,info@spalandmakelaars.nl,NVM,Realworks,15-06-2017,jun.-2017,Ja,Mailing,JP,JP,✓,Ja compleet,Ja,Ja actief en compleet,,Ja,,Ja,Ja JP,04-12-2017,http://www.spalandmakelaars.nl/nl/home,https://www.pararius.nl/koopwoningen/maassluis,
536,53116,Willemspark o.g.,Amsterdam,Noord-Holland,1071KD,nan,Roos Harteveld,info@willemspark.nl,NVM,Realworks,15-06-2017,jun.-2017,Ja,Mailing,JP,JP,✓,Ja compleet,Ja,Ja actief en compleet,,Ja,,Ja,Ja JP,27-06,http://www.willemspark.nl/,www.pararius.nl ,Nog verkeerde logo + URL
537,52526,Digimakelaars.nl,Oss,Noord-Brabant,5341HE,70 A,Theo Heus,info@digimakelaars.nl,NVM,Realworks,15-06-2017,jun.-2017,Ja,Mailing,Jelle,Jelle,✓,Ja compleet,Ja,Ja actief en compleet,,Ja,,Ja,,,,,
538,53363,Woonregisseurs NVM Makelaars,Oss,Noord-Brabant,5341HE,70 A,Theo Heus,info@woonregisseurs.nl,NVM,Realworks,15-06-2017,jun.-2017,Ja,Mailing,Jelle,Jelle,✓,Ja compleet,Ja,Ja actief en compleet,Aangemeld,Ja,,Ja,,,,,
539,57954,Zuiver Makelaars,Haarlem,Noord-Holland,2021CW,177,Jasper van Otterlo,jasper@zuiver-makelaars.nl,NVM,Realworks,15-06-2017,jun.-2017,Ja,Mailing,JP,JP,✓,Ja geen aanbod,Ja,Ja actief en compleet,,Ja,,,,,,,
540,49639,Aliances vastgoed,Utrecht,Utrecht,3502KB,7050,,info@alliancesmakelaardij.nl,VBO,Venum,16-06-2017,jun.-2017,Nee,Koppeling,Jelle,Jelle,✓,Ja compleet,Ja,Ja actief en compleet,Aangemeld,,,Ja,Ja JH,18-08-2017,http://www.alliancesmakelaardij.nl/,https://www.pararius.nl/woning-verhuren/utrecht/alliances-makelaardij/huurwoningen,
541,50283,Eugene Schreinemachers,Venlo,Limburg,5911EC,15,Eugene,info@eugeneschreinemachers.nl,VBO,Venum,16-06-2017,jun.-2017,Nee,Koppeling,Jelle,Jelle,✓,Ja compleet,Ja,Ja actief en compleet,Aangemeld,,,Ja,Ja JH,27-07-2017,https://www.eugeneschreinemachers.nl/,https://www.pararius.nl/koopwoningen/venlo,huislijn uitgesloten
542,49756,Zopfi Makelaardij,Made,Noord-Brabant,4921DC,9e,Anton Zopfi,info@zopfi-makelaardij.nl,Onafhankelijk,Venum,16-06-2017,jun.-2017,Nee,Koppeling,Jelle,Jelle,✓,Ja compleet,Ja,Ja actief en compleet,Aangemeld,,,Ja,Ja JH,22-08-2017,https://www.vijverhofmakelaars.nl/,https://www.pararius.nl/koopwoningen/vught,huislijn uitgesloten
543,51736,RV Estate,Amsterdam,Noord-Holland,1357BB,28,Victor Telgenkamp,algemeen@rvestate.nl,VBO,Venum,16-06-2017,jun.-2017,Nee,Beurs,JP,JP,✓,Ja compleet,Ja,Ja actief en compleet,Aangemeld,,,Ja,Ja JP,08-12-2017,https://www.rvestate.nl/,https://www.pararius.nl/,
544,53533,4EASYMOVING Makelaardij,Elim,Drenthe,7916VK,104,F.P. van Osch,info@4easymoving.nl,VBO,Venum,16-06-2017,jun.-2017,Ja,Mailing,Philip,JP,✓,Ja compleet,Ja,Ja actief en compleet,Aangemeld,Ja,,Ja,Ja JP,12-12-2017,https://www.4easymoving.nl/,https://www.pararius.nl/koopwoningen/hoogeveen,
545,48830,Macom Makelaarsteam,Etten Leur,Noord-Brabant,4871KB,8a,Harold vd Valk,info@makelaarsteam.nl,VBO,Venum,16-06-2017,jun.-2017,Nee,Sales,Jelle,Jelle,✓,Ja compleet,Ja,Ja actief en compleet,Aangemeld,,,Nee,,,,,
546,50292,Makelaardij Peter de Wolf,Zwolle,Overijssel,8043VV,542,Peter de Wolf,info@makelaardijpeterdewolf.nl,VBO,Venum,16-06-2017,jun.-2017,Nee,Sales,Philip,JP,✓,Ja compleet,Ja,Ja actief en compleet,Aangemeld,,,Nee,,,,,huislijn uitgesloten
547,49642,De Groot vastgoed Adviseurs,Uitgeest,Noord-Holland,1911HP,25-33,Martin,vastgoed@degroot-uitgeest.nl,VBO,Venum,16-06-2017,jun.-2017,Nee,Koppeling,JP,JP,✓,Ja compleet,Ja,Ja actief en compleet,Aangemeld,,,Ja,Ja DvD,13-7-2018,https://www.degroot-uitgeest.nl/16-3a20/website-links/links,https://www.pararius.nl/,huislijn uitgesloten
548,49605,Gouwestad Makelaardij,Waddinxveen,Zuid-Holland,2743CP,198,Peter de Joode,info@gouwestadmakelaardij.nl,VBO,Venum,16-06-2017,jun.-2017,Nee,Beurs,JP,JP,✓,Ja compleet,Ja,Ja actief en compleet,Aangemeld,,,Nee,,,,,
549,50173,Vijverhof Makelaars,Vught,Noord-Brabant,5262CW,nan,,vijverhofmakelaars@home.nl,VBO,Venum,16-06-2017,jun.-2017,Nee,Sales,Jelle,Jelle,✓,Ja compleet,Ja,Ja actief en compleet,Aangemeld,,,Ja,Ja JH,22-8-2017,https://www.vijverhofmakelaars.nl/,https://www.pararius.nl/koopwoningen/vught,huislijn uitgesloten
550,57823,Boswoningen,Heinkenszand,Zeeland,4451CM,12,,info@boswoningen.nl,VBO,Venum,16-06-2017,jun.-2017,Nee,Koppeling,Jelle,Jelle,✓,Ja compleet,Ja,Ja actief en compleet,Aangemeld,,,Nee,,,,,huislijn uitgesloten - we hebben meer venum aanbod dan zij zelf hebben
551,51554,PSG Wonen,Den Haag,Zuid-Holland,2496HA,45,,info@psg-wonen.nl,VBO,Venum,16-06-2017,jun.-2017,Nee,Koppeling,JP,JP,✓,Ja geen aanbod,Nee,Ja nog niet actief,,,,,,,,,
552,57414,Househunting 0297,Aalsmeer,Noord-Holland,1433PG,59,,hpollemans@househunting.nl,Onafhankelijk,Venum,16-06-2017,jun.-2017,Nee,Koppeling,JP,JP,✓,Ja compleet,Ja,Ja actief en compleet,Aangemeld,,,Nee,,,,,huislijn uitgesloten
553,56648,Re/max Wittstaete,Dordrecht,Zuid-Holland,3311KG,29,,wittstaete@remax.nl,VBO,Venum,16-06-2017,jun.-2017,Nee,Koppeling,Jelle,Jelle,✓,Ja geen aanbod,Nee,Ja nog niet actief,,,,Nee,,,,,
554,55382,Avenir Vastgoed,Den Haag,Zuid-Holland,2514LJ,951,Roos Ouderdorp,info@avenirvastgoed.com,VBO,Realworks,16-06-2017,jun.-2017,Nee,Sales,JP,JP,✓,Ja compleet,Ja,Ja actief en compleet,Aangemeld,,,Nee,,,,,huislijn uitgesloten
555,50602,de Boer Makelaardij,Soest,Utrecht,3763WG,41,Walter C. de Boer,info@deboer-makelaardij.nl,NVM,Realworks,16-06-2017,jun.-2017,Ja,Mailing,Jelle,Jelle,✓,Ja compleet,Ja,Ja actief en compleet,Aangemeld,Ja,,Nee,,,,,
556,49563,Van Gassen Vastgoed,Ossenisse,Zeeland,4589RW,12,R van Gassen,info@vangassenvastgoed.nl,VBO,Venum,17-06-2017,jun.-2017,Ja,Mailing,Jelle,Jelle,✓,Ja compleet,Ja,Ja actief en compleet,Aangemeld,Ja,,Ja,Ja JH,26-6-2017,http://www.vangassenvastgoed.nl/woning-verkopen,https://www.pararius.nl/,huislijn uitgesloten
557,51520,Theo Keijzers Makelaardij,Helmond,Noord-Brabant,5704CD,nan,Theo Keijzers,info@theo-keijzers.nl,NVM,Realworks,18-06-2017,jun.-2017,Ja,Mailing,Jelle,Jelle,✓,Ja gedeeltelijk,Nee,Ja nog niet compleet,Aangemeld,Ja,,Ja,Ja JH,19-6-2017,http://www.theo-keijzers.nl/,https://www.pararius.nl/koopwoningen/helmond,aanbod komt voornamelijk binnen via huislijn
558,53797,Steur Makelaars o.g. B.V.,Volendam,Noord-Holland,1131DG,73,Erik Kwakman,info@steur.nl,NVM,Goes&Roos,19-06-2017,jun.-2017,Ja,Mailing,JP,JP,x,Nee,Nee,Ja nog niet actief,,Ja,,,,,,,aanbod komt binnen via huislijn
559,50203,Wouters Makelaardij B.V.,Schijndel,Noord-Brabant,5481aa,23,Dhr Wouters,info@woutersmakelaardij.nl,VBO,Venum,19-06-2017,jun.-2017,Nee,Sales,Jelle,Jelle,✓,Ja compleet,Ja,Ja actief en compleet,Aangemeld,,,,,,,,
560,57944,Bighelaardij,Den Bosch,Noord-Brabant,5221GR,38,JJWM Van den Bighelaar,info@bighelaardij.nl,VBO,Venum,19-06-2017,jun.-2017,Ja,Sales,Jelle,Jelle,✓,Ja compleet,Ja,Ja actief en compleet,Aangemeld,Ja,,Ja,,,,,nav bellijst VBO Brabant
561,51699,Lavrijsen Makelaardij,Reusel,Noord-Brabant,5541PG,nan,Jan Lavrijsen,info@registermakelaar.nl,VBO,Venum,19-06-2017,jun.-2017,Nee,Sales,Jelle,Jelle,✓,Ja compleet,Ja,Ja actief en compleet,Aangemeld,,,Ja,,,,,Link niet mogelijk vanaf zijn custom website
562,58004,KOMWONEN,Rosmalen,Noord-Brabant,5245BH,nan,Kasper Vermeulen,info@kom-wonen.nl,NVM,Realworks,19-06-2017,jun.-2017,Ja,Mailing,Jelle,Jelle,✓,Ja compleet,Ja,Ja actief en compleet,Aangemeld,Ja,,Ja,Ja JH,26-6-2017,http://www.kom-wonen.nl/,https://www.pararius.nl/koopwoningen/rosmalen,huislijn & venum uitgesloten
563,49298,MA/COM,Eindhoven,Noord-Brabant,5624NR,29,Hans Goosen,hansgoosen@macom.nu,VBO,Venum,20-06-2017,jun.-2017,Nee,Sales,Jelle,Jelle,✓,Ja compleet,Ja,Ja actief en compleet,Aangemeld,,,Ja,Ja JH,06-07-2017,http://www.macom.nu/,https://www.pararius.nl/koopwoningen,zelfde als: lijn 170 Macom Makelaarsteam
564,58013,Kromhout Makelaardij,Noordwijk (zh),Zuid-Holland,2201CZ,53,Etienne Kromhout,info@kromhoutmakelaardij.nl,NVM,Goes&Roos,20-06-2017,jun.-2017,Ja,Sales,JP,JP,✓,Ja compleet,Ja,Ja actief en compleet,Aangemeld,Ja,,Ja,Ja JP,21-06-17,http://www.kromhoutmakelaardij.nl/,https://www.pararius.nl/,
565,52989,Leeghuis ,Noordwijk (zh),Zuid-Holland,2201CZ,53,Marja van der Kamp,marja@leeghuis.nl,NVM,Goes&Roos,20-06-2017,jun.-2017,Nee,Sales,JP,JP,✓,Ja compleet,Ja,Ja actief en compleet,Aangemeld,,,Ja,Ja JP,12-12-2017,http://leeghuis.nl/,https://www.pararius.nl/,
566,52843,Interhouse Rotterdam,Rotterdam,Zuid-Holland,3011NT,84a,C.D. Mulder,carlo@interhouse.nl,Onafhankelijk,Eye Move,20-06-2017,jun.-2017,Ja,Mailing,JP,JP,IAV,IAV,,,,Ja,,,,,,,
567,57316,Peellandbeheer,Someren,Noord-Brabant,5711CN,nan,Koert Joosten,info@peellandbeheer.nl,VBO,Venum,20-06-2017,jun.-2017,Nee,Sales,Jelle,Jelle,✓,Ja compleet,Ja,Ja actief en compleet,Aangemeld,,,Ja,,,,,
568,49709,Makelaardij Hellen van der Heijden,Ledeacker,Noord-Brabant,5846AC,39,Hellen van der Heijden,info@hellenvanderheijden.nl,VBO,Venum,20-06-2017,jun.-2017,Nee,Sales,Jelle,Jelle,✓,Ja compleet,Ja,Ja actief en compleet,Aangemeld,,,Ja,,,,,
569,51083,BB Makelaardij,Gilze,Noord-Brabant,5126AW,23,Brigitte,info@bb-makelaardij.nl,VBO,Venum,21-06-2017,jun.-2017,Nee,Sales,Jelle,Jelle,✓,Ja compleet,Ja,Ja actief en compleet,Aangemeld,,,Ja,Ja DvD,28-2-2018,http://www.bb-makelaardij.nl/16-3a20/website-links/links,https://www.pararius.nl/koopwoningen/gilze,huislijn uitgesloten
570,56777,Van Ee Makelaars,Zeist,Utrecht,3704HA,nan,Gerda Kemp,info@vaneemakelaars.nl,VBO,Goes&Roos,21-06-2017,jun.-2017,Nee,Sales,Jelle,Jelle,✓,Ja compleet,Ja,Ja actief en compleet,Aangemeld,,,Ja,Ja JH,23-6-2017,http://www.vanee.nl/,https://www.pararius.nl/koopwoningen/zeist,
571,52904,Wooncompany Den Haag,Den Haag,Zuid-Holland,2518BC,83,,info@wooncompany.nl,VBO,Direct,21-06-2017,jun.-2017,Nee,Koppeling,JP,JP,✓ Directe XML (niet via KA),Ja compleet,Ja,Ja actief en compleet,Aangemeld,,,Ja,Ja JP,19-07,https://www.wooncompany.nl/nl/home,https://www.pararius.nl/koopwoningen/den-haag,
572,51831,M&M Makelaardij,Riel,Noord-Brabant,5133BE,20-A,Marcel Schoenmakers,info@mm-makelaar.nl,VBO,Venum,21-06-2017,jun.-2017,Nee,Sales,Jelle,Jelle,✓,Ja compleet,Ja,Ja actief en compleet,Aangemeld,,,Ja,,,,,
573,50327,Klomp Advies,Mill,Noord-Brabant,5451AM,1c,Pedro Klomp,info@klomp-advies.nl,VBO,Venum,21-06-2017,jun.-2017,Nee,Sales,Jelle,Jelle,✓,Ja compleet,Ja,Ja actief en compleet,Aangemeld,,,Ja,,,,,
574,50295,Schots Makelaardij,Prinsenbeek,Noord-Brabant,4841EL,nan,Andre Schots,makelaar@schots.nl,VBO,Venum,21-06-2017,jun.-2017,Nee,Sales,Jelle,Jelle,✓,Ja compleet,Ja,Ja actief en compleet,Aangemeld,,,Nee,,,,,
575,49123,HW Makelaardij,Balgoij,Gelderland,6613AE,40,Henk Walraven,info@hwmakelaardij.nl,VBO,Venum,21-06-2017,jun.-2017,Nee,Sales,Philip,Jelle,✓,Ja compleet,Ja,Ja actief en compleet,Aangemeld,,,Ja,,,,,
576,56133,HouseHunting  Den Bosch,Den Bosch,Noord-Brabant,5211TW,22,Frank Reede,Denbosch@househunting.nl,Onafhankelijk,Venum,21-06-2017,jun.-2017,Nee,Koppeling,Jelle,Jelle,✓,Ja compleet,Ja,Ja actief en compleet,Aangemeld,,,Nee,,,,,
577,58028,Nederlandse Makelaar,Almere,Flevoland,1362AG,nan,,info@nederlandsemakelaar.nl,Onafhankelijk,Venum,21-06-2017,jun.-2017,Nee,Koppeling,JP,JP,✓,Ja geen aanbod,Nee,Ja nog niet compleet,,,,Ja,Ja DvD,1-5-2018,http://www.nederlandsemakelaar.nl/,https://www.pararius.nl/koopwoningen/,Geen koopaanbod 10/8
578,49296,Laros Makelaardij,Noordwijkerhout,Zuid-Holland,2211XA,19,Hans Laros,info@larosmakelaardij.nl,VBO,Venum,21-06-2017,jun.-2017,Nee,Sales,JP,JP,x,Nee,Nee,Ja nog niet actief,,,,,,,,,
579,49376,van de Wetering Vastgoed,Brakel,Gelderland,5306GG,74,Janine,janine@weteringvastgoed.nl,VBO,Venum,21-06-2017,jun.-2017,Nee,Sales,Jelle,Jelle,✓,Ja compleet,Ja,Ja actief en compleet,Aangemeld,,,,,,,,7-12 trbl verzoek / 14-12 gekoppeld aan de telefoon.
580,55403,KBA Makelaardij,Eindhoven,Noord-Brabant,5626HB,64,Jurrian Kuijper,info@kbamakelaardij.nl,VBO,Venum,21-06-2017,jun.-2017,Nee,Sales,Jelle,Jelle,✓,Ja compleet,Ja,Ja actief en compleet,,,9,,,,,,
581,56458,Crielaers Makelaardij,Breda,Noord-Brabant,4813KT,36,Roderick Crielaers,roderick@crielaersmakelaardij.nl,VBO,Realworks,21-06-2017,jun.-2017,Nee,Sales,Jelle,Jelle,✓,Ja compleet,Ja,Ja actief en compleet,Aangemeld,,,Ja,Ja JH,21-6-2017,http://www.crielaersmakelaardij.nl/,https://www.pararius.nl/koopwoningen/breda,huislijn uitgesloten
582,58037,Schuyffel Makelaardij,Rijswijk (zh),Zuid-Holland,2281AM,203,Dhr. Schuyffel,info@schuyffelmakelaardij.nl,VBO,Realworks,21-06-2017,jun.-2017,Ja,Sales,JP,JP,✓,Ja compleet,Ja,Ja actief en compleet,Aangemeld,Ja,,Ja,Ja JP,18-08-2017,http://schuyffelmakelaardij.nl/,https://www.pararius.nl/koopwoningen/rijswijk-zh,
583,48779,Mechel Makelaardij,Breda,Noord-Brabant,4813ED,nan,Mevr van Dort,info@mechel.nl,VBO,Realworks,21-06-2017,jun.-2017,Nee,Sales,Jelle,Jelle,✓,Ja compleet,Nee,Ja actief en compleet,Aangemeld,,,Ja,,,,,
584,49770,Joop van Orsouw Makelaardij,Oss,Noord-Brabant,5344AA,13a,J. van Orsouw,info@joopvanorsouw.nl,VBO,Venum,22-06-2017,jun.-2017,Nee,Sales,Jelle,Jelle,✓,Ja compleet,Ja,Ja actief en compleet,Aangemeld,,,Ja,Ja JH,03-08-2017,https://www.joopvanorsouw.nl/21-3942/website-links/links,https://www.pararius.nl/koopwoningen/oss,
585,50949,Rob Prevoo Makelaardij,Margraten,Limburg,6269CN,nan,Rob Prevoo,info@robprevoo.nl,Onafhankelijk,MediaZo!,22-06-2017,jun.-2017,Nee,Koppeling,Jelle,Jelle,✓,Ja compleet,Ja,Ja actief en compleet,Aangemeld,,,Ja,,,,,
586,51597,WBA,Apeldoorn,Gelderland,7311EJ,137-2,Michel Rabelink,info@wba.nl,Onafhankelijk,MediaZo!,22-06-2017,jun.-2017,Nee,Sales,Philip,Jelle,✓,Ja compleet,Ja,Ja actief en compleet,Aangemeld,,,Nee,,,,,
587,49565,Van de Wiel Makelaardij,Prinsenbeek,Noord-Brabant,4841BA,13,Marloes,info@vandewielmakelaardij.nl,VBO,Venum,22-06-2017,jun.-2017,Nee,Sales,Jelle,Jelle,✓,Ja compleet,Ja,Ja actief en compleet,Aangemeld,,,Ja,,,,,
588,49196,Peter Wetzels Makelaardij,Eijsden,Limburg,6245AE,nan,Niet bekend (via mediazo),info@peterwetzels.nl,Onafhankelijk,MediaZo!,23-06-2017,jun.-2017,Nee,Koppeling,Jelle,Jelle,✓,Ja compleet,Ja,Ja actief en compleet,Aangemeld,,,Ja,Ja JH,26-6-2017,http://www.peterwetzels.nl/aanbod,https://www.pararius.nl/koopwoningen/,
589,49707,Profit Makelaardij,Middelharnis,Zuid-Holland,3241AA,34,Wilma,info@profitmakelaardij.nl,VBO,Venum,23-06-2017,jun.-2017,Nee,Sales,Jelle,Jelle,✓,Ja compleet,Ja,Ja actief en compleet,Aangemeld,,,Ja,Ja JH,28-6-2017,https://www.profitmakelaardij.nl/,https://www.pararius.nl/koopwoningen/,
590,56376,De Beheermakelaar Alkmaar,Alkmaar,Noord-Holland,1811LP,19,Niet bekend (via mediazo),info@debeheermakelaar.nl,Onafhankelijk,MediaZo!,23-06-2017,jun.-2017,Nee,Koppeling,JP,JP,✓,Ja compleet,Ja,Ja actief en compleet,Aangemeld,,,Nee,,,,,
591,49254,Obèr Makelaardij,Leiderdorp,Zuid-Holland,2351AJ,12A,Marian en Ferenc,info@obermakelaardij.nl,VBO,Venum,23-06-2017,jun.-2017,Nee,Sales,JP,JP,✓,Ja compleet,Ja,Ja actief en compleet,Aangemeld,,,Ja,,,,,
592,55344,Krieger en Witte Makelaars,Middelharnis,Zuid-Holland,3241DN,nan,Jan Witte,info@kwmakelaars.nl,VBO,Venum,23-06-2017,jun.-2017,Nee,Sales,Jelle,Jelle,✓,Ja compleet,Ja,Ja actief en compleet,Aangemeld,,,,,,,,7-12 VM van Jan..zie casco voor nummer / Jan gaat aanpassen 14-12 nog niet gelukt blijkbaar
593,49261,Van der Vinden Makelaars,Strijen,Zuid-Holland,3291JB,nan,Henny,strijen@vandervindenmakelaars.nl,VBO,Venum,23-06-2017,jun.-2017,Nee,Sales,Jelle,Jelle,✓,Ja compleet,Ja,Ja actief en compleet,Aangemeld,,,Nee,,,,,
594,48901,Collectief Makelaars,Amsterdam,Noord-Holland,1114AB,701,Hans Schindeler,info@collectiefmakelaars.nl,VBO,Venum,23-06-2017,jun.-2017,Nee,Sales,JP,JP,✓,Ja compleet,Ja,Ja actief en compleet,Aangemeld,,,,,,,,
595,54376,Makelaardij van wijk b.v.,Noordwijk (zh),Zuid-Holland,2201HA,10,Dhr van Wijk,info@makelaardijvanwijk.nl,NVM,Realworks,23-06-2017,jun.-2017,Ja,Mailing,JP,JP,✓,Ja compleet,Ja,Ja actief en compleet,Aangemeld,Ja,,Ja,Ja JP,16-8-2017,http://www.makelaardijvanwijk.nl/links,https://www.pararius.nl/koopwoningen/noordwijk-zh,
596,52847,Eigen Haard Makelaardij,Oegstgeest,Zuid-Holland,2341GC,63,Dirk Lancel,makelaar@eigen-haard.nl,NVM,Yes-Co,26-06-2017,jun.-2017,Ja,Mailing,JP,JP,IAV,IAV,Ja,Ja actief en compleet,,Ja,,Nee,,,,,venum & huislijn uitgesloten
597,57036,Van den Assem en de Ridder,Voorschoten,Zuid-Holland,2252TR,32,Debbie van Beveren,info@vandenassem-deridder.nl,VBO,Venum,27-06-2017,jun.-2017,Nee,Sales,JP,JP,✓,Ja compleet,Ja,Ja actief en compleet,Aangemeld,,,Ja,Ja JP,27-06,http://www.vandenassem-deridder.nl/nl/,https://www.pararius.nl/koopwoningen/voorschoten,
598,56366,Woondroom Alphen ,Alphen aan den Rijn,Zuid-Holland,2408AL,17,Nick,info@woondroomalphen.nl,VBO,Venum,27-06-2017,jun.-2017,Nee,Sales,JP,JP,✓,Ja compleet,Ja,Ja actief en compleet,Aangemeld,,,Ja,,,,,
599,49506,Makelaarskantoor van Stralen,Voorschoten,Zuid-Holland,2251LC,58,Jeroen van stralen,info@makelaarskantoorvanstralen.nl,VBO,Venum,27-06-2017,jun.-2017,Nee,Sales,JP,JP,✓,Ja compleet,Ja,Ja actief en compleet,Verstuurd,,,Ja,,,,,
600,56744,De Wekker Wonen,Alphen aan den Rijn,Zuid-Holland,2408JS,140,Marco van der Wilt,info@dewekkerwonen.nl,VBO,Realworks,27-06-2017,jun.-2017,Nee,Sales,JP,JP,✓,Ja compleet,Ja,Ja actief en compleet,Aangemeld,,,Ja,Ja JP,09-08,http://www.dewekkerwonen.nl/,https://www.pararius.nl/huurwoningen/alphen-aan-den-rijn,
601,54002,De Vesting Makelaars,Enkhuizen,Noord-Holland,1601HB,28,Melanie Veenstra,info@vestingmakelaars.nl,NVM,Realworks,27-06-2017,jun.-2017,Nee,Sales,JP,JP,x,Nee,Nee,Ja nog niet actief,,,,Ja,,,,,
602,49438,Ruijters Makelaardij Heerlen,Heerlen,Limburg,6411JJ,299,Jordy Kuipers,woningmakelaars@ruijters.nl,NVM,Realworks,27-06-2017,jun.-2017,Nee,Sales,Jelle,Jelle,✓,Ja compleet,Ja,Ja actief en compleet,Aangemeld,,,Ja,,,,,
603,54595,Ruijters Makelaardij Maastricht,Maastricht,Limburg,6221EB,51,Jordy Kuipers,woningmakelaars@ruijters.nl,NVM,Realworks,27-06-2017,jun.-2017,Nee,Sales,Jelle,Jelle,✓,Ja compleet,Ja,Ja actief en compleet,Aangemeld,,,Ja,,,,,
604,58269,Ruijters Makelaardij Heuvelland,Valkenburg (LB),Limburg,6301HC,nan,Jordy Kuipers,woningmakelaars@ruijters.nl,NVM,Realworks,27-06-2017,jun.-2017,Nee,Sales,Jelle,Jelle,✓,Ja compleet,Ja,Ja actief en compleet,Aangemeld,,,Ja,,,,,
605,58131,Ruijters Makelaardij Sittard,Sittard,Limburg,6131KK,9a,Jordy Kuipers,woningmakelaars@ruijters.nl,NVM,Realworks,27-06-2017,jun.-2017,Nee,Sales,Jelle,Jelle,✓,Ja compleet,Ja,Ja actief en compleet,Aangemeld,,,Ja,,,,,
606,49075,Wij Makelaardij,Utrecht,Utrecht,3515AN,19,Marlies Schram,info@wijmakelaardij.nl,NVM,Realworks,27-06-2017,jun.-2017,Nee,Sales,Jelle,Jelle,✓,Ja compleet,Ja,Ja actief en compleet,Aangemeld,,,Nee,,,,,
607,53663,Onlinemakelaarsdiensten.nl,Zwijndrecht,Zuid-Holland,3330AE,222,Bastiaan Bons,klantcontact@onlinemakelaarsdiensten.nl,VBO,Venum,28-06-2017,jun.-2017,Nee,Sales,Jelle,Jelle,✓,Ja compleet,Ja,Ja actief en compleet,Aangemeld,,,Ja,Ja JH,06-07-2017,https://www.onlinemakelaarsdiensten.nl/30-f098/goedkoopste-fundamakelaar,https://www.pararius.nl/koopwoningen/,Wil koppelen zonder telefoonnummer. Staat nu wel online. Noel eraf halen en dan Venum koppelen
608,51542,Kriga Real Estate,Den haag,Zuid-Holland,2517AP,86,John,info@krigarealestate.com,VBO,Venum,28-06-2017,jun.-2017,Nee,Sales,JP,JP,✓,Ja compleet,Ja,Ja actief en compleet,Aangemeld,,,Ja,Ja DvD,17-7-2018,https://www.krigarealestate.com/#,https://www.pararius.nl/,
609,50827,Maatvast Makelaars,Boxtel,Noord-Brabant,5281AH,65,Guus,info@maatvastmakelaars.nl,VBO,Venum,28-06-2017,jun.-2017,Nee,Sales,Jelle,Jelle,✓,Ja compleet,Ja,Ja actief en compleet,Aangemeld,,,Ja,,,,,
610,58005,Bakermans Makelaardij,Waalre,Noord-Brabant,5581CV,26,Mevr Bakermans,info@bakermansmakelaardij.nl,VBO,Venum,28-06-2017,jun.-2017,Nee,Sales,Jelle,Jelle,✓,Ja compleet,Ja,Ja actief en compleet,Aangemeld,,,,,,,,
611,48864,De Drie Linden Makelaardij,Dirksland,Zuid-Holland,3247CL,49b,Marianne,info@de3linden.com,VBO,Venum,28-06-2017,jun.-2017,Nee,Sales,Jelle,Jelle,✓,Ja compleet,Ja,Ja actief en compleet,Aangemeld,,,Ja,,,,,
612,51112,Janssens Vastgoed,Dorst,Noord-Brabant,4849PM,63,Petra,beheer@janssensvastgoed.nl,Onafhankelijk,Yes-Co,28-06-2017,jun.-2017,Nee,Sales,Jelle,Jelle,✓,Ja compleet,Ja,Ja actief en compleet,Aangemeld,,,Ja,,,,,Wil via yes co koppelen. Opvolgens als koppeling gereed is - huislijn uitgesloten
613,50000,Van den Hurk Makelaars,Beek en Donk,Noord-Brabant,5741JJ,55 A,Drieke van den Hurk,info@vandenhurkmakelaars.nl,NVM,Realworks,28-06-2017,jun.-2017,Ja,Mailing,Jelle,Jelle,✓,Ja compleet,Ja,Ja actief en compleet,Aangemeld,Ja,,Ja,Ja JH,29-06-17,http://www.vandenhurkmakelaars.nl/,https://www.pararius.nl/koopwoningen/,
614,49692,Du Buf Makelaardij,Oostvoorne,Zuid-Holland,3233SJ,31a,Esther,info@dubufmakelaardij.nl,NVM,Realworks,28-06-2017,jun.-2017,Nee,Sales,Jelle,Jelle,✓,Ja compleet,Ja,Ja actief en compleet,Aangemeld,,,Nee,,,,,
615,56326,De Vreij Makelaardij,Brielle,Zuid-Holland,3231AW,1-b,Dhr de Vreij,info@devreijmakelaardij.nl,VBO,Realworks,28-06-2017,jun.-2017,Nee,Sales,Jelle,Jelle,x,Nee,Ja,,,,,Nee,,,,,
616,49444,Breemaat Makelaardij,Bergen op Zoom,Noord-Brabant,4614RX,19,Marjolein,info@breemaat-makelaardij.nl,VBO,Venum,29-06-2017,jun.-2017,Nee,Sales,Jelle,Jelle,✓,Ja compleet,Ja,Ja actief en compleet,Aangemeld,,,Ja,Ja JH,05-07-2017,https://www.breemaat-makelaardij.nl/,https://www.pararius.nl/koopwoningen/bergen-op-zoom,
617,49609,Object Makelaardij,Hellevoetsluis,Zuid-Holland,3221CD,66,Johan,info@objectmakelaardij.nl,VBO,Venum,29-06-2017,jun.-2017,Nee,Sales,Jelle,Jelle,✓,Ja compleet,Ja,Ja actief en compleet,Aangemeld,,,Ja,Ja JH,10-07-2017,https://www.objectmakelaardij.nl/,https://www.pararius.nl/koopwoningen/hellevoetsluis,
618,49066,Wilburg Makelaars & Taxateurs,Den Haag,Zuid-Holland,2522EC,25,Wim van der Burg,info@wilburg.nl,VBO,Venum,29-06-2017,jun.-2017,Nee,Sales,JP,JP,✓,Ja compleet,Ja,Ja actief en compleet,Aangemeld,,,Ja,Ja JP,29-07,https://www.wilburg.nl/,https://www.pararius.nl/,
619,49464,Willems Taxaties,Erp,Noord-Brabant,5469SZ,nan,Berry Willems,willemstaxatiesog@upcmail.nl,VBO,Venum,29-06-2017,jun.-2017,Nee,Sales,Jelle,Jelle,✓,Ja compleet,Ja,Ja actief en compleet,Aangemeld,,,Nee,,,,,
620,52756,Wooncorrect,Zwijndrecht,Zuid-Holland,3331LR,41-F,Richard,info@wooncorrect.nl,VBO,Venum,29-06-2017,jun.-2017,Nee,Sales,Jelle,Jelle,x,Nee,Nee,Ja nog niet actief,,,,,,,,,"7/12/2017 geen gehoor, ging op VM. Later proberen 14-12 Richard belde me terug. Gaat overwegen om weg te gaan bij VBO. Koppeling volgt daarom later wellicht, als hij weet wat hij gaat doen. Volgend jaar contacten"
621,49046,De wekker Makelaardij,Leiden,Zuid-Holland,2314WZ,nan,Joep Dekker,info@dewekkermakelaardij.nl,VBO,Venum,29-06-2017,jun.-2017,Nee,Sales,JP,JP,✓,Ja compleet,Ja,Ja actief en compleet,Aangemeld,,,Ja,,,,,huislijn & venum uitgesloten
622,48967,Marcel Bal Makelaardij,Sommelsdijk,Zuid-Holland,3245BC,36,Marcel Bal,info@mbmakelaardij.nl,VBO,Venum,29-06-2017,jun.-2017,Nee,Sales,Jelle,Jelle,✓,Ja compleet,Ja,Ja actief en compleet,Aangemeld,,,Ja,,,,,
623,49071,K & T Makelaars,Sittard,Limburg,6136AE,234,,info@kent-makelaars.nl,VBO,Venum,29-06-2017,jun.-2017,Nee,Koppeling,Jelle,Jelle,✓,Ja compleet,Ja,Ja actief en compleet,Aangemeld,,,Ja,,,,,huislijn uitgesloten
624,49039,Irea Makelaars,Soesterberg,Utrecht,3769CE,7A,,info@irea-makelaars.nl,NVM,Venum,29-06-2017,jun.-2017,Nee,Koppeling,Jelle,Jelle,✓,Ja geen aanbod,Ja,Ja nog niet compleet,,,,Nee,,,,,huislijn uitgesloten
625,52338,Brongers vastgoed,Onstwedde,Groningen,9591TR,19,,info@brongersvastgoed.nl,VBO,Venum,29-06-2017,jun.-2017,Nee,Koppeling,Philip,Jelle,✓,Ja gedeeltelijk,Ja,Ja nog niet compleet,Aangemeld,,,,,,,,huislijn uitgesloten
626,51246,Vendome Makelaardij,Ede (gld),Gelderland,6713LL,64,,vendome@kpnmail.nl,VBO,Venum,29-06-2017,jun.-2017,Nee,Koppeling,Philip,Jelle,✓,Ja compleet,Ja,Ja actief en compleet,Aangemeld,,,,,,,,huislijn uitgesloten
627,56575,K & T Makelaars Limburg Swalmen,Swalmen,Limburg,6071JD,15,,info@kent-makelaars.nl,VBO,Venum,29-06-2017,jun.-2017,Nee,Koppeling,Jelle,Jelle,✓,Ja compleet,Ja,Ja actief en compleet,Aangemeld,,,Nee,,,,,
628,58054,PropertiesNL,Muiden,Noord-Holland,1398PM,nan,,info@propertiesnl.nl,Onafhankelijk,Venum,29-06-2017,jun.-2017,Nee,Koppeling,JP,JP,✓,Ja compleet,Ja,Ja actief en compleet,Aangemeld,,,,,,,,heeft momenteel geen aanbod
629,49309,Van Alphen Makelaardij,Middelharnis,Zuid-Holland,3241CE,13,Natascha de Reus,verkoop@vanalphenmakelaardij.nl,VBO,Venum,30-06-2017,jun.-2017,Nee,Sales,Jelle,Jelle,✓,Ja compleet,Ja,Ja actief en compleet,Aangemeld,,,Ja,Ja JH,1-12-2017,https://www.vanalphenmakelaardij.nl/,https://www.pararius.nl/,huislijn uitgesloten
630,52265,Sam Sneek,Heerhugowaard,Noord-Holland,1701TD,12,Sam Sneek,info@samsneekmakelaardij.nl,Onafhankelijk,Direct,30-06-2017,jun.-2017,Nee,Sales,JP,JP,✓ Directe XML (niet via KA),Ja compleet,Ja,Ja actief en compleet,Aangemeld,,,Ja,,,,,
631,51406,Guntenaar Wonen,Driebergen Rijsenburg,Utrecht,3971GB,nan,Taco Guntenaar,info@guntenaarwonen.nl,VBO,Goes&Roos,30-06-2017,jun.-2017,Nee,Sales,Jelle,Jelle,✓,Ja compleet,Ja,Ja actief en compleet,Aangemeld,,,Nee,,,,,
632,50065,Blokland,Zoeterwoude,Zuid-Holland,2381CA,11,Kees Blokland,info@blokland-makelaardij.nl,VBO,Venum,30-06-2017,jun.-2017,Nee,Sales,JP,JP,✓,Ja compleet,Ja,Ja actief en compleet,Aangemeld,,,Ja,,,,,
633,53673,Het Huis van Jansen,Middelharnis,Zuid-Holland,3241GZ,114,Danielle,welkom@hethuisvanjansen.nl,VBO,Venum,30-06-2017,jun.-2017,Nee,Sales,Jelle,Jelle,✓,Ja compleet,Ja,Ja actief en compleet,Aangemeld,,,,,,,,7-12 marije gaat het nog eens voorleggen aan Danielle. Mail nogmaals gestuurd
634,58056,Tanis & Akershoek Makelaardij,Goedereede,Zuid-Holland,3252BT,11,Jeanet Tanis,info@tanisakershoek.nl,VBO,Realworks,30-06-2017,jun.-2017,Nee,Sales,Jelle,Jelle,✓,Ja compleet,Ja,Ja actief en compleet,Aangemeld,,,Ja,,,,,huislijnen en Venum uitgesloten
635,51159,De Huizenbemiddelaar Breda,Breda,Noord-Brabant,4811CA,nan,Lucas Beek,breda@dehuizenbemiddelaar.nl,VBO,Direct,03-07-2017,jul.-2017,Nee,Sales,Jelle,Jelle,✓ Directe XML (niet via KA),Ja compleet,Ja,Ja actief en compleet,Aangemeld,,,Ja,Ja JH,03-07-2017,http://www.dehuizenbemiddelaarbreda.nl/partners.php,https://www.pararius.nl/,Incognito bekijken ivm cookies
636,53550,De Huizenbemiddelaar Deurne,Deurne,Noord-Brabant,5753CV,60a,Martijn van den Akker,deurne@dehuizenbemiddelaar.nl,VBO,Direct,03-07-2017,jul.-2017,Nee,Sales,Jelle,Jelle,✓ Directe XML (niet via KA),Ja compleet,Ja,Ja actief en compleet,Aangemeld,,,Ja,Ja JH,03-07-2017,http://www.dehuizenbemiddelaardeurne.nl/partners.php,https://www.pararius.nl/,Incognito bekijken ivm cookies
637,49591,De Huizenbemiddelaar Eindhoven,Eindhoven,Noord-Brabant,5643RD,nan,Peter Klasens,eindhoven@dehuizenbemiddelaar.nl,VBO,Direct,03-07-2017,jul.-2017,Nee,Sales,Jelle,Jelle,✓ Directe XML (niet via KA),Ja compleet,Ja,Ja actief en compleet,Aangemeld,,,Ja,Ja JH,03-07-2017,http://www.dehuizenbemiddelaareindhoven.nl/partners.php,https://www.pararius.nl/,Incognito bekijken ivm cookies
638,57030,De Huizenbemiddelaar Enschede,Enschede,Overijssel,7576MZ,10,Marc Oppers,enschede@dehuizenbemiddelaar.nl,VBO,Direct,03-07-2017,jul.-2017,Nee,Sales,Philip,Jelle,✓ Directe XML (niet via KA),Ja compleet,Ja,Ja actief en compleet,Aangemeld,,,Ja,Ja JH,03-07-2017,http://www.dehuizenbemiddelaarenschede.nl/partners.php,https://www.pararius.nl/,Incognito bekijken ivm cookies
639,57732,De Huizenbemiddelaar Etten Leur,Etten Leur,Noord-Brabant,4811CA,nan,Lucas Beek,etten-leur@dehuizenbemiddelaar.nl,VBO,Direct,03-07-2017,jul.-2017,Nee,Sales,Jelle,Jelle,✓ Directe XML (niet via KA),Ja compleet,Ja,Ja actief en compleet,Aangemeld,,,Ja,Ja JH,03-07-2017,http://www.dehuizenbemiddelaarettenleur.nl/partners.php,https://www.pararius.nl/,Incognito bekijken ivm cookies
640,50153,De Huizenbemiddelaar Helmond,Helmond,Noord-Brabant,5731AE,17,Martijn van den Akker,helmond@dehuizenbemiddelaar.nl,VBO,Direct,03-07-2017,jul.-2017,Nee,Sales,Jelle,Jelle,✓ Directe XML (niet via KA),Ja compleet,Ja,Ja actief en compleet,Aangemeld,,,Ja,Ja JH,03-07-2017,http://www.dehuizenbemiddelaarhelmond.nl/partners.php,https://www.pararius.nl/,Incognito bekijken ivm cookies
641,57031,De Huizenbemiddelaar Hengelo,Hengelo (OV),Overijssel,7556MZ,10,Wilfried Wiggers,hengelo@dehuizenbemiddelaar.nl,VBO,Direct,03-07-2017,jul.-2017,Nee,Sales,Philip,Jelle,✓ Directe XML (niet via KA),Ja compleet,Ja,Ja actief en compleet,Aangemeld,,,Ja,Ja JH,03-07-2017,http://www.dehuizenbemiddelaarhengelo.nl/partners.php,https://www.pararius.nl/,Incognito bekijken ivm cookies
642,49847,De Huizenbemiddelaar Tilburg,Tilburg,Noord-Brabant,5013CA,nan,Harald Meurders (Franchisegever),tilburg@dehuizenbemiddelaar.nl,VBO,Direct,03-07-2017,jul.-2017,Nee,Sales,Jelle,Jelle,✓ Directe XML (niet via KA),Ja compleet,Ja,Ja actief en compleet,Aangemeld,,,Ja,Ja JH,03-07-2017,http://www.dehuizenbemiddelaartilburg.nl/partners.php,https://www.pararius.nl/,Incognito bekijken ivm cookies
643,50366,De Huizenbemiddelaar Nijmegen,Nijmegen,Gelderland,5361PG,32,Alice Ann,nijmegen@dehuizenbemiddelaar.nl,VBO,Direct,03-07-2017,jul.-2017,Nee,Sales,Philip,Jelle,✓ Directe XML (niet via KA),Ja compleet,Ja,Ja actief en compleet,Aangemeld,,,Ja,Ja JH,03-07-2017,http://www.dehuizenbemiddelaarnijmegen.nl/partners.php,https://www.pararius.nl/,Incognito bekijken ivm cookies
644,56507,De Huizenbemiddelaar Oosterhout,Geertruidenberg,Noord-Brabant,4931XW,10,Ad Ravestein,oosterhout@dehuizenbemiddelaar.nl,VBO,Direct,03-07-2017,jul.-2017,Nee,Sales,Jelle,Jelle,✓ Directe XML (niet via KA),Ja compleet,Ja,Ja actief en compleet,Aangemeld,,,Ja,Ja JH,03-07-2017,http://www.dehuizenbemiddelaaroosterhout.nl/partners.php,https://www.pararius.nl/,Incognito bekijken ivm cookies
645,57552,"De Huizenbemiddelaar Twente (heeft aparte site, vandaar erbij)",Hengelo (OV),Overijssel,7556MZ,10,Wilfried Wiggers,hengelo@dehuizenbemiddelaar.nl,VBO,Direct,03-07-2017,jul.-2017,Nee,Sales,Philip,Jelle,✓ Directe XML (niet via KA),Ja compleet,Ja,Ja actief en compleet,Aangemeld,,,Ja,Ja JH,03-07-2017,http://www.dehuizenbemiddelaartwente.nl/partners.php,https://www.pararius.nl/,Incognito bekijken ivm cookies
646,50712,De Huizenbemiddelaar Utrecht,Utrecht,Utrecht,3584BH,115,Dhr. Harold Hoeijmans,utrecht@dehuizenbemiddelaar.nl,VBO,Direct,03-07-2017,jul.-2017,Nee,Sales,Jelle,Jelle,✓ Directe XML (niet via KA),Ja compleet,Ja,Ja actief en compleet,Aangemeld,,,Ja,Ja JH,03-07-2017,http://www.dehuizenbemiddelaarutrecht.nl/partners.php,https://www.pararius.nl/,Incognito bekijken ivm cookies
647,50698,De Huizenbemiddelaar Venlo,Venlo,Limburg,5991AT,21,Dhr. Huub Giesen,venlo@dehuizenbemiddelaar.nl,VBO,Direct,03-07-2017,jul.-2017,Nee,Sales,Jelle,Jelle,✓ Directe XML (niet via KA),Ja compleet,Ja,Ja actief en compleet,Aangemeld,,,Ja,Ja JH,03-07-2017,http://www.dehuizenbemiddelaarvenlo.nl/partners.php,https://www.pararius.nl/,Incognito bekijken ivm cookies
648,57679,De Huizenbemiddelaar Zundert (heeft eigen site),Breda,Noord-Brabant,4884ME,nan,Lucas Beek,zundert@dehuizenbemiddelaar.nl,VBO,Direct,03-07-2017,jul.-2017,Nee,Sales,Jelle,Jelle,✓ Directe XML (niet via KA),Ja compleet,Ja,Ja actief en compleet,Aangemeld,,,Ja,Ja JH,03-07-2017,http://www.dehuizenbemiddelaarzundert.nl/partners.php,https://www.pararius.nl/,Incognito bekijken ivm cookies
649,58231,De Huizenbemiddelaar Alkmaar,Alkmaar,Noord-Holland,1816PD,183,Dhr. Ferdie Eelman,alkmaar@dehuizenbemiddelaar.nl,VBO,Direct,03-07-2017,jul.-2017,Nee,Sales,JP,JP,✓ Directe XML (niet via KA),Ja compleet,Ja,Ja actief en compleet,Aangemeld,,,Ja,Ja JP,03-07-2017,http://www.dehuizenbemiddelaaralkmaar.nl/partners.php,https://www.pararius.nl/,Incognito bekijken ivm cookies - huislijn uitgesloten
650,51395,De Huizenbemiddelaar Amstelveen,Amstelveen,Noord-Holland,2134XZ,28,Suzanne van Dissel,amstelveen@dehuizenbemiddelaar.nl,VBO,Direct,03-07-2017,jul.-2017,Nee,Sales,JP,JP,✓ Directe XML (niet via KA),Ja compleet,Ja,Ja actief en compleet,Aangemeld,,,Ja,Ja JP,03-07-2017,http://www.dehuizenbemiddelaaraveen.nl/partners.php,https://www.pararius.nl/,Incognito bekijken ivm cookies - niet in casco
651,56290,De Huizenbemiddelaar Assen,Assen,Drenthe,9401BB,29,Kim IJtsma,assen@dehuizenbemiddelaar.nl,VBO,Direct,03-07-2017,jul.-2017,Nee,Sales,Philip,JP,✓ Directe XML (niet via KA),Ja compleet,Ja,Ja actief en compleet,Aangemeld,,,Ja,Ja JP,03-07-2017,http://www.dehuizenbemiddelaarassen.nl/partners.php,https://www.pararius.nl/,Incognito bekijken ivm cookies
652,55348,De Huizenbemiddelaar Bollenstreek,Hillegom,Zuid-Holland,2182HA,5-E,Jeroen van Woensel,bollenstreek@dehuizenbemiddelaar.nl,VBO,Direct,03-07-2017,jul.-2017,Nee,Sales,JP,JP,✓ Directe XML (niet via KA),Ja compleet,Ja,Ja actief en compleet,Aangemeld,,,Ja,Ja JP,03-07-2017,http://www.dehuizenbemiddelaarbollenstreek.nl/partners.php,https://www.pararius.nl/,Incognito bekijken ivm cookies
653,52167,De Huizenbemiddelaar Delft,Delft,Zuid-Holland,3145XN,12a,Aad Schipper,delft@dehuizenbemiddelaar.nl,VBO,Direct,03-07-2017,jul.-2017,Nee,Sales,JP,JP,✓ Directe XML (niet via KA),Ja compleet,Ja,Ja actief en compleet,Aangemeld,,,Ja,Ja JP,03-07-2017,http://www.dehuizenbemiddelaardelft.nl/partners.php,https://www.pararius.nl/,Incognito bekijken ivm cookies
654,49550,De Huizenbemiddelaar Den Haag- Haaglanden,Rijswijk (zh),Zuid-Holland,2282GW,60,Aad Schipper/ Mia van Roon,haaglanden@dehuizenbemiddelaar.nl,VBO,Direct,03-07-2017,jul.-2017,Nee,Sales,JP,JP,✓ Directe XML (niet via KA),Ja compleet,Ja,Ja actief en compleet,Aangemeld,,,Ja,Ja JP,03-07-2017,http://www.dehuizenbemiddelaarhaaglanden.nl/partners.php,https://www.pararius.nl/,Incognito bekijken ivm cookies
655,52588,De Huizenbemiddelaar Den Haag- zuid,Den Haag,Zuid-Holland,2544EZ,25,Aart van Stijn,denhaagzuid@dehuizenbemiddelaar.nl,VBO,Direct,03-07-2017,jul.-2017,Nee,Sales,JP,JP,✓ Directe XML (niet via KA),Ja compleet,Ja,Ja actief en compleet,Aangemeld,,,Ja,Ja JP,03-07-2017,http://www.dehuizenbemiddelaardenhaagzuid.nl/partners.php,https://www.pararius.nl/,Incognito bekijken ivm cookies
656,49130,De Huizenbemiddelaar Gouda,Gouda,Zuid-Holland,2801PE,54,Han Jansen,gouda@dehuizenbemiddelaar.nl,VBO,Direct,03-07-2017,jul.-2017,Nee,Sales,JP,JP,✓ Directe XML (niet via KA),Ja compleet,Ja,Ja actief en compleet,Aangemeld,,,Ja,Ja JP,03-07-2017,http://www.dehuizenbemiddelaargouda.nl/partners.php,https://www.pararius.nl/,
657,49083,De Huizenbemiddelaar Groningen,Groningen,Groningen,9731HH,31,Wiedo Eringa & Kim IJtsma,groningen@dehuizenbemiddelaar.nl,VBO,Direct,03-07-2017,jul.-2017,Nee,Sales,JP,JP,✓ Directe XML (niet via KA),Ja compleet,Ja,Ja actief en compleet,Aangemeld,,,Ja,Ja JP,03-07-2017,http://www.dehuizenbemiddelaargroningen.nl/partners.php,https://www.pararius.nl/,
658,50920,De Huizenbemiddelaar Maassluis,Maassluis,Zuid-Holland,3145XN,12a,Aad Schipper,maassluis@dehuizenbemiddelaar.nl,VBO,Direct,03-07-2017,jul.-2017,Nee,Sales,JP,JP,✓ Directe XML (niet via KA),Ja compleet,Ja,Ja actief en compleet,Aangemeld,,,Ja,Ja JP,03-07-2017,http://www.dehuizenbemiddelaarmaassluis.nl/partners.php,https://www.pararius.nl/,Incognito bekijken ivm cookies
659,55269,De Huizenbemiddelaar Zoetermeer,Rijswijk (zh),Zuid-Holland,2718SM,50,Aad Schipper,zoetermeer@dehuizenbemiddelaar.nl,VBO,Direct,03-07-2017,jul.-2017,Nee,Sales,JP,JP,✓ Directe XML (niet via KA),Ja compleet,Ja,Ja nog niet actief,Aangemeld,,,Ja,Ja JP,03-07-2017,http://www.dehuizenbemiddelaarzoetermeer.nl/partners.php,https://www.pararius.nl/,Incognito bekijken ivm cookies
660,52729,A&D Vastgoed,Diemen,Noord-Holland,1103DV,934,Romano Muradin,info@advastgoed.nl,VBO,Venum,03-07-2017,jul.-2017,Ja,Mailing,JP,JP,✓,Ja compleet,Ja,Ja nog niet compleet,Aangemeld,Ja,,Ja,Ja JP,25-07,http://advastgoed.nl/,https://www.pararius.nl/,
661,57032,De Huizenbemiddelaar Almere,Almere,Flevoland,1314AN,13,Dhr. George Tweeboom,almere@dehuizenbemiddelaar.nl,VBO,Direct,03-07-2017,jul.-2017,Nee,Sales,JP,JP,✓ Directe XML (niet via KA),Ja compleet,Ja,Ja nog niet actief,Aangemeld,,,,,,,,
662,61946,De Huizenbemiddelaar Amsterdam Oost,Wormer,Noord-Holland,1024LE,92,Jarl Brouwer,brouwer@dehuizenbemiddelaar.nl,VBO,Direct,03-07-2017,jul.-2017,Nee,Sales,JP,JP,✓ Directe XML (niet via KA),Ja compleet,Ja,Ja nog niet compleet,Aangemeld,,,,,,,,
663,50018,De Huizenbemiddelaar Amsterdam West,Amsterdam,Noord-Holland,1019XE,215,Anthony Snijers,anthony@dehuizenbemiddelaar.nl,VBO,Direct,03-07-2017,jul.-2017,Nee,Sales,JP,JP,✓ Directe XML (niet via KA),Ja compleet,Ja,Ja actief en compleet,Aangemeld,,,,,,,,
664,49962,De Huizenbemiddelaar Arnhem,Bemmel,Gelderland,6681PM,70,Dhr. Wim Jansen/Ans Jansen/Marja Visser,arnhem@dehuizenbemiddelaar.nl,VBO,Direct,03-07-2017,jul.-2017,Nee,Sales,Philip,Jelle,✓ Directe XML (niet via KA),Ja compleet,Ja,Ja actief en compleet,Aangemeld,,,,,,,,
665,53392,De Huizenbemiddelaar Bergen op Zoom,Bergen op Zoom,Noord-Brabant,4611HC,39 A,Richard van den Eijnden,westbrabant@dehuizenbemiddelaar.nl,VBO,Direct,03-07-2017,jul.-2017,Nee,Sales,Jelle,Jelle,✓ Directe XML (niet via KA),Ja compleet,Ja,Ja actief en compleet,Aangemeld,,,,,,,,
666,50944,De Huizenbemiddelaar Capelle ad IJssel,Capelle aan den IJssel,Zuid-Holland,2907BD,73,Samira de Boer,capelle@dehuizenbemiddelaar.nl,VBO,Direct,03-07-2017,jul.-2017,Nee,Sales,JP,JP,✓ Directe XML (niet via KA),Ja compleet,Ja,Ja actief en compleet,Aangemeld,,,,,,,,
667,49315,De Huizenbemiddelaar De Langstraat,Waalwijk,Noord-Brabant,5144BC,11,Jeroen van Woensel,delangstraat@dehuizenbemiddelaar.nl,VBO,Direct,03-07-2017,jul.-2017,Nee,Sales,Jelle,Jelle,✓ Directe XML (niet via KA),Ja compleet,Ja,Ja actief en compleet,Aangemeld,,,,,,,,
668,50252,De Huizenbemiddelaar Den Bosch,Rosmalen,Noord-Brabant,5246JA,25,Mart van Nistelrooij,denbosch@dehuizenbemiddelaar.nl,VBO,Direct,03-07-2017,jul.-2017,Nee,Sales,Jelle,Jelle,✓ Directe XML (niet via KA),Ja compleet,Ja,Ja actief en compleet,Aangemeld,,,,,,,,
669,50825,De Huizenbemiddelaar Emmen,Borger,Drenthe,9531ED,40,Sieme Kok,emmen@dehuizenbemiddelaar.nl,VBO,Direct,03-07-2017,jul.-2017,Nee,Sales,Philip,Jelle,✓ Directe XML (niet via KA),Ja compleet,Ja,Ja actief en compleet,Aangemeld,,,,,,,,
670,50715,De Huizenbemiddelaar Haarlem,Haarlem,Noord-Holland,2034LS,nan,,haarlem@dehuizenbemiddelaar.nl,VBO,Direct,03-07-2017,jul.-2017,Nee,Sales,JP,JP,✓ Directe XML (niet via KA),Ja compleet,Ja,Ja actief en compleet,Aangemeld,,,,,,,,
671,50512,De Huizenbemiddelaar Hilversum,Hilversum,Noord-Holland,1222EC,31,Frans Wieringa,hilversum@dehuizenbemiddelaar.nl,VBO,Direct,03-07-2017,jul.-2017,Nee,Sales,JP,JP,✓ Directe XML (niet via KA),Ja compleet,Ja,Ja actief en compleet,Aangemeld,,,,,,,,
672,59733,De Huizenbemiddelaar Hoofddorp,Hoofddorp,Noord-Holland,2132NA,609,Jeroen van Woensel,hoofddorp@dehuizenbemiddelaar.nl,VBO,Direct,03-07-2017,jul.-2017,Nee,Sales,JP,JP,✓ Directe XML (niet via KA),Ja compleet,Ja,Ja actief en compleet,Aangemeld,,,,,,,,
673,51491,De Huizenbemiddelaar Land van Altena,Wijk en aalburg,Noord-Brabant,4260AB,60,Jeroen van Woensel,landvanaltena@dehuizenbemiddelaar.nl,VBO,Direct,03-07-2017,jul.-2017,Nee,Sales,Jelle,Jelle,✓ Directe XML (niet via KA),Ja compleet,Ja,Ja actief en compleet,Aangemeld,,,,,,,,
674,50422,De Huizenbemiddelaar Maas en Waal,Beuningen (GLD),Gelderland,6641BE,12,Dhr. Gerben Vrolijks & Dhr. Maarten Vrolijks,maasenwaal@dehuizenbemiddelaar.nl,VBO,Direct,03-07-2017,jul.-2017,Nee,Sales,Philip,Jelle,✓ Directe XML (niet via KA),Ja compleet,Ja,Ja actief en compleet,Aangemeld,,,,,,,,
675,50714,De Huizenbemiddelaar Rotterdam,Rotterdam,Zuid-Holland,3062SC,65,Dhr. Martin J. Bekker,mj.bekker@dehuizenbemiddelaar.nl,VBO,Direct,03-07-2017,jul.-2017,Nee,Sales,JP,JP,✓ Directe XML (niet via KA),Ja compleet,Ja,Ja actief en compleet,Aangemeld,,,,,,,,
676,52296,De Huizenbemiddelaar Vlaardingen,Vlaardingen,Zuid-Holland,3134GE,12,Aad Schipper,vlaardingen-schiedam@dehuizenbemiddelaar.nl,VBO,Direct,03-07-2017,jul.-2017,Nee,Sales,JP,JP,✓ Directe XML (niet via KA),Ja compleet,Ja,Ja actief en compleet,Aangemeld,,,,,,,,
677,53643,De Huizenbemiddelaar Zuid hollandse eilanden,Ouddorp (ZH),Zuid-Holland,3253TA,nan,Dhr. Leon de Graaf,zheilanden@dehuizenbemiddelaar.nl,VBO,Direct,03-07-2017,jul.-2017,Nee,Sales,Jelle,Jelle,✓ Directe XML (niet via KA),Ja compleet,Ja,Ja actief en compleet,Aangemeld,,,,,,,,
678,50162,De Huizenbemiddelaar Zwolle,Nieuwleusen,Overijssel,7711GN,20,"Luit Dekens, René Pluim",zwolle@dehuizenbemiddelaar.nl,VBO,Direct,03-07-2017,jul.-2017,Nee,Sales,Philip,Jelle,✓ Directe XML (niet via KA),Ja compleet,Ja,Ja actief en compleet,Aangemeld,,,,,,,,
679,56697,Re/max City,Den Haag,Zuid-Holland,2518GM,47,Ellen van Opstal,ellenvanopstal@remax.nl,VBO,Venum,03-07-2017,jul.-2017,Nee,Sales,JP,JP,x,Nee,Nee,Ja nog niet compleet,,,,Nee,,,,,
680,49603,Berg & Broek Makelaardij,Oss,Noord-Brabant,5341JC,nan,Paul van den Berg,info@bergenbroek.nl,VBO,Venum,04-07-2017,jul.-2017,Nee,Sales,Jelle,Jelle,✓,Ja compleet,Ja,Ja actief en compleet,Aangemeld,,,Ja,Ja JH,06-07-2017,https://www.bergenbroek.nl/,https://www.pararius.nl/koopwoningen/oss,
681,50364,Mijn Huis makelaardij,Heemstede,Noord-Holland,2101WB,nan,Annelou,info@mijnhuismakelaardij.nl,Onafhankelijk,Direct,04-07-2017,jul.-2017,Nee,Sales,JP,JP,✓ Directe XML (niet via KA),Ja compleet,Ja,Ja actief en compleet,Aangemeld,,,Ja,Ja JP,04-07-2017,http://www.mijnhuismakelaardij.nl/,https://www.pararius.nl/koopwoningen/heemstede,
682,52553,Meesters Makelaars,Den Haag,Zuid-Holland,2552DV,105,Ramon Meesters,info@meestersmakelaars.nl,VBO,Venum,04-07-2017,jul.-2017,Nee,Sales,JP,JP,✓,Ja compleet,Ja,Ja actief en compleet,Aangemeld,,,Ja,Ja DvD,18-4-2018,http://www.meestersmakelaars.nl/,https://www.pararius.nl/,
683,49336,Frank Sweegers Makelaardij,Breda,Noord-Brabant,4835NJ,236,Mario Verboven,info@franksweegersmakelaardij.nl,VBO,Venum,04-07-2017,jul.-2017,Nee,Sales,Jelle,Jelle,✓,Ja compleet,Ja,Ja actief en compleet,Aangemeld,,,Nee,,,,,
684,50832,Alcoco ,Amsterdam,Noord-Holland,1090GJ,94396,,info@alcoco.nl,Onafhankelijk,Goes&Roos,05-07-2017,jul.-2017,Nee,Koppeling,JP,JP,✓,IAV,Ja,Ja actief en compleet,,,,Nee,,,,,blauw gemaakt i.v.m. geen koopaanbod beschikbaar
685,55695,Boon Makelaars Bilthoven,Bilthoven,Utrecht,3722GR,26,,bilthoven@boonmakelaars.nl,NVM,Goes&Roos,05-07-2017,jul.-2017,Nee,Koppeling,Jelle,Jelle,✓,Ja geen aanbod,Nee,Ja nog niet compleet,,,,Ja,,,,,
686,57095,Broekman & Calis,Bilthoven,Utrecht,3722GR,30,,info@broekman-calis.nl,VBO,Goes&Roos,05-07-2017,jul.-2017,Nee,Koppeling,Jelle,Jelle,✓,Ja compleet,Ja,Ja actief en compleet,Aangemeld,,,Ja,Ja DvD,18-7-2018,http://www.broekman-calis.nl/,https://www.pararius.nl/makelaars/bilthoven/broekman-calis,huislijn uitgesloten
687,56084,De Nieuwe Amsterdamsche Makelaardij,Amsterdam,Noord-Holland,1077GE,15,Melanie,nfo@denieuweamsterdamsche.nl,NVM,Goes&Roos,05-07-2017,jul.-2017,Nee,Koppeling,JP,JP,✓,Ja compleet,Ja,Ja actief en compleet,Aangemeld,,,Nee,,,,,
688,55488,Dokter Makelaardij,Amsterdam,Noord-Holland,1017JT,679,,info@doktermakelaardij.nl,NVM,Goes&Roos,05-07-2017,jul.-2017,Nee,Koppeling,JP,JP,✓,Ja compleet,Ja,Ja actief en compleet,Aangemeld,,,Ja,,,,,
689,53104,DSTRCT,Amsterdam,Noord-Holland,1016TV,nan,Steffi,info@DSTRCT.nl,NVM,Goes&Roos,05-07-2017,jul.-2017,Nee,Koppeling,JP,JP,✓,Ja compleet,Ja,Ja actief en compleet,Aangemeld,,,Ja,,,,,
690,55497,Groot Amsterdam Makelaardij,Amsterdam,Noord-Holland,1052EE,134,Yvonne,info@grootamsterdam.nl,NVM,Goes&Roos,05-07-2017,jul.-2017,Nee,Koppeling,JP,JP,✓,Ja compleet,Ja,Ja actief en compleet,Aangemeld,,,Nee,,,,,
691,53097,Keij & Stefels Makelaars en Taxateurs,Amsterdam,Noord-Holland,1071DA,26,Danielle,info@keij-stefels.nl,NVM,Goes&Roos,05-07-2017,jul.-2017,Nee,Koppeling,JP,JP,✓,Ja compleet,Ja,Ja actief en compleet,Aangemeld,,,Nee,,,,,
692,51648,Koster Di Giacomo,Weesp,Noord-Holland,1381CC,26,Laurinda Di Giacomo,info@kosterdigiacomo.nl,VBO,Goes&Roos,05-07-2017,jul.-2017,Nee,Koppeling,JP,JP,✓,Ja geen aanbod,Ja,Ja actief en compleet,,,,Ja,Ja JP,17-07-2017,http://www.kosterdigiacomo.nl/,https://www.pararius.nl/,
693,49938,Match Makelaars,Rotterdam,Zuid-Holland,3011VA,29 C,Dennis Stello,rotterdam@matchmakelaars.nl,VBO,Goes&Roos,05-07-2017,jul.-2017,Nee,Koppeling,JP,JP,✓,Ja compleet,Ja,Ja actief en compleet,Aangemeld,,,Ja,,,,,
694,56180,Peter Bruin Makelaardij,Amsterdam,Noord-Holland,1075BH,22,Patricia,info@peterbruin.nl,NVM,Goes&Roos,05-07-2017,jul.-2017,Nee,Koppeling,JP,JP,✓,Ja compleet,Ja,Ja actief en compleet,Aangemeld,,,Nee,,,,,
695,55960,Quest Vastgoed,Utrecht,Utrecht,3511LP,36,Hidde,info@questvastgoed.nl,VBO,Goes&Roos,05-07-2017,jul.-2017,Nee,Koppeling,Jelle,Jelle,✓,Ja compleet,Ja,Ja actief en compleet,Aangemeld,,,Ja,,,,,
696,49211,Stuij & van Dijk,Hardinxveld Giessendam,Zuid-Holland,3373AE,118,Marina,info@stuijenvandijk.nl,VBO,Venum,05-07-2017,jul.-2017,Nee,Sales,Jelle,Jelle,✓,Ja compleet,Ja,Ja actief en compleet,Aangemeld,,,Ja,,,,,
697,49701,Marijke Berrevoets Makelaardij,Ouwerkerk,Zeeland,4305AP,11,Marijke Berrevoets,info@mbm-makelaardij.nl,VBO,Realworks,05-07-2017,jul.-2017,Nee,Sales,Jelle,Jelle,✓,Ja compleet,Ja,Ja actief en compleet,Aangemeld,,,Ja,Ja JH,03-08-2017,https://www.mbm-makelaardij.nl/,https://www.pararius.nl/koopwoningen/ouwerkerk,
698,53005,De Gouden Makelaardij,Laren (nh),Noord-Holland,1251RM,59 B,Marjolein,info@degoudenmakelaardij.nl,NVM,Realworks,05-07-2017,jul.-2017,Nee,Koppeling,JP,JP,x,Nee,Ja,Ja actief en compleet,,,,Ja,,,,,
699,55592,Koppers Makelaardij,Hillegom,Zuid-Holland,2182ER,194,Art,hillegom@zekervia.nl,NVM,Realworks,05-07-2017,jul.-2017,Ja,Sales,JP,JP,✓,Ja compleet,Ja,Ja actief en compleet,Aangemeld,Ja,,Nee,,,,,
700,56190,Rappange Makelaardij,Amsterdam,Noord-Holland,1016GV,255,Stephanie,info@rappange.nl,NVM,Goes&Roos,06-07-2017,jul.-2017,Nee,Koppeling,JP,JP,✓,Nee,Ja,Ja nog niet compleet,Aangemeld,,,Nee,,,,,
701,55641,Van der Schaaf En Kooijmans Makelaars,Bloemendaal,Noord-Holland,2061CB,47,Melanie,info@skmakelaars.nl,NVM,Goes&Roos,06-07-2017,jul.-2017,Nee,Koppeling,JP,JP,✓,Ja geen aanbod,Nee,Ja nog niet compleet,,,,Ja,,,,,
702,48979,Rick Real Estate,Den Haag,Zuid-Holland,2562EZ,229,Alex,info@rickrealestate.nl,VBO,Venum,06-07-2017,jul.-2017,Nee,Sales,JP,JP,✓,Ja geen aanbod,Nee,Ja nog niet compleet,,,,Nee,,,,,gaan de automatische koppeling niet inschakelen
703,49921,Sonja Boogaard makelaardij,Middelburg,Zeeland,4330GA,7005,Sonja,info@sonjaboogaard.nl,VBO,Venum,06-07-2017,jul.-2017,Nee,Sales,Jelle,Jelle,✓,Ja compleet,Ja,Ja actief en compleet,Aangemeld,,,Nee,,,,,
704,49050,Theelen & Partners makelaardij,Vlissingen,Zeeland,4381LR,123-127,Elsbeth,info@tpmakelaars.nl,VBO,Venum,06-07-2017,jul.-2017,Nee,Sales,Jelle,Jelle,✓,Ja compleet,Ja,Ja actief en compleet,Aangemeld,,,Nee,,,,,
705,49471,Houmes Makelaars,westkapelle,Zeeland,4361AG,82,Wilko Houmes,info@houmesmakelaars.nl,VBO,Venum,06-07-2017,jul.-2017,Nee,Sales,Jelle,Jelle,✓,Ja compleet,Ja,Ja actief en compleet,Aangemeld,,,Nee,,,,,
706,50531,Immoregio,Wemeldinge,Zeeland,4424BB,nan,Elza,info@immoregio.nl,VBO,Venum,06-07-2017,jul.-2017,Nee,Sales,Jelle,Jelle,✓,Ja compleet,Ja,Ja actief en compleet,Aangemeld,,,Ja,,,,,
707,53225,Emil Makelaars,Voorburg,Zuid-Holland,2271AJ,18,Mieke,info@emilmakelaars.nl,NVM,Realworks,06-07-2017,jul.-2017,Nee,Sales,JP,JP,✓,Ja compleet,Ja,Ja actief en compleet,Aangemeld,,,Nee,,,,,
708,50588,Van Graafeiland Makelaardij,Rijswijk (zh),Zuid-Holland,2282RD,22,Mevrouw Graafeiland,info@graafeiland.nl,VBO,Venum,07-07-2017,jul.-2017,Nee,Sales,JP,JP,✓,Ja compleet,Ja,Ja actief en compleet,Aangemeld,,,Ja,Ja JP,01-08-2018,http://www.vangraafeiland.nl/index.php?t=1&p=8,https://www.pararius.nl/koopwoningen/rijswijk,
709,50094,Kater Makelaardij,Nieuwerkerk,Zeeland,4306CK,37,Wim Kater,info@katermakelaardij.nl,VBO,Goes&Roos,07-07-2017,jul.-2017,Nee,Sales,Jelle,Jelle,✓,Ja compleet,Ja,Ja actief en compleet,Aangemeld,,,Nee,,,,,
710,52384,Den Braber & ram,Den Haag,Zuid-Holland,2583DA,83,Remon,info@braberram.nl,VBO,Venum,07-07-2017,jul.-2017,Nee,Sales,JP,JP,✓,Ja compleet,Ja,Ja actief en compleet,Aangemeld,,,Ja,,,,,
711,55525,HousingWell,Dordrecht,Zuid-Holland,3312CK,15,,info@housingwell.nl,Onafhankelijk,Venum,07-07-2017,jul.-2017,Nee,Koppeling,Jelle,Jelle,✓,Ja compleet,Ja,Ja actief en compleet,Aangemeld,,,Ja,Ja DvD,14-9-2018,https://www.housingwell.nl/,https://www.pararius.nl/,"geen koopaanbod in NL, koppelign wel actief. Wachten op aanbod"
712,56718,Re/Max Optimus Makelaars,Oisterwijk,Noord-Brabant,5061KK,nan,,optimusmakelaars@remax.nl,VBO,Venum,07-07-2017,jul.-2017,Nee,Koppeling,Jelle,Jelle,✓,Ja compleet,Nee,Ja actief en compleet,Aangemeld,,,Nee,,,,,
713,59014,Zater Makelaardij,Hoorn (nh),Noord-Holland,1621CZ,31,,makelaarhermandejong@gmail.com,VBO,Venum,07-07-2017,jul.-2017,Nee,Koppeling,JP,JP,✓,Ja compleet,Ja,Ja actief en compleet,Aangemeld,,,Ja,,,,,niet in casco?
714,53038,Dop Makelaars,Lelystad,Flevoland,8241BG,nan,Benjamin Dop,bdop@dop.nl,Onafhankelijk,Pararius Office,10-07-2017,jul.-2017,Nee,Sales,JP,JP,✓,Ja compleet,Nee,Ja nog niet compleet,Aangemeld,,,Ja,Ja JP,16-08-2016,https://www.dop.nl/,https://www.pararius.nl/,
715,48789,Facchin Makelaars,Heinkenszand,Zeeland,4451TL,36,Monique Facchin,Info@facchinmakelaars.nl,VBO,Venum,11-07-2017,jul.-2017,Nee,Sales,Jelle,Jelle,✓,Ja compleet,Ja,Ja actief en compleet,Aangemeld,,,Ja,Ja DvD,26-2-2018,https://www.facchinmakelaars.nl/,https://www.pararius.nl/,
716,55377,E-Line Makelaardij,Boxtel,Noord-Brabant,5281GG,86,Eline,info@e-linemakelaardij.nl,VBO,Venum,11-07-2017,jul.-2017,Nee,Sales,Jelle,Jelle,✓,Ja compleet,Ja,Ja actief en compleet,Aangemeld,,,Ja,Ja JH,11-07-2017,https://www.e-linemakelaardij.nl/,https://www.pararius.nl/,
717,55291,Kockelkorn Makelaardij,Sittard,Limburg,6131KP,22,Ton Kockelkorn,info@kockelkornmakelaardij.nl,VBO,Goes&Roos,11-07-2017,jul.-2017,Nee,Koppeling,Jelle,Jelle,✓,Ja compleet,Ja,Ja actief en compleet,Aangemeld,,,Nee,,,,,
718,50193,Versluijs Makelaardij,Oostburg,Zeeland,4501BA,15,Brigit Tetteroo,info@versluijsmakelaardij.nl,VBO,Skarabee,11-07-2017,jul.-2017,Nee,Sales,Jelle,Jelle,✓,Ja compleet,Ja,Ja actief en compleet,Aangemeld,,,Nee,,,,,
719,51996,Schrijver Versluys Makelaars,Goes,Zeeland,4461GL,10,Mike,info@schrijverversluys.nl,VBO,Venum,11-07-2017,jul.-2017,Nee,Sales,Jelle,Jelle,✓,Ja compleet,Ja,Ja actief en compleet,Aangemeld,,,Nee,,,,,
720,58337,Bliq op wonen Leiden,Hillegom,Zuid-Holland,2182NN,27,Jaap Zee,leiden@bliqopwonen.nl,VBO,Venum,11-07-2017,jul.-2017,Nee,Sales,JP,JP,✓,Ja compleet,Ja,Ja actief en compleet,Aangemeld,,,Ja,,,,,niet in casco - alleen vestiging Delft
721,49273,Allround Makelaardij Tilburg,Tilburg,Noord-Brabant,5025JX,212,Marion,info@allroundmakelaardij.nl,VBO,Venum,11-07-2017,jul.-2017,Nee,Sales,Jelle,Jelle,✓,Ja compleet,Ja,Ja actief en compleet,Aangemeld,,,Ja,,,,,
722,48821,Leunis Makelaars,Tholen,Zeeland,4691EK,11,Simone Rens,info@leunis.nl,VBO,Realworks,11-07-2017,jul.-2017,Nee,Sales,Jelle,Jelle,✓,Ja compleet,Ja,Ja actief en compleet,Aangemeld,,,Ja,Ja JH,02-08-2017,http://www.leunis.nl/,https://www.pararius.nl/koopwoningen/tholen,
723,53728,Isaak Makelaardij,Amsterdam,Noord-Holland,1019JK,43160,Marvin Reith,info@isaak.nl,NVM,Realworks,11-07-2017,jul.-2017,Ja,Koppeling,JP,JP,✓,Ja compleet,Ja,Ja actief en compleet,Aangemeld,Ja,,Ja,Ja JP,11-07,https://www.isaak.nl/,https://www.pararius.nl/koopwoningen/amsterdam,
724,49105,Post makelaardij,Pijnacker,Zuid-Holland,2641DM,30,Maarten Post,info@postmakelaardij.nl,VBO,Realworks,11-07-2017,jul.-2017,Nee,Sales,JP,JP,✓,Ja compleet,Ja,Ja actief en compleet,Aangemeld,,,Ja,Ja JP,11-07,https://www.postmakelaardij.nl/,https://www.pararius.nl/koopwoningen/pijnacker,
725,49063,Wisse Vastgoed,Domburg,Zeeland,4357BW,14,Jinty Kleinepier-Van Os,info@wissevastgoed.nl,NVM,Realworks,11-07-2017,jul.-2017,Nee,Sales,Jelle,Jelle,✓,Ja gedeeltelijk,Ja,Ja nog niet compleet,Aangemeld,,,Nee,,,,,
726,49316,Stuivenberg Makelaardij,Enschede,Overijssel,7534AR,1104 - a,Erik Stuivenberg,erik@stuivenberg.nl,Onafhankelijk,Venum,12-07-2017,jul.-2017,Nee,Mailing,Philip,Jelle,✓,Ja compleet,Ja,Ja actief en compleet,Aangemeld,,,Ja,Ja JH,27-07-2017,https://www.stuivenberg.nl/,https://www.pararius.nl/koopwoningen/,
727,50077,Anthonise Makelaars,Goes,Zeeland,4461HN,18,Joyce Niederer,makelaars@anthonise.nl,VBO,Venum,12-07-2017,jul.-2017,Nee,Sales,Jelle,Jelle,✓,Ja compleet,Ja,Ja actief en compleet,Aangemeld,,,Ja,Ja JH,13-7-2017,https://www.anthonise.nl/,https://www.pararius.nl/koopwoningen/goes,
728,57676,Van Mameren Makelaardij,Hilversum,Noord-Holland,1216CT,65,Edwin van Mameren,info@vanmamerenmakelaardij.nl,VastgoedPRo,Skarabee,12-07-2017,jul.-2017,Nee,Sales,JP,JP,✓,Ja gedeeltelijk,Ja,Ja actief en compleet,Aangemeld,,,Ja,,,,,
729,55528,R+ Makelaardij,Heinkenszand,Zeeland,4451BB,51b,Ruud de Jonge,info@rplusmakelaardij.nl,VBO,Venum,12-07-2017,jul.-2017,Nee,Sales,Jelle,Jelle,✓,Ja compleet,Ja,Ja actief en compleet,Aangemeld,,,Nee,,,,,
730,58354,Allround Makelaardij Waalwijk,Waalwijk,Noord-Brabant,5142CC,nan,Joris,Dian@allroundmakelaardij.nl,VBO,Venum,12-07-2017,jul.-2017,Nee,Sales,Jelle,Jelle,✓,Ja compleet,Nee,Ja actief en compleet,Aangemeld,,,Ja,,,,,aanbod komt door in vestiging Tilburg
731,49439,Immobilia Real Estate,Berkel en Rodenrijs,Zuid-Holland,2651JX,89,Lisanne Baremans,info@immobilia.nl,VBO,Realworks,12-07-2017,jul.-2017,Nee,Sales,JP,JP,✓,Ja compleet,Ja,Ja actief en compleet,Aangemeld,,,Ja,Ja DvD,28-11-2018,https://www.immobilia.nl/nl/,https://www.pararius.nl/makelaars/berkel-en-rodenrijs/immobilia-real-estate-2/huurwoningen/verhuur,
732,49958,Makelaardij Ruud de Meijer,Sas van Gent,Zeeland,4551EK,nan,Ruud de Meijer,rdemeijer@zeelandnet.nl,VBO,Venum,13-07-2017,jul.-2017,Nee,Sales,Jelle,Jelle,✓,Ja compleet,Ja,Ja actief en compleet,Aangemeld,,,Ja,Ja JH,27-07-2017,https://www.ruuddemeijer.nl/,https://www.pararius.nl/koopwoningen/,
733,49982,Leukehuizen.nl,Almere,Flevoland,1363TR,40,Jorien,info@leukehuizen.nl,VBO,Goes&Roos,13-07-2017,jul.-2017,Nee,Koppeling,JP,JP,✓,Ja compleet,Ja,Ja actief en compleet,Aangemeld,,,Nee,,,,,veel nieuwbouw. Komt later
734,49957,Putter Vastgoed,Terneuzen,Zeeland,4537AS,192,Anco Putter,info@puttervastgoed.nl,VBO,Venum,13-07-2017,jul.-2017,Nee,Sales,Jelle,Jelle,✓,Ja compleet,Ja,Ja actief en compleet,Aangemeld,,,Ja,,,,,
735,49263,Van Leerdam Makelaardij,de lier,Zuid-Holland,2635HP,43,Loes van Dijk,info@vanleerdammakelaardij.nl,VBO,Venum,13-07-2017,jul.-2017,Nee,Sales,JP,JP,✓,Ja compleet,Ja,Ja actief en compleet,Aangemeld,,,Ja,,,,,
736,51454,Tulp Vastgoed,Den Haag,Zuid-Holland,2525HK,1258,,info@tulpvastgoed.nl,VBO,Venum,13-07-2017,jul.-2017,Nee,Sales,JP,JP,✓,Ja compleet,Ja,Ja actief en compleet,Aangemeld,,,Ja,,,,,
737,52419,B&F Makelaar,Den Haag,Zuid-Holland,2518VR,126,Nard,info@bfmakelaar.nl,VBO,Venum,13-07-2017,jul.-2017,Nee,Sales,JP,JP,✓,Ja compleet,Ja,Ja actief en compleet,Aangemeld,,,Nee,,,,,
738,55308,Apollo Makelaardij Groot Amsterdam,Amsterdam,Noord-Holland,1071ZA,2 III,Michael Wienen,info@apollomakelaardij.nl,VBO,Venum,13-07-2017,jul.-2017,Nee,Sales,JP,JP,✓,Ja compleet,Ja,Ja actief en compleet,Verstuurd,,,Ja,Ja DvD,28-8-2018,https://www.apollomakelaardij.nl/,https://www.pararius.nl/makelaars/amsterdam/apollo-makelaardij,wilt handmatig plaatsen
739,49948,BEN Makelaar,Hulst,Zeeland,4561HG,46,Ben Lockefeer,info@benmakelaar.nl,NVM,Venum,13-07-2017,jul.-2017,Nee,Sales,Jelle,Jelle,✓,Ja compleet,Ja,Ja actief en compleet,Aangemeld,,,Nee,,,,,12-12 gesproken en gaat atciveren. Stappen weer gestuurd
740,56775,Diva Makelaars,Den Haag,Zuid-Holland,2574AL,337,,info@divamakelaars.nl,VBO,Venum,13-07-2017,jul.-2017,Nee,Koppeling,JP,JP,✓,Ja compleet,Ja,Ja nog niet compleet,Aangemeld,,,Nee,,,,,
741,50306,Beije Vastgoed,Voorschoten,Zuid-Holland,2253BE,69-B,Jan Beie,info@beievastgoed.nl,Onafhankelijk,Goes&Roos,17-07-2017,jul.-2017,Ja,Mailing,JP,JP,✓,Ja compleet,Ja,Ja actief en compleet,Aangemeld,Ja,,Ja,Ja JP,12-12-2017,http://www.beijevastgoed.nl/nl/links,https://www.pararius.nl/,
742,58055,Vinkenbosch,Oegstgeest,Zuid-Holland,2342AJ,nan,Niek van de Bosch,Niek@vinkenbosch.nl,VBO,Venum,18-07-2017,jul.-2017,Nee,Sales,JP,JP,✓,Ja compleet,Ja,Ja actief en compleet,Aangemeld,,,Ja,Ja JP,18-07-2017,https://www.vinkenbosch.nl/,https://www.pararius.nl/,
743,56308,Doeksenklein Makelaardij,Amsterdam,Noord-Holland,1072BZ,110,Ida,info@doeksenklein.nl,NVM,Goes&Roos,18-07-2017,jul.-2017,Nee,Sales,JP,JP,✓,Ja compleet,Ja,Ja actief en compleet,Aangemeld,,,Nee,,,,,
744,49177,Piet Warmerdam Makelaardij,Noordwijkerhout,Zuid-Holland,2211EH,28,Mieke,info@pietwarmerdammakelaardij.nl,VBO,Venum,18-07-2017,jul.-2017,Nee,Sales,JP,JP,✓,Ja compleet,Ja,Ja actief en compleet,Aangemeld,,,Ja,,,,,
745,49021,Soestdijk Makelaardij,Soesterberg,Utrecht,3764XK,54,Jaap Meijer,info@soestdijkmakelaardij.nl,VBO,Venum,18-07-2017,jul.-2017,Ja,Mailing,Jelle,JP,✓,Ja gedeeltelijk,Ja,Ja nog niet compleet,,Ja,,Ja,,,,,
746,56288,Succes Makelaars,Leusden,Utrecht,3833GS,72,Perrie Vorbach,info@succesmakelaars.nl,NVM,Realworks,18-07-2017,jul.-2017,Ja,Mailing,Jelle,Jelle,✓,Ja gedeeltelijk,Nee,Ja nog niet compleet,Aangemeld,Ja,,Ja,Ja DvD,28-8-2018,https://www.succesmakelaars.nl/33-da83/stap-voor-stap-verkopen,https://www.pararius.nl/,
747,54145,HHW Makelaars,Amsterdam,Noord-Holland,1075GC,98,Christoph Schram,Christoph@hhwmakelaars.nl,NVM,Realworks,18-07-2017,jul.-2017,Ja,Mailing,JP,JP,✓,Ja compleet,Ja,Ja actief en compleet,Aangemeld,Ja,,Ja,,,,,
748,51044,Stad & Land Makelaars - Rotterdam,Rotterdam,Zuid-Holland,3062ES,70,Ilona,ilona@stadenland.nl,NVM,Realworks,18-07-2017,jul.-2017,Nee,Sales,JP,JP,✓,Ja compleet,Ja,Ja actief en compleet,Aangemeld,,,Nee,,,,,
749,55603,Stad & Land Makelaars - Dordrecht,Dordrecht,Zuid-Holland,3311JS,nan,Tijmen,tijmen@stadenland.nl,NVM,Realworks,18-07-2017,jul.-2017,Nee,Sales,Jelle,Jelle,✓,Ja compleet,Ja,Ja actief en compleet,Aangemeld,,,Nee,,,,,
750,49374,Bliq op wonen Delft,Delft,Zuid-Holland,2614KC,211,Jacob,Jacob@bliqopdelft.nl,VBO,Venum,19-07-2017,jul.-2017,Nee,Sales,JP,JP,✓,Ja compleet,Ja,Ja actief en compleet,Aangemeld,,,Ja,Ja DvD,5-3-2018,https://www.bliqopwonen.nl/,https://www.pararius.nl/koopwoningen/delft,
751,61295,Miedema Makelaars,Berlikum (frl),Friesland,9041VG,12,Gosse Miedema en Tjettje Stoelwinder,info@miedemamakelaars.nl,VBO,Goes&Roos,19-07-2017,jul.-2017,Nee,Sales,JP,JP,✓,Ja compleet,Ja,Ja actief en compleet,Aangemeld,,,Ja,,,,,Was voorheen Vrijehuizenmarkt Noord West Friesland
752,49950,VHM Makelaars  Alkmaar,Alkmaar,Noord-Holland,1811LD,15 - 16,Hans Kuijper,kuijper@vhmmakelaars.nl,VBO,Goes&Roos,19-07-2017,jul.-2017,Nee,Sales,JP,JP,✓,Ja compleet,Ja,Ja actief en compleet,Aangemeld,,,Ja,Ja JP,03-08,http://www.kuijper.vrijehuizenmarkt.nl/,https://www.pararius.nl/koopwoningen/alkmaar,
753,61323,VHM Makelaars  Almere,Almere,Flevoland,1316VH,30,,almere@vhmmakelaars.nl,VBO,Goes&Roos,19-07-2017,jul.-2017,Nee,Sales,JP,JP,✓,Ja compleet,Ja,Ja actief en compleet,Aangemeld,,,Ja,Ja JP,15-08,http://www.almere.vrijehuizenmarkt.nl/,https://www.pararius.nl/koopwoningen,
754,56992,VHM Makelaars Amsterdam,Amsterdam,Noord-Holland,1071BN,47,Bob Kuijper,amsterdam@vhmmakelaars.nl,VBO,Goes&Roos,19-07-2017,jul.-2017,Nee,Sales,JP,JP,✓,Ja compleet,Ja,Ja actief en compleet,Aangemeld,,,Ja,Ja JP,15-08,http://www.amsterdam.vrijehuizenmarkt.nl/,https://www.pararius.nl/koopwoningen/amsterdam,
755,49899,VHM Makelaars Friesland,Leeuwarden,Friesland,9101BJ,nan,Lammert van der Kooi,friesland@vhmmakelaars.nl,VBO,Goes&Roos,19-07-2017,jul.-2017,Nee,Sales,JP,JP,✓,Ja compleet,Ja,Ja actief en compleet,Aangemeld,,,Ja,Ja JP,15-08,http://www.noordoostfriesland.vrijehuizenmarkt.nl/,https://www.pararius.nl/koopwoningen/berlikum,< link moet aangepast worden
756,56768,VHM Makelaars Utrecht,Utrecht,Utrecht,3453MD,28,,utrecht@vhmmakelaars.nl,VBO,Goes&Roos,19-07-2017,jul.-2017,Nee,Sales,Jelle,Jelle,✓,Ja compleet,Ja,Ja actief en compleet,Aangemeld,,,Ja,Ja JH,15-08,http://www.utrecht.vrijehuizenmarkt.nl/,https://www.pararius.nl/koopwoningen/utrecht,
757,58653,VHM Makelaars Vangoedenhuize,Den Haag,Zuid-Holland,2595 CL,nan,,vangoedenhuize@vhmmakelaars.nl,VBO,Goes&Roos,19-07-2017,jul.-2017,Nee,Sales,JP,JP,✓,Ja compleet,Ja,Ja actief en compleet,Aangemeld,,,Ja,Ja JP,16-08-2017,http://www.vangoedenhuize.vrijehuizenmarkt.nl/,https://www.pararius.nl/koopwoningen/den-haag,
758,49453	,RE/MAX Makelaarsgilde,Leiden,Zuid-Holland,2311JE,73,Tim van Delft,timvandelft@remax.nl,VBO,Venum,19-07-2017,jul.-2017,Nee,Sales,JP,JP,✓,Ja geen aanbod,Nee,Ja nog niet compleet,,,,Nee,,,,,in afwachting Pararius Office
759,53242,Eigenwijs Wonen,Zandvoort,Noord-Holland,2042LX,38,,info@eigenwijsmakelaars.nl,Onafhankelijk,Realworks,19-07-2017,jul.-2017,Nee,Sales,,JP,✓,Ja compleet,Ja,Ja actief en compleet,Aangemeld,,,,,,,,
760,57366,Van Gellicum Makelaardij,Rumpt,Gelderland,4156AP,11A,Maarten Wilschut,Maarten@vangellicumvastgoed.nl,VBO,Venum,20-07-2017,jul.-2017,Ja,Mailing,Philip,Jelle,✓,Ja compleet,Ja,Ja actief en compleet,Aangemeld,Ja,,Ja,Ja JH,24-07-2017,http://www.vg-makelaardij.nl/,https://www.pararius.nl/koopwoningen/,vindbaar in casco onder:  VG Makelaardij
761,55670,Beekman Makelaardij,Amsterdam,Noord-Holland,1078HE,79,Jenny Nijhoven,j.nijhove@beekman-makelaardij.nl,NVM,Goes&Roos,20-07-2017,jul.-2017,Ja,Mailing,JP,JP,✓,Ja compleet,Ja,Ja actief en compleet,Aangemeld,Ja,,Nee,,,,,
762,58485,Westwijk Makelaardij,Amstelveen,Noord-Holland,1187WT,nan,Wim Loos,info@westwijkmakelaars.nl,VBO,Venum,20-07-2017,jul.-2017,Ja,Mailing,JP,JP,✓,Ja compleet,Ja,Ja actief en compleet,Aangemeld,Ja,,Ja,Ja JP,03-08,https://westwijkmakelaars.nl/,https://www.pararius.nl/huurwoningen/amstelveen,
763,49156,Stevens Vastgoed,Den Helder,Noord-Holland,1782HJ,11,E. Stevens,info@stevensvastgoed.nl,Onafhankelijk,Direct,20-07-2017,jul.-2017,Ja,Mailing,JP,JP,✓ Directe XML (niet via KA),Ja compleet,Ja,Ja actief en compleet,Aangemeld,Ja,,Nee,,,,,
764,49493,De Raad Makelaars,Katwijk (zh),Zuid-Holland,2223GS,38,Lieke Smit,info@deraadmakelaars.nl,VBO,Eye Move,20-07-2017,jul.-2017,Ja,Sales,JP,JP,x,IAV,Nee,Ja nog niet compleet,,Ja,,Nee,,,,,
765,53378,Francis Helmig,Amsterdam,Noord-Holland,1074HW,48,Francis Helmig,info@francishelmig.nl,NVM,Goes&Roos,20-07-2017,jul.-2017,Ja,Mailing,JP,JP,✓,Ja compleet,Ja,Ja actief en compleet,Aangemeld,Ja,,Nee,,,,,
766,51684,Heerenwal Makelaars,Heerenveen,Friesland,8441AZ,nan,Leonard Peter Hoks,i.p.hoks@heerenwal.nl,VBO,Goes&Roos,20-07-2017,jul.-2017,Ja,Mailing,JP,JP,✓,Ja compleet,Ja,Ja actief en compleet,Aangemeld,Ja,,Ja,Ja JP,02-08-2017,http://www.heerenwal.nl/,https://www.pararius.nl/koopwoningen/heerenveen,
767,50688,Steemers Makelaardij,Schaijk,Noord-Brabant,5374RV,60,Rob Steemers ,info@algemeenadviesbureausteemers.nl,Onafhankelijk,Goes&Roos,20-07-2017,jul.-2017,Ja,Mailing,Jelle,Jelle,✓,Ja gedeeltelijk,Ja,Ja nog niet compleet,Aangemeld,Ja,,Nee,,,,,
768,55553,Pillen & Van Zwam Makelaardij,Lichtenvoorde,Gelderland,7131CD,nan,JH Elfers,info@pillen.nl,VastgoedPRo,Eye Move,20-07-2017,jul.-2017,Ja,Mailing,Philip,Jelle,x,IAV,Nee,Ja nog niet actief,,Ja,,Nee,,,,,YEsco in afwachting van
769,56273,Zigt Makelaars & Assurantiën,Arnhem,Gelderland,6842CV,nan,M.H.B. Gosselink,michiel@zigt.nu,VBO,Yes-Co,20-07-2017,jul.-2017,Ja,Mailing,Philip,Jelle,✓,Ja compleet,Ja,Ja actief en compleet,Aangemeld,Ja,,Nee,,,,,"Yes-Co koppeling via Koopwoningen, scheelt ze extra kosten"
770,58584,Confides Vastgoed,Groningen,Groningen,9711JC,24,Fedor Welboren,info@confidesvastgoed.nl,Onafhankelijk,Yes-Co,20-07-2017,jul.-2017,Ja,Mailing,JP,JP,✓,Ja compleet,Ja,Ja actief en compleet,Aangemeld,Ja,,Nee,,,,,
771,49322,Makelaardij Ad Hamers,Kerkrade,Limburg,6461AW,nan,Ad Hamers,info@adhamers.nl,NVM,Realworks,20-07-2017,jul.-2017,Ja,Mailing,Jelle,Jelle,✓,Ja compleet,Ja,Ja actief en compleet,Aangemeld,Ja,,Ja,Ja JH,20-07-2017,http://www.adhamers.com/,https://www.pararius.nl/koopwoningen/kerkrade,
772,54581,Rijnbeek Makelaardij,Den Haag,Zuid-Holland,2585AT,90,Barbary Huldy,info@rijnbeek-makelaars.nl,NVM,Realworks,20-07-2017,jul.-2017,Ja,Mailing,JP,JP,✓,Ja compleet,Ja,Ja actief en compleet,Aangemeld,Ja,,Ja,Ja DvD,27-11-2018,http://www.rijnbeek-makelaars.nl/links,http://www.pararius.nl/Makelaars/Den-Haag/Rijnbeek-Makelaardij/ ,
773,49588,Bloemendal Makelaardij,Den Ham (ov),Overijssel,7683BH,43,Jan Huisjes,info@bloemendalmakelaardij.nl,VastgoedPRo,Realworks,20-07-2017,jul.-2017,Ja,Mailing,Philip,Jelle,✓,Ja compleet,Ja,Ja actief en compleet,Aangemeld,Ja,,Ja,,,,,
774,56764,Karin Zwanenburg Makelaardij,Sleen,Drenthe,7841HC,nan,Karin Zwanenburg,info@karinzwanenburg.nl,VBO,Realworks,20-07-2017,jul.-2017,Ja,Mailing,Philip,Jelle,✓,Ja compleet,Ja,Ja actief en compleet,Aangemeld,Ja,,Ja,,,,,
775,57169,Irene van Aken Makelaardij,Waalre,Noord-Brabant,5581WN,10,Irene van Aken,irene@vanakenmakelaardij.nl,NVM,Realworks,20-07-2017,jul.-2017,Ja,Mailing,Jelle,Jelle,✓,Ja compleet,Ja,Ja actief en compleet,Aangemeld,Ja,,Nee,,,,,
776,50072,Tom Gilissen Makelaardij,Maastricht,Limburg,6221EZ,nan,Tom Gilissen,info@tomgilissen.nl,NVM,Realworks,20-07-2017,jul.-2017,Ja,Mailing,Jelle,Jelle,✓,Ja compleet,Ja,Ja nog niet compleet,Aangemeld,Ja,,Ja,,,,,
777,51124,Tip Amsterdam,Amsterdam,Noord-Holland,1072NN,66-Hs,Roland van Oord,roland@tip.amsterdam,NVM,Realworks,20-07-2017,jul.-2017,Ja,Mailing,JP,JP,✓,Ja compleet,Ja,Ja nog niet compleet,Aangemeld,Ja,,Ja,,,,,
778,49889,Vlaanderen Makelaardij,Muiderberg,Noord-Holland,1399GT,17,E.P. Vlaanderen,info@makelaar-vlaanderen.com,VBO,Goes&Roos,21-07-2017,jul.-2017,Nee,Beurs,JP,JP,✓,Ja compleet,Ja,Ja actief en compleet,Aangemeld,,,Nee,,,,,Blijft handmatig doorzetten
779,50234,Flaton Makelaars Taxateurs,Pijnacker,Zuid-Holland,2641KG,73,Yentl Kokshoorn,info@flatonmt.nl,NVM,Venum,21-07-2017,jul.-2017,Nee,Sales,JP,JP,✓,Ja compleet,Ja,Ja actief en compleet,Aangemeld,,,Nee,,,,,
780,53001,Stadsdaemes OG,Utrecht,Utrecht,3581HD,31,Suzanne Otten,info@stadsdaemes.nl,VBO,Venum,21-07-2017,jul.-2017,Ja,Mailing,Jelle,Jelle,✓,Ja compleet,Ja,Ja actief en compleet,Aangemeld,Ja,,Nee,,,,,
781,58487,NET Makelaars,Haarlem,Noord-Holland,2015BH,146,Frans Doornbosch,frans@netmakelaars.nl,NVM,Realworks,21-07-2017,jul.-2017,Ja,Mailing,JP,JP,x,Nee,Ja,Ja actief en compleet,,Ja,,Ja,Ja JP,24-07,http://www.netmakelaars.nl/,https://www.pararius.nl/koopwoningen/haarlem,
782,56034,Lammers NVM Makelaars,Zoetermeer,Zuid-Holland,2729NE,221,R.E. Lammers,info@lammersmakelaars.nl,NVM,Realworks,21-07-2017,jul.-2017,Ja,Mailing,JP,JP,✓,Ja compleet,Ja,Ja actief en compleet,Aangemeld,Ja,,Ja,,,,,
783,51295,De Gier Makelaars,Wijk bij duurstede,Utrecht,3961AX,29,Xander Groot,x.groot@degiermakelaars.nl,NVM,Realworks,21-07-2017,jul.-2017,Ja,Mailing,Jelle,Jelle,x,Nee,Ja,Ja actief en compleet,,Ja,,Nee,,,,,
784,54526,Pim van Veen Makelaardij,Culemborg,Gelderland,4101BB,38,Pim van Veen,mailto:info@pimvanveen.nl,NVM,Realworks,24-07-2017,jul.-2017,Ja,Mailing,Philip,Jelle,✓,Ja gedeeltelijk,Ja,Ja actief en compleet,Aangemeld,Ja,,Ja,Ja JH,08-08-2017,http://www.pimvanveen.nl/,https://www.pararius.nl/koopwoningen/culemborg/,
785,49423,Meneer de Makelaar Eindhoven,Eindhoven,Noord-Brabant,5615CH,78 b,Maurice Wassink,maurice@meneerdemakelaar.nl,NVM,Realworks,24-07-2017,jul.-2017,Ja,Mailing,Jelle,Jelle,✓,Ja gedeeltelijk,Nee,Ja nog niet compleet,Aangemeld,Ja,,Ja,Ja JH,11-08-2017,http://www.meneerdemakelaar.nl/,https://www.pararius.nl/koopwoningen/eindhoven,
786,49300,Ascoba Makelaardij,De Rijp,Noord-Holland,1483BB,65,Arnold J.M. Bartels,arnoldbartels@ascoba.nl,NVM,Realworks,24-07-2017,jul.-2017,Ja,Mailing,JP,JP,✓,Ja compleet,Nee,Ja actief en compleet,Aangemeld,Ja,,Ja,Ja JP,27-07,http://www.ascoba.nl/,https://www.pararius.nl/koopwoningen/de-rijp,
787,50326,Rekoert & Partners,Valkenswaard,Noord-Brabant,5554CL,nan,Olaf Rekoert,olaf@meneerdemakelaar.nl,NVM,Realworks,24-07-2017,jul.-2017,Ja,Mailing,Jelle,Jelle,✓,Ja compleet,Ja,Ja actief en compleet,Aangemeld,Ja,,Nee,,,,,
788,58575,MWC Makelaars,Vogelenzang,Noord-Holland,2114AD,34,Marjolein,info@mwcmakelaars.nl,NVM,Realworks,26-07-2017,jul.-2017,Nee,Sales,JP,JP,✓,Ja gedeeltelijk,Ja,Ja actief en compleet,Aangemeld,,,Ja,,,,,heeft geen beschikbare koopwoningen online staan (op eigen site)
789,49611,RaySem housing,Amsterdam,Noord-Holland,1095DJ,20,Ray Semmoh,home@raysemhousing.nl,Onafhankelijk,Venum,27-07-2017,jul.-2017,Ja,Mailing,JP,JP,✓,Ja compleet,Ja,Ja actief en compleet,Aangemeld,Ja,,Nee,,,,,
790,49896,Verlaan Makelaardij,Zoetermeer,Zuid-Holland,2712BZ,nan,Ingrid van Iterson,info@verlaanmakelaardij.nl,VBO,Realworks,27-07-2017,jul.-2017,Nee,Sales,JP,JP,✓,Ja compleet,Ja,Ja actief en compleet,Aangemeld,,,Ja,,,,,
791,53124,Sofra Vastgoed,Bavel,Noord-Brabant,4854CS,49,Frans Emmerik,info@sofravastgoed.com,Onafhankelijk,Direct,31-07-2017,jul.-2017,Nee,Sales,Jelle,Jelle,IAV,Nee,Nee,Ja nog niet actief,,,,Nee,,,,,"Bezig met nieuwe website, dan directe XML"
792,58742,Internetmakelaars Albrandswaard,Rhoon,Zuid-Holland,3161KG,56,,,NVM,Goes&Roos,31-07-2017,jul.-2017,Nee,Sales,JP,JP,x,Nee,Ja,Ja nog niet actief,,,,Ja,,,,,
793,58698,Internetmakelaars Almere,Almere,Flevoland,1311XB,4g 150,,almere@internetmakelaars.nl,NVM,Goes&Roos,31-07-2017,jul.-2017,Nee,Sales,JP,JP,x,Ja geen aanbod,Ja,Ja nog niet actief,,,,Ja,,,,,
794,58744,Internetmakelaars Amersfoort,Amersfoort,Utrecht,3811NN,10,,,NVM,Goes&Roos,31-07-2017,jul.-2017,Nee,Sales,Jelle,Jelle,x,Ja geen aanbod,Ja,Ja nog niet compleet,,,,Ja,,,,,
795,58699,Internetmakelaars Amersfoort 1,Amersfoort,Utrecht,3812DD,127,,amersfoort1@internetmakelaars.nl,NVM,Goes&Roos,31-07-2017,jul.-2017,Nee,Sales,Jelle,Jelle,✓,Ja geen aanbod,Ja,Ja actief en compleet,,,,Ja,,,,,
796,58745,Internetmakelaars Amstel Vecht en Venen,Amstelveen,Noord-Holland,3648CJ,46,,,NVM,Goes&Roos,31-07-2017,jul.-2017,Nee,Sales,JP,JP,x,Nee,Ja,Ja nog niet actief,,,,Ja,,,,,
797,58747,Internetmakelaars Amstelveen,Amstelveen,Noord-Holland,1182HJ,154,,,NVM,Goes&Roos,31-07-2017,jul.-2017,Nee,Sales,JP,JP,x,Nee,Ja,Ja nog niet actief,,,,Ja,,,,,
798,58700,Internetmakelaars Amsterdam I,Amsterdam,Noord-Holland,1054TR,33,,amsterdam@internetmakelaars.nl,NVM,Goes&Roos,31-07-2017,jul.-2017,Nee,Sales,JP,JP,✓,Ja geen aanbod,Ja,Ja actief en compleet,,,,Ja,,,,,
799,58748,Internetmakelaars Amsterdam II,Amsterdam,Noord-Holland,1078NG,54,,,NVM,Goes&Roos,31-07-2017,jul.-2017,Nee,Sales,JP,JP,x,Nee,Ja,Ja nog niet actief,,,,Ja,,,,,
800,58752,Internetmakelaars Amsterdam Nieuw West,Amsterdam,Noord-Holland,1069DZ,286,,,NVM,Goes&Roos,31-07-2017,jul.-2017,Nee,Sales,JP,JP,x,Nee,Ja,Ja nog niet actief,,,,Ja,,,,,
801,58701,Internetmakelaars Arnhem Velp,Arnhem,Gelderland,6823BN,23,,,NVM,Goes&Roos,31-07-2017,jul.-2017,Nee,Sales,Philip,Jelle,✓,Ja geen aanbod,Ja,Ja nog niet compleet,,,,Ja,,,,,
802,58701,Internetmakelaars Arnhem-Velp,Velp (GLD),Gelderland,6823BN,23,,arnhemvelp@internetmakelaars.nl,NVM,Goes&Roos,31-07-2017,jul.-2017,Nee,Sales,Philip,Jelle,✓,Ja geen aanbod,Ja,Ja actief en compleet,,,,Ja,,,,,
803,58702,Internetmakelaars Assen,Assen,Drenthe,9401GT,11A,,assen@internetmakelaars.nl,NVM,Goes&Roos,31-07-2017,jul.-2017,Nee,Sales,Philip,JP,✓,Ja geen aanbod,Ja,Ja nog niet compleet,,,,Ja,,,,,
804,58703,Internetmakelaars Belgemeenten,Laren (NH),Noord-Holland,1251KG,31,,belgemeenten@internetmakelaars.nl,NVM,Goes&Roos,31-07-2017,jul.-2017,Nee,Sales,JP,JP,✓,Ja geen aanbod,Ja,Ja actief en compleet,,,,Ja,,,,,
805,58710,Internetmakelaars Berg en Dal,Beek Ubbergen,Gelderland,6573XW,16,,bergendal@internetmakelaars.nl,NVM,Goes&Roos,31-07-2017,jul.-2017,Nee,Sales,Philip,Jelle,✓,Ja geen aanbod,Ja,Ja actief en compleet,,,,Ja,,,,,
806,58712,Internetmakelaars De Liemers,Zevenaar,Gelderland,6901GW,60B,,deliemers@internetmakelaars.nl,NVM,Goes&Roos,31-07-2017,jul.-2017,Nee,Sales,Philip,Jelle,✓,Ja compleet,Ja,Ja actief en compleet,Aangemeld,,,Ja,,,,,
807,58711,Internetmakelaars Delft,Delft,Zuid-Holland,2635LB,41,,delft@internetmakelaars.nl,NVM,Goes&Roos,31-07-2017,jul.-2017,Nee,Sales,JP,JP,✓,Ja geen aanbod,Ja,Ja actief en compleet,,,,Ja,,,,,
808,58713,Internetmakelaars Den Haag,Den Haag,Zuid-Holland,2546BB,37,,denhaag@internetmakelaars.nl,NVM,Goes&Roos,31-07-2017,jul.-2017,Nee,Sales,JP,JP,✓,Ja compleet,Ja,Ja actief en compleet,Aangemeld,,,Ja,,,,,
809,58722,Internetmakelaars Den Haag II,Den Haag,Zuid-Holland,2514HG,61,,denhaag2@internetmakelaars.nl,NVM,Goes&Roos,31-07-2017,jul.-2017,Nee,Sales,JP,JP,✓,Ja geen aanbod,Ja,Ja actief en compleet,,,,Ja,,,,,
810,58756,Internetmakelaars Diemen,Diemen,Noord-Holland,1111BG,35,,,NVM,Goes&Roos,31-07-2017,jul.-2017,Nee,Sales,JP,JP,x,Nee,Ja,Ja nog niet actief,,,,Ja,,,,,
811,58724,Internetmakelaars Ede,Ede (GLD),Gelderland,6711MP,2a,,ede@internetmakelaars.nl,NVM,Goes&Roos,31-07-2017,jul.-2017,Nee,Sales,Philip,Jelle,✓,Ja geen aanbod,Ja,Ja actief en compleet,,,,Ja,,,,,
812,58751,Internetmakelaars Groningen,Groningen,Groningen,9718CK,10,,,NVM,Goes&Roos,31-07-2017,jul.-2017,Nee,Sales,JP,JP,x,Nee,Ja,Ja nog niet actief,,,,Ja,,,,,
813,58725,Internetmakelaars Haarlem,Haarlem,Noord-Holland,2015BH,146,,haarlem@internetmakelaars.nl,NVM,Goes&Roos,31-07-2017,jul.-2017,Nee,Sales,JP,JP,✓,Ja compleet,Ja,Ja actief en compleet,Aangemeld,,,Ja,,,,,
814,58727,Internetmakelaars Helmond,Helmond,Noord-Brabant,5707PC,93,,helmond@internetmakelaars.nl        ,NVM,Goes&Roos,31-07-2017,jul.-2017,Nee,Sales,Jelle,Jelle,✓,Ja compleet,Ja,Ja actief en compleet,Aangemeld,,,Ja,,,,,
815,58729,Internetmakelaars Hilversum,Bussum,Noord-Holland,1211BP,33 B,,,NVM,Goes&Roos,31-07-2017,jul.-2017,Nee,Sales,JP,JP,✓,Ja compleet,Ja,Ja nog niet actief,Aangemeld,,,Ja,,,,,
816,58732,Internetmakelaars Hoofddorp,Hoofddorp,Noord-Holland,2132BV,714,,hoofddorp@internetmakelaars.nl,NVM,Goes&Roos,31-07-2017,jul.-2017,Nee,Sales,JP,JP,✓,Ja compleet,Ja,Ja actief en compleet,Aangemeld,,,Ja,,,,,
817,58705,Internetmakelaars Houten,Houten,Utrecht,3995DC,38,,houten@internetmakelaars.nl,NVM,Goes&Roos,31-07-2017,jul.-2017,Nee,Sales,Jelle,Jelle,✓,Ja compleet,Ja,Ja actief en compleet,Aangemeld,,,Ja,,,,,
818,58750,Internetmakelaars Lansingerland,Bergschenhoek,Zuid-Holland,2661CV,70,,,NVM,Goes&Roos,31-07-2017,jul.-2017,Nee,Sales,JP,JP,x,Nee,Ja,Ja nog niet actief,,,,Ja,,,,,
819,58706,Internetmakelaars Maarssen,Maarssen,Utrecht,3605KZ,1210,,maarssen@internetmakelaars.nl,NVM,Goes&Roos,31-07-2017,jul.-2017,Nee,Sales,JP,JP,x,Nee,Ja,Ja actief en compleet,Aangemeld,,,Ja,,,,,
820,58736,Internetmakelaars Maastricht,Maastricht,Limburg,6217EK,46,,maastricht@internetmakelaars.nl,NVM,Goes&Roos,31-07-2017,jul.-2017,Nee,Sales,Jelle,Jelle,✓,Ja geen aanbod,Ja,Ja nog niet compleet,,,,Ja,,,,,
821,58749,Internetmakelaars Naarden,Naarden,Noord-Holland,1411CX,nan,,,NVM,Goes&Roos,31-07-2017,jul.-2017,Nee,Sales,JP,JP,x,Nee,Ja,Ja nog niet actief,,,,Ja,,,,,
822,58707,Internetmakelaars Nieuwegein,Nieuwegein,Utrecht,3431AK,66,,nieuwegein@internetmakelaars.nl,NVM,Goes&Roos,31-07-2017,jul.-2017,Nee,Sales,JP,JP,x,Nee,Ja,Ja actief en compleet,Aangemeld,,,Ja,,,,,
823,58737,Internetmakelaars Nijmegen I,Nijmegen,Gelderland,6522AV,nan,,nijmegen@internetmakelaars.nl,NVM,Goes&Roos,31-07-2017,jul.-2017,Nee,Sales,Philip,Jelle,✓,Ja geen aanbod,Ja,Ja actief en compleet,,,,Ja,,,,,
824,58746,Internetmakelaars Overbetuwe,Gendt,Gelderland,4191SC,21,,overbetuwe@internetmakelaars.nl,NVM,Goes&Roos,31-07-2017,jul.-2017,Nee,Sales,Philip,Jelle,✓,Ja geen aanbod,Ja,Ja nog niet compleet,,,,Ja,,,,,
825,58741,Internetmakelaars Putten,Putten,Gelderland,3881ED,43160,,putten@internetmakelaars.nl,NVM,Goes&Roos,31-07-2017,jul.-2017,Nee,Sales,Jelle,Jelle,✓,Ja geen aanbod,Ja,Ja actief en compleet,,,,Ja,,,,,
826,58740,Internetmakelaars Rosmalen,Rosmalen,Noord-Brabant,5242AV,nan,,rosmalen@internetmakelaars.nl,NVM,Goes&Roos,31-07-2017,jul.-2017,Nee,Sales,Jelle,Jelle,✓,Ja geen aanbod,Ja,Ja actief en compleet,,,,Ja,,,,,
827,58738,Internetmakelaars Rotterdam Noord-Oost,rotterdam,Zuid-Holland,3061AM,88 A,,rotterdam1@internetmakelaars.nl,NVM,Goes&Roos,31-07-2017,jul.-2017,Nee,Sales,JP,JP,✓,Ja geen aanbod,Ja,Ja actief en compleet,,,,Ja,,,,,
828,58735,Internetmakelaars Rotterdam Noord-West,Rotterdam,Zuid-Holland,3043CS,nan,,rotterdam-nw@internetmakelaars.nl,NVM,Goes&Roos,31-07-2017,jul.-2017,Nee,Sales,JP,JP,✓,Ja geen aanbod,Ja,Ja actief en compleet,,,,Ja,,,,,
829,58733,Internetmakelaars Tiel,Tiel,Gelderland,4001KW,14,,tiel@internetmakelaars.nl,NVM,Goes&Roos,31-07-2017,jul.-2017,Nee,Sales,Philip,Jelle,✓,Ja geen aanbod,Ja,Ja nog niet compleet,,,,Ja,,,,,
830,58731,Internetmakelaars Uden,Uden,Noord-Brabant,5401BE,nan,,uden@internetmakelaars.nl,NVM,Goes&Roos,31-07-2017,jul.-2017,Nee,Sales,Jelle,Jelle,✓,Ja geen aanbod,Ja,Ja actief en compleet,,,,Ja,,,,,
831,58708,Internetmakelaars Utrecht,Utrecht,Utrecht,3572AN,113 B,,utrecht@internetmakelaars.nl,NVM,Goes&Roos,31-07-2017,jul.-2017,Nee,Sales,Jelle,Jelle,✓,Ja compleet,Ja,Ja nog niet compleet,Aangemeld,,,Ja,,,,,
832,58709,Internetmakelaars Vianen,Vianen (ut),Utrecht,4132AS,54,,vianen@internetmakelaars.nl,NVM,Goes&Roos,31-07-2017,jul.-2017,Nee,Sales,Philip,Jelle,✓,Ja compleet,Ja,Ja actief en compleet,Aangemeld,,,Ja,,,,,
833,58728,Internetmakelaars Voorburg,Voorburg,Zuid-Holland,2271AE,49,,voorburg@internetmakelaars.nl,NVM,Goes&Roos,31-07-2017,jul.-2017,Nee,Sales,JP,JP,✓,Ja compleet,Ja,Ja actief en compleet,Aangemeld,,,Ja,,,,,
834,58743,Internetmakelaars Waalwijk,Waalwijk,Noord-Brabant,5141GG,74,,,NVM,Goes&Roos,31-07-2017,jul.-2017,Nee,Sales,Jelle,Jelle,✓,Ja geen aanbod,Ja,Ja actief en compleet,,,,Ja,,,,,
835,58726,Internetmakelaars West Betuwe,Geldermalsen,Gelderland,4191SC,21,,westbetuwe@internetmakelaars.nl,NVM,Goes&Roos,31-07-2017,jul.-2017,Nee,Sales,Philip,Jelle,✓,Ja geen aanbod,Ja,Ja nog niet compleet,,,,Ja,,,,,
836,59712,Internetmakelaars Zaandam,Zaandam,Noord-Holland,1506GB,131,,zaandam@internetmakelaars.nl,NVM,Goes&Roos,31-07-2017,jul.-2017,Nee,Sales,JP,JP,x,Nee,Ja,Ja nog niet compleet,,,,Ja,,,,,
837,57044,Maison Makelaars Peel en Maas / Horst ad Maas,Panningen,Limburg,5981XC,94,Maarten Pijnenborgh,ph@maisonmakelaars.nl,VBO,Goes&Roos,31-07-2017,jul.-2017,Nee,Sales,Jelle,Jelle,✓,Ja compleet,Ja,Ja actief en compleet,Aangemeld,,,Nee,,,,,Nu via derden bij ons. Dat vindt hij prima. Wil eerst dit aankijken voor hij via G&R gaat koppelenm
838,58768,Maison makelaars Voorne-Putten / Goeree-Overflakkee,Panningen,Limburg,5981XC,94,Maarten Pijnenborgh,vg@maisonmakelaars.nl,VBO,Goes&Roos,31-07-2017,jul.-2017,Nee,Sales,Jelle,Jelle,✓,Ja compleet,Nee,Ja nog niet compleet,Aangemeld,,,Nee,,,,,
839,55530,Breure & Breure makelaardij,Dinteloord,Noord-Brabant,4671GE,21,Heleen,info@breuremakelaardij.nl,VBO,Venum,31-07-2017,jul.-2017,Nee,Sales,Jelle,Jelle,✓,Ja compleet,Ja,Ja actief en compleet,Aangemeld,,,Nee,,,,,
840,55317,Kooyman Eigen Huis Papendrecht,Papendrecht,Zuid-Holland,3353HD,nan,Maaike,pr.reclame@kooyman.com,VBO,Yes-Co,31-07-2017,jul.-2017,Nee,Sales,Jelle,Jelle,✓,Ja compleet,Nee,Ja nog niet compleet,Aangemeld,,,Nee,,,,,In afwachting van koppeling Yes-Co. Wil dan koppelen
841,56035,&Bijleveld Makelaardij,Amsterdam,Noord-Holland,1073CZ,44,Angelique Bijleveld,Info@bijleveldmakelaardij.nl,NVM,Goes&Roos,01-08-2017,aug.-2017,Nee,Koppeling,JP,JP,✓,Ja compleet,Ja,Ja actief en compleet,Aangemeld,,,Nee,,,,,
842,50009,Vodoz Makelaardij,Klazienaveen,Drenthe,7891AV,156,Ronald,info@vodoz.nl,VBO,Venum,01-08-2017,aug.-2017,Nee,Koppeling,Philip,Jelle,✓,Ja compleet,Ja,Ja actief en compleet,Aangemeld,,,Ja,Ja JH,02-08-2017,http://www.vodoz.nl/,https://www.pararius.nl/koopwoningen/klazienaveen,
843,56459,Wiebox Makelaars,Gorinchem,Zuid-Holland,4201HG,47,Charlotte,info@wiebox.nl,VBO,Kolibri,01-08-2017,aug.-2017,Nee,Sales,Jelle,Jelle,✓,Ja compleet,Ja,Ja actief en compleet,Aangemeld,,,Ja,Ja JH,03-08-2017,https://www.wiebox.nl/16-3a20/website-links/links,https://www.pararius.nl/koopwoningen/gorinchem,
844,50425,Mol Makelaardij,Brunssum,Limburg,6446AZ,10,Wilbert Mol,info@molmakelaardij.com,VBO,Venum,01-08-2017,aug.-2017,Nee,Koppeling,Jelle,Jelle,✓,Ja compleet,Ja,Ja actief en compleet,Aangemeld,,,Ja,Ja JH,30-08-2017,http://www.molmakelaardij.com/,https://www.pararius.nl/,
845,55298,Egging Advies Makelaardij,Zeddam,Gelderland,7007ND,33,Gerjan Egging,info@eggingadvies.nl,Onafhankelijk,Venum,01-08-2017,aug.-2017,Nee,Koppeling,Philip,Jelle,✓,Ja compleet,Ja,Ja actief en compleet,Aangemeld,,,Ja,Ja JH,04-08-2017,https://www.eggingadvies.nl/,https://www.pararius.nl/koopwoningen/doetinchem,
846,56671,Doryz Makelaars,Rotterdam,Zuid-Holland,3053ER,nan,,info@doryz.eu,VBO,Venum,01-08-2017,aug.-2017,Nee,Koppeling,JP,JP,✓,Ja compleet,Ja,Ja actief en compleet,Aangemeld,,,Ja,Ja JP,23-08-2017,https://www.doryzmakelaars.eu/16-3a20/website-links/links,https://www.pararius.nl/koopwoningen/rotterdam,
847,55287,Van Tongeren Makelaardij,Purmerend,Noord-Holland,1446SX,109,Menno,info@vantongerenmakelaardij.nl,VBO,Venum,01-08-2017,aug.-2017,Nee,Koppeling,JP,JP,✓,Ja compleet,Ja,Ja actief en compleet,Aangemeld,,,Ja,Ja JP,21-08-2017,https://www.vantongerenmakelaardij.nl/,https://www.pararius.nl/koopwoningen/purmerend,
848,56771,Makelaardij Meeuwis,Oisterwijk,Noord-Brabant,5061PJ,102,Tom Meeuwis,info@makelaardijmeeuwis.nl,VBO,Goes&Roos,01-08-2017,aug.-2017,Nee,Sales,Jelle,Jelle,✓,Ja gedeeltelijk,Ja,Ja actief en compleet,Aangemeld,,,Ja,Ja JH,11-8-2017,http://www.makelaardijmeeuwis.nl/,https://www.pararius.nl/koopwoningen/oisterwijk,
849,58362,Woongeluk Makelaar,Berkel en Rodenrijs,Zuid-Holland,2652HM,17,Maarten Trouwborst,info@woongelukmakelaardij.nl,VBO,Venum,01-08-2017,aug.-2017,Nee,Sales,JP,JP,✓,Ja compleet,Ja,Ja actief en compleet,Aangemeld,,,Nee,,,,,
850,49214,Akkermans Makelaardij,Wouw,Noord-Brabant,4724DW,nan,Peter Akkermans,info@akkermans-makelaardij.nl,VBO,Venum,01-08-2017,aug.-2017,Nee,Sales,Jelle,Jelle,✓,Ja compleet,Ja,Ja actief en compleet,Aangemeld,,,Ja,,,,,
851,50083,Wolters Housing B.V. ,Den Haag,Zuid-Holland,2583JZ,249,Natascha Musquetier,info@woltershousing.nl,VBO,Venum,01-08-2017,aug.-2017,Nee,Sales,JP,JP,✓,Ja compleet,Ja,Ja actief en compleet,Aangemeld,,,Nee,,,,,
852,49378,De Chinese Makelaar,Den Haag,Zuid-Holland,2512BG,30b,,info@dechinesemakelaar.nl,Onafhankelijk,Venum,01-08-2017,aug.-2017,Nee,Koppeling,JP,JP,✓,Ja geen aanbod,Nee,Ja nog niet compleet,,,,Nee,,,,,
853,48796,Bremmer Makelaars,Zwijndrecht,Zuid-Holland,3332BP,100,Dave Klootwijk,info@bremmer.nl,VBO,Venum,01-08-2017,aug.-2017,Nee,Sales,Jelle,Jelle,✓,Ja compleet,Ja,Ja actief en compleet,Aangemeld,,,Ja,,,,,
854,58484,Viejou Makelaardij & Taxaties,Rijswijk (zh),Zuid-Holland,2288ER,24a,,info@viejou.nl,VBO,Venum,01-08-2017,aug.-2017,Nee,Koppeling,JP,JP,✓,Ja geen aanbod,Nee,Ja nog niet compleet,,,,Nee,,,,,
855,49380,Quaden Makelaars & Taxateurs,Munstergeleen,Limburg,6151CR,2a,Leon Quaden,info@quadenmakelaars.nl,VBO,Pararius Office,01-08-2017,aug.-2017,Nee,Koppeling,Jelle,Jelle,✓,Ja compleet,Ja,Ja actief en compleet,Aangemeld,,,Nee,,,,,
856,49703,Makelaardij van der Peijl BV,Terneuzen,Zeeland,4537AK,20d,Dhr van der Peijl,info@vanderpeijl.info,VBO,Venum,01-08-2017,aug.-2017,Nee,Sales,Jelle,Jelle,✓,Ja compleet,Ja,Ja actief en compleet,Aangemeld,,,Ja,,,,,alleen Huislijn uitgesloten
857,49187,WitteWoning Makelaars Parkstad,Kerkrade,Limburg,6463DH,13,,parkstad@wittewoningmakelaars.nl,VBO,Venum,01-08-2017,aug.-2017,Nee,Koppeling,Jelle,Jelle,✓,Ja gedeeltelijk,Ja,Ja actief en compleet,Aangemeld,,,Nee,,,,,
858,56628,StartHousing,Utrecht,Utrecht,3581KW,78,,info@starthousing.nl,VBO,Venum,01-08-2017,aug.-2017,Nee,Koppeling,Jelle,Jelle,✓,Ja geen aanbod,Nee,Ja nog niet actief,,,,Nee,,,,,
859,52077,HouseHunting Tilburg,Tilburg,Noord-Brabant,5038BA,19,,tilburg@househunting.nl,Onafhankelijk,Venum,01-08-2017,aug.-2017,Nee,Koppeling,Jelle,Jelle,✓,Ja geen aanbod,Ja,Ja actief en compleet,,,,Nee,,,,,heeft alleen huuraanbod
860,53122,+31  Vastgoed,Amsterdam,Noord-Holland,1055RX,18,Mirjam Abrahams,office@31plusvastgoed.nl,VBO,Venum,01-08-2017,aug.-2017,Nee,Sales,JP,JP,✓,Ja compleet,Ja,Ja actief en compleet,Aangemeld,,,Nee,,,,,
861,49127,Kam & Bronotte Makelaars BV,Lelystad,Flevoland,8231JA,10-14,,info@marktmakelaar.nl,VBO,Venum,01-08-2017,aug.-2017,Nee,Koppeling,JP,JP,✓,Ja compleet,Ja,Ja actief en compleet,Aangemeld,,,Nee,,,,,
862,52865,Parker & Williams Real Estate Services,Amsterdam,Noord-Holland,1017JT,669,Rutger,info@homeinamsterdam.com,Onafhankelijk,Venum,01-08-2017,aug.-2017,Nee,Sales,JP,JP,✓,Ja compleet,Ja,Ja actief en compleet,Aangemeld,,,Ja,,,,,
863,58770,Amsterdam Residence,Amsterdam,Noord-Holland,1183AV,nan,Rutger Poeliejoe Zewald,rutger@amsterdamresidence.nl,Onafhankelijk,Anders,02-08-2017,aug.-2017,Ja,Mailing,JP,JP,IAV,IAV,Nee,,,Ja,,Nee,,,,,
864,52428,Klok Real Estate ,Amsterdam,Noord-Holland,1017XD,173-b,Ton Beekman,info@klokrealestate.nl,VBO,Venum,02-08-2017,aug.-2017,Nee,Sales,JP,JP,✓,Ja compleet,Ja,Ja actief en compleet,Aangemeld,,,Nee,,,,,
865,58769,Maison Makelaars Leudal / Weert / Nederweert,Weert,Limburg,6093CB,nan,Maarten Pijnenborgh,lwn@maisonmakelaars.nl,VBO,Goes&Roos,03-08-2017,aug.-2017,Nee,Sales,Jelle,Jelle,✓,Ja compleet,Ja,Ja actief en compleet,Aangemeld,,,Nee,,,,,
866,49661,Witte-Boussen Vastgoed,Terneuzen,Zeeland,4538AR,16,,info@witteboussen.nl,VBO,Venum,03-08-2017,aug.-2017,Nee,Sales,Jelle,Jelle,✓,Nee,Nee,Ja nog niet actief,,,,Nee,,,,,"GEbeld en gemaild om te ehratciveren, staat nu uit zag ik"
867,56680,Remax Gildenhof,Utrecht,Utrecht,3526WP,705,Lysanne van Iperen,lysannevaniperen@remax.nl,VBO,Venum,03-08-2017,aug.-2017,Nee,Sales,Jelle,Jelle,✓,Ja compleet,Nee,Ja nog niet compleet,Aangemeld,,,Ja,,,,,
868,49244,SLUITER Makelaardij Vlagtwedde,Vlagtwedde,Groningen,9541AR,56,Henk Sluiter,sluiter.makelaardij@gmail.com,Onafhankelijk,Venum,03-08-2017,aug.-2017,Ja,Mailing,Philip,Jelle,✓,Ja compleet,Ja,Ja actief en compleet,Aangemeld,Ja,,Ja,,,,,
869,53002,Engel & Völkers Amsterdam Zuid,Amsterdam,Noord-Holland,1071GT,89,Karlijn Ramondt,amsterdamzuid@engelvoelkers.com,VastgoedPRo,Realworks,03-08-2017,aug.-2017,Nee,Sales,JP,JP,✓,Ja compleet,Ja,Ja actief en compleet,Aangemeld,,,Ja,,,,,
870,52487,123makelaar,Amsterdam,Noord-Holland,1021KP,89,L. Muller,info@123makelaar.nl,NVM,Realworks,03-08-2017,aug.-2017,Ja,Mailing,JP,JP,✓,Ja compleet,Ja,Ja actief en compleet,Aangemeld,Ja,,Ja,,,,,
871,55265,Reunis Makelaardij,Hulst,Zeeland,4561AS,nan,Dhr Reunis,info@reunisvastgoed.nl,VBO,Venum,04-08-2017,aug.-2017,Nee,Sales,Jelle,Jelle,✓,Ja compleet,Ja,Ja actief en compleet,Aangemeld,,,Ja,,,,,
872,49431,SOS Makelaars,Amsterdam,Noord-Holland,1071AB,5A,Conny Hulsman,connyhulsman@euronet.nl,NVM,Goes&Roos,07-08-2017,aug.-2017,Nee,Koppeling,JP,JP,✓,Ja compleet,Ja,Ja actief en compleet,Aangemeld,,,Nee,,,,,heeft geen aanbod 
873,58363,Verhage-Lemahieu,Sluis,Zeeland,4524JL,nan,Stefanie,info@verhage-lemahieu.nl,VBO,Venum,08-08-2017,aug.-2017,Nee,Sales,Jelle,Jelle,✓,Ja compleet,Ja,Ja actief en compleet,Aangemeld,,,Nee,,,,,
874,56138,Huis en Zekerheid Makelaardij,Amersfoort,Utrecht,3814AE,93,G. de Groot,degrootmak@gmail.com,VBO,Venum,08-08-2017,aug.-2017,Nee,Koppeling,Jelle,Jelle,✓,Ja compleet,Ja,Ja actief en compleet,Aangemeld,,,Ja,,,,,
875,55367,Huisportaal.nl,Uden,Noord-Brabant,5421XL,26,Ties van de moosdijk,info@huisportaal.nl,NVM,Realworks,08-08-2017,aug.-2017,Nee,Sales,Jelle,Jelle,✓,Ja compleet,Ja,Ja actief en compleet,Aangemeld,,,Ja,,,,,
876,50886,Van Lunen Adviesgroep,Boxmeer,Noord-Brabant,5830AB,74,Twan van Lanen,twan@vanlunenadvies.nl,VBO,Realworks,08-08-2017,aug.-2017,Nee,Sales,Jelle,Jelle,✓,Ja compleet,Ja,Ja actief en compleet,Aangemeld,,,Ja,,,,,Geblokkeerd in casco
877,51599,Alberts & Muus,Utrecht,Utrecht,3581AA,1-A,Kiki,kiki@albertsmuus.nl,VBO,Realworks,08-08-2017,aug.-2017,Nee,Sales,Jelle,Jelle,✓,Ja compleet,Ja,Ja actief en compleet,Aangemeld,,,Ja,,,,,
878,49354,Van Den Hoorn makelaardij,Utrecht,Utrecht,3553GC,113,Emile van den Hoorn,info@vandenhoornmakelaardij.nl,VBO,Venum,09-08-2017,aug.-2017,Nee,Sales,Jelle,Jelle,✓,Ja compleet,Ja,Ja actief en compleet,Aangemeld,,,Ja,,,,,
879,50427,B&N Makelaardij,Nootdorp,Zuid-Holland,2631CR,29 A,Jorg van den Nieuwendijk,info@bnmak.nl,VBO,Goes&Roos,10-08-2017,aug.-2017,Nee,Sales,JP,JP,✓,Ja compleet,Ja,Ja actief en compleet,Aangemeld,,,Ja,Ja JP,21-08,http://www.bnmak.nl/,https://www.pararius.nl/koopwoningen/nootdorp,
880,48992,Livestyle Makelaardij,Almere,Flevoland,1315EV,nan,Frank Veenman,info@livestylemakelaardij.nl,Onafhankelijk,Goes&Roos,10-08-2017,aug.-2017,Nee,Sales,JP,JP,✓,Ja compleet,Ja,Ja actief en compleet,Aangemeld,,,Ja,,,,,
881,51625,DolfijnWonen,Nijmegen,Gelderland,6536GT,3440,Desiree Jansen,desiree@dolfijnwonen.nl,Onafhankelijk,Pararius Office,10-08-2017,aug.-2017,Ja,Mailing,Philip,Jelle,✓,Ja compleet,Ja,Ja actief en compleet,Aangemeld,Ja,,Nee,,,,,"alleen huur objecten - geen koop koop incidenteel, komt af en toe"
882,50969,Schippers Makelaardij Assurantiën Hypotheken,Den Haag,Zuid-Holland,2517HM,nan,Bart Timmer,algemeen@schippers.nu,VBO,Venum,10-08-2017,aug.-2017,Nee,Sales,JP,JP,✓,Ja compleet,Ja,Ja actief en compleet,Aangemeld,,,Ja,,,,,
883,49643,Goedhart Vastgoed Leiden,Leiden,Zuid-Holland,2312RA,14,Rob van Smoorenburg,leiden@goedhartvastgoed.nl,VBO,Venum,10-08-2017,aug.-2017,Nee,Sales,JP,JP,✓,Ja compleet,Ja,Ja actief en compleet,Aangemeld,,,Nee,,,,,
884,49094,Goedhart Vastgoed Rijnsaterwouden,Rijnsaterwoude,Zuid-Holland,2465AD,97a,,info@goedhartvastgoed.nl,VBO,Venum,10-08-2017,aug.-2017,Nee,Sales,JP,JP,✓,Ja compleet,Ja,Ja actief en compleet,Aangemeld,,,Nee,,,,,
885,50168,Goedhart Vastgoed Oude Wetering,Oude Wetering,Zuid-Holland,2377VM,46,,oudewetering@goedhartvastgoed.nl,VBO,Venum,10-08-2017,aug.-2017,Nee,Sales,JP,JP,✓,Ja compleet,Ja,Ja actief en compleet,Aangemeld,,,Nee,,,,,aanbod bij vestiging Rijnsaterwoude
886,59225,Goedhart Vastgoed Hoofddorp,Hoofddorp,Noord-Holland,2131BB,667a,,info@goedhartvastgoed.nl,VBO,Venum,10-08-2017,aug.-2017,Nee,Sales,JP,JP,✓,Ja compleet,Ja,Ja actief en compleet,Aangemeld,,,Nee,,,,,aanbod bij vestiging Rijnsaterwoude
887,49615,Van Kleef NVM Makelaars,Rotterdam,Zuid-Holland,3021DM,196,DF Van Kleef,dimitri@vanklaafmakelaars.nl,NVM,Realworks,10-08-2017,aug.-2017,Ja,Mailing,JP,JP,✓,Ja compleet,Ja,Ja actief en compleet,Aangemeld,Ja,,Nee,,,,,
888,55689,Landheeren Makelaardij,Apeldoorn,Gelderland,7361GL,32,Ingrid,info@landheeren.nl,NVM,Realworks,10-08-2017,aug.-2017,Nee,Sales,Philip,Jelle,✓,Ja compleet,Ja,Ja actief en compleet,Aangemeld,,,Ja,,,,,
889,51689,Kosmeier projectbegeleiding & Makelaardij,Baarn,Utrecht,3742EJ,nan,Gerda Kosmeier,projectbegeleiding@kosmeier.nl,VBO,Venum,11-08-2017,aug.-2017,Nee,Sales,Jelle,Jelle,✓,Ja gedeeltelijk,Nee,Ja nog niet compleet,Aangemeld,,,Nee,,,,,"12-12 gebeld maar moet naar . uur bellen nu zat ze in de auot voor overleg / 14-12 gebeld en vm ingesproken / 14-12 ze belde mij dat ze het wel gaat activeren, maar is er nog niet aan toegekomen. Is maar alleen. Gaat het rond de kerst doen zegt ze dan gaat ze er voor zitten"
890,49077,Meerwaerde Makelaardij,Bunschoten spakenburg,Utrecht,3751CX,nan,Ted Duyst,info@meerwaerde.nl,VBO,Venum,11-08-2017,aug.-2017,Nee,Sales,Jelle,Jelle,✓,Ja compleet,Ja,Ja actief en compleet,Aangemeld,,,Ja,,,,,
891,51489,Koophuis Makelaars Rotterdam,Rotterdam,Zuid-Holland,3009MB,85082,Tania Capó Bobbe,info@koophuismakelaars.com,VBO,Venum,15-08-2017,aug.-2017,Nee,Sales,JP,JP,✓,Ja gedeeltelijk,Ja,Ja actief en compleet,Aangemeld,,,Nee,,,,,
892,56826,Engel & Völkers Amsterdam Centraal,Amsterdam,Noord-Holland,1015DW,28-H,Karlijn Ramondt,amsterdamcentrum@engelvoelkers.com,NVM,Realworks,15-08-2017,aug.-2017,Nee,Sales,JP,JP,✓,Ja compleet,Ja,Ja actief en compleet,Aangemeld,,,Nee,,,,,
893,49785,Legemaat Makelaardij,Voorthuizen,Gelderland,3781PL,68,Dhr Legemaat,info@legemaatmakelaardij.nl,VBO,Goes&Roos,16-08-2017,aug.-2017,Nee,Sales,Jelle,Jelle,✓,Ja compleet,Ja,Ja actief en compleet,Aangemeld,,,Nee,,,,,
894,50500,Cantrijn Makelaardij,Breda,Noord-Brabant,4818AD,16,Nienke,info@cantrijnmakelaardij.nl,VBO,Venum,16-08-2017,aug.-2017,Nee,Sales,Jelle,Jelle,✓,Ja compleet,Ja,Ja actief en compleet,Aangemeld,,,Nee,,,,,
895,54518,Peter Deen Makelaardij,Dedemsvaart,Overijssel,7701GN,70,Melinda Brouwer,info@peterdeen.nl,NVM,Realworks,16-08-2017,aug.-2017,Nee,Sales,Philip,Jelle,✓,Ja compleet,Ja,Ja actief en compleet,Aangemeld,,,Ja,Ja JH,16-08,https://www.peterdeen.nl/,https://www.pararius.nl/koopwoningen/dedemsvaart,
896,48882,Wonex,Uden,Noord-Brabant,5405AC,25,Ties,info@wonex.nl,NVM,Realworks,16-08-2017,aug.-2017,Nee,Sales,Jelle,Jelle,✓,Ja gedeeltelijk,Nee,Ja nog niet compleet,Aangemeld,,,Ja,,,,,
897,55903,Quote Makelaars,Rotterdam,Zuid-Holland,3032BH,96,Jeffrey de Haan,kantoor@quotemakelaars.nl,VBO,Realworks,16-08-2017,aug.-2017,Ja,Mailing,JP,JP,✓,Ja geen aanbod,Nee,Ja nog niet actief,,Ja,,Nee,,,,,
898,49631,Dorrestijn Vastgoed Advies,Scherpenzeel (GLD),Gelderland,3925CA,301,Dhr Dorrestein,info@dva-bv.nl,VBO,Venum,17-08-2017,aug.-2017,Nee,Sales,Jelle,Jelle,✓,Ja compleet,Ja,Ja actief en compleet,Aangemeld,,,Nee,,,,,
899,50570,Merkens Makelaardij,Doorn,Utrecht,3941MT,20 A,Dhr Merkens,info@merkensmakelaardij.nl,VBO,Venum,17-08-2017,aug.-2017,Nee,Sales,Jelle,Jelle,✓,Ja compleet,Ja,Ja actief en compleet,Aangemeld,,,Nee,,,,,
900,49188,Rijn Makelaars,Goes,Zeeland,4331SE,63,Debbie Rijn,info@rijnmakelaars.nl,Onafhankelijk,Realworks,17-08-2017,aug.-2017,Nee,Sales,Jelle,Jelle,x,Nee,Nee,Ja nog niet actief,,,,Nee,,,,,12-12 terugbelverzoek ingediend bij Esther voor Debbie.
901,55404,Jaap de Makelaar,Zeewolde,Flevoland,3891GG,110,Jaap,info@jaapdemakelaar.nl,VBO,Realworks,17-08-2017,aug.-2017,Nee,Sales,Jelle,Jelle,✓,Ja compleet,Ja,Ja actief en compleet,Aangemeld,,,Nee,,,,,
902,56591,House Rent,Leeuwarden,Friesland,8921HA,131,M. Kruize,info@renthouseleeuwarden.nl,Onafhankelijk,Pararius Office,18-08-2017,aug.-2017,Nee,Sales,JP,JP,✓,Ja compleet,Ja,Ja actief en compleet,Aangemeld,,,Nee,,,,,heeft geen koop aanbod
903,50318,DAM Vastgoed,Zeewolde,Flevoland,3891BA,27,David Annoff,info@damvastgoed.nl,VBO,Venum,18-08-2017,aug.-2017,Nee,Sales,Jelle,Jelle,✓,Ja compleet,Ja,Ja actief en compleet,Aangemeld,,,Ja,,,,,12-12 moet david om 3 uur bellen afgesprokenb 14-12 Annoff rond 13:00 uur op kantoor. Dan proberen
904,59932,Selling Point Makelaardij,Rotterdam,Zuid-Holland,3068JN,31,H Voerman,info@spvastgoed.com,Onafhankelijk,Venum,18-08-2017,aug.-2017,Nee,Koppeling,JP,JP,✓,Ja compleet,Ja,Ja actief en compleet,Aangemeld,,,Nee,,,,,
905,53655,Siefkes Vastgoed,Nieuwe Pekela,Groningen,9663PR,78,,info@siefkesvastgoed.nl,VastgoedPRo,Pyber,18-08-2017,aug.-2017,Nee,Koppeling,JP,JP,✓,Ja compleet,Ja,Ja actief en compleet,Aangemeld,,3,Nee,Ja DvD,28-1-2019,https://www.siefkesvastgoed.nl/,https://www.pararius.nl/makelaars/nieuwe-pekela/siefkes-vastgoed,
906,56456,Revast Makelaardij,Bladel,Noord-Brabant,5531AP,4,,info@re-vast.nl,Onafhankelijk,Venum,18-08-2017,aug.-2017,Nee,Koppeling,Jelle,Jelle,✓,Ja compleet,Ja,Ja actief en compleet,Aangemeld,,,Ja,,,,,
907,52413,INFINITAS Real Estate,Den Haag,Zuid-Holland,2582EW,2,,info@i-re.nl,Onafhankelijk,Pararius Office,18-08-2017,aug.-2017,Nee,Koppeling,JP,JP,✓,Ja compleet,Nee,Ja nog niet compleet,Aangemeld,,,Nee,,,,,hebben geen koopaanbod - alleen huur
908,49910,Van Kempen Makelaars B.V.,Venlo,Limburg,5914AV,232,,info@vankempenmakelaars.nl,VBO,Venum,18-08-2017,aug.-2017,Nee,Koppeling,Jelle,Jelle,✓,Ja compleet,Ja,Ja actief en compleet,Aangemeld,,,Ja,,,,,
909,49403,Hein Makelaars Team,Haarlem,Noord-Holland,2023GC,83,Hans Hein,info@attentivmakelaarsteam.nl,VBO,Venum,18-08-2017,aug.-2017,Nee,Koppeling,JP,JP,✓,Ja geen aanbod,Nee,Ja nog niet compleet,,,,Nee,,,,,
910,49802,Oudijk Makelaardij,Waddinxveen,Zuid-Holland,2742AA,127,,info@oudijkmakelaardij.nl,VastgoedPRo,Venum,18-08-2017,aug.-2017,Nee,Koppeling,JP,JP,✓,Ja gedeeltelijk,Ja,Ja actief en compleet,Aangemeld,,,Nee,,,,,
911,59027,Apollo Makelaardij Haaglanden,Wassenaar,Zuid-Holland,2242LA,3A,,info@apollomakelaardij.nl,VBO,Venum,18-08-2017,aug.-2017,Nee,Sales,JP,JP,✓,Ja compleet,Ja,Ja nog niet compleet,Verstuurd,,,Ja,,,,,
912,59028,NetlandMakelaars.nl,Dordrecht,Zuid-Holland,3311RD,48,,info@netlandmakelaars.nl,Onafhankelijk,Venum,18-08-2017,aug.-2017,Nee,Koppeling,Jelle,Jelle,✓,Ja geen aanbod,Nee,Ja nog niet compleet,,,,Nee,,,,,
913,49137,DPS Properties,Den haag,Zuid-Holland,2587ER,110,Jeffrey ,info@dpsproperties.nl,VBO,Venum,21-08-2017,aug.-2017,Nee,Sales,JP,JP,x,Nee,Nee,Ja nog niet actief,,,,Ja,Ja JP,30-08-2017,http://www.dpsproperties.nl/,https://www.pararius.nl/koopwoningen/den-haag,
914,49235,Burgland Makelaars,Veenendaal,Utrecht,3901CK,61,Dieneke Boon Kleijer,info@burglandveenendaal.nl,VBO,Goes&Roos,21-08-2017,aug.-2017,Nee,Sales,Jelle,Jelle,✓,Ja compleet,Ja,Ja actief en compleet,Aangemeld,,,Ja,,,,,
915,53052,Corry van Rheenen Makelaardij,Kesteren,Gelderland,4041GA,nan,Corry van Rheenen,info@corryvanrheenen.nl,VastgoedPRo,Skarabee,21-08-2017,aug.-2017,Nee,Sales,Philip,Jelle,✓,Ja gedeeltelijk,Ja,Ja nog niet compleet,Aangemeld,,,Nee,,,,,
916,51622,JS Vastgoed,Barendrecht,Zuid-Holland,2991CP,117,,info@jsvastgoed.nl,VBO,Venum,21-08-2017,aug.-2017,Nee,Sales,JP,JP,✓,Ja compleet,Ja,Ja actief en compleet,Aangemeld,,,Nee,,,,,
917,57848,Pierre Belde Makelaardij,Bergen op Zoom,Noord-Brabant,4623AK,nan,Pierre Belde,info@pierrebeldemakelaardij.nl,VBO,Venum,21-08-2017,aug.-2017,Nee,Sales,Jelle,Jelle,✓,Ja compleet,Ja,Ja actief en compleet,Aangemeld,,,Ja,Ja DvD,1-5-2018,https://www.pierrebeldemakelaardij.nl/,https://www.pararius.nl/koopwoningen/,
918,59081,Goed Wonen Makelaardij,Houten,Utrecht,3992AE,22,Hennie Determan,info@goedwonenmakelaardij.nl,VBO,Venum,21-08-2017,aug.-2017,Nee,Sales,Jelle,Jelle,✓,Ja compleet,Ja,Ja actief en compleet,Aangemeld,,,Ja,,,,,
919,53320,Van Wijnen Makelaardij,Leerdam,Zuid-Holland,4141HV,nan,Marcel van Wijnen,info@vanwijnenmakelaardij.nl,VBO,Venum,21-08-2017,aug.-2017,Nee,Sales,Philip,Jelle,✓,Ja compleet,Ja,Ja actief en compleet,Aangemeld,,,Nee,,,,,
920,53111,G.Kok Makelaarskantoor,Rotterdam,Zuid-Holland,3055BJ,12,Roderik Klarenbeek,info@gkok.nl,NVM,Realworks,21-08-2017,aug.-2017,Nee,Sales,JP,JP,✓,Ja compleet,Ja,Ja actief en compleet,Aangemeld,,,Nee,,,,,
921,55655,Spindler Makelaars,Rotterdam,Zuid-Holland,3053ES,6 a,Guido Flach,g.flach@spindlermakelaars.nl,NVM,Realworks,21-08-2017,aug.-2017,Nee,Sales,JP,JP,✓,Ja compleet,Ja,Ja actief en compleet,Aangemeld,,,Nee,,,,,
922,52949	,Baljon&Mora Makelaars,Rotterdam,Zuid-Holland,3054AH,233,,glazener@baljonenmora.nl,NVM,Realworks,21-08-2017,aug.-2017,Nee,Sales,JP,JP,✓,Ja compleet,Ja,Ja actief en compleet,Aangemeld,,,Nee,,,,,
923,54162,Hooft & Mooij Makelaardij,Rotterdam,Zuid-Holland,3054GD,18-B,Evert,evert@hooftenmooij.nl,NVM,Realworks,21-08-2017,aug.-2017,Nee,Sales,JP,JP,✓,Ja compleet,Ja,Ja actief en compleet,Aangemeld,,,Nee,,,,,
924,53155,Voorberg Makelaars,Rotterdam,Zuid-Holland,3039HJ,115D,Nicole,nicole@voorberg.nl,NVM,Realworks,21-08-2017,aug.-2017,Nee,Sales,JP,JP,✓,Ja gedeeltelijk,Nee,Ja nog niet compleet,,,,Nee,,,,,
925,51502,Leudal Makelaardij        ,Roggel,Limburg,6088BP,nan,Jac Hendriks,info@leudal-makelaardij.nl,VBO,Goes&Roos,23-08-2017,aug.-2017,Nee,Sales,Jelle,Jelle,✓,Ja compleet,Ja,Ja actief en compleet,Aangemeld,,,Nee,,,,,12-12         Jac gebeld maar de verbinding viel weg ofzo en daarna VM. Vm ingesproken met trbl verzoek / 14-12 gemaild
926,48933,Biermans makelaardij,Echt,Limburg,6101EB,14,Ralph Biermans,info@biermansmakelaardij.nl,VBO,Skarabee,23-08-2017,aug.-2017,Nee,Sales,Jelle,Jelle,✓,Ja gedeeltelijk,Ja,Ja nog niet compleet,Aangemeld,,,Ja,,,,,
927,50562,ABVO Assurantiën en Onroerende Zaken        ,Reuver,Limburg,5953HD,nan,Fred,info@abvo.nl,VBO,Venum,23-08-2017,aug.-2017,Nee,Sales,Jelle,Jelle,✓,Ja compleet,Ja,Ja actief en compleet,Aangemeld,,,Ja,,,,,
928,50594,Ahuys,Rotterdam,Zuid-Holland,3038CB,237,Peter,info@ahuys.nl,VBO,Venum,23-08-2017,aug.-2017,Nee,Sales,JP,JP,✓,Ja compleet,Ja,Ja actief en compleet,Aangemeld,,,Nee,,,,,
929,50050,Dennis Schmitz Makelaardij,Vlodrop,Limburg,6063AK,33,Dennis,info@schmitz-makelaardij.nl,VBO,Venum,23-08-2017,aug.-2017,Nee,Sales,Jelle,Jelle,x,Nee,Nee,Ja nog niet actief,,,,Nee,,,,,12-12 gebeld maar nummer is niet bereikbaar / 12-12 derde week januari terugbellen nu te druk
930,55882,Prachthuis Makelaardij,Rotterdam,Zuid-Holland,3043AR,110A,Celesta,info@prachthuismakelaardij.nl,VBO,Venum,23-08-2017,aug.-2017,Nee,Sales,JP,JP,x,Nee,Nee,Ja nog niet actief,,,,Nee,,,,,
931,50819,Landhuis Makelaardij        ,Rotterdam,Zuid-Holland,3022HL,51,Anne Marie Coenders,info@landhuismakelaardij.nl,NVM,Realworks,23-08-2017,aug.-2017,Nee,Sales,JP,JP,✓,Ja compleet,Ja,Ja actief en compleet,Aangemeld,,,Nee,,,,,
932,54232,Kettner Makelaardij        ,Rotterdam,Zuid-Holland,3062DA,nan,Remco de Groot,info@kettner.nl,NVM,Realworks,23-08-2017,aug.-2017,Nee,Sales,JP,JP,✓,Ja compleet,Ja,Ja actief en compleet,Aangemeld,,,Nee,,,,,
933,55549,Buddies Real Estate Rotterdam        ,Rotterdam,Zuid-Holland,3045AP,22,boy Baas,rotterdam@buddiesrealestate.com,VBO,Realworks,23-08-2017,aug.-2017,Nee,Sales,JP,JP,✓,Ja compleet,Ja,Ja actief en compleet,Aangemeld,,,Nee,,,,,
934,49903,2V Makelaars,Rotterdam,Zuid-Holland,3074RS,16,Ozan Demir,ozan@2vmakalaars.nl,VBO,Venum,24-08-2017,aug.-2017,Nee,Sales,JP,JP,x,Nee,Nee,Ja nog niet actief,,,,Nee,,,,,
935,49375,Smeets Vastgoed,Sittard,Limburg,6131BG,58,Ad Smeets,info@smeetsvastgoed.nl,VBO,Goes&Roos,25-08-2017,aug.-2017,Nee,Sales,Jelle,Jelle,✓,Ja compleet,Ja,Ja actief en compleet,Aangemeld,,,Ja,,,,,
936,55320,"Paula Cox ""Mooi Wonen""",Roosteren,Limburg,6116AH,24,Paula Cox,info@pcwv.nl,Onafhankelijk,Venum,25-08-2017,aug.-2017,Nee,Sales,Jelle,Jelle,✓,Ja compleet,Ja,Ja actief en compleet,Aangemeld,,,Nee,,,,,
937,51264,Goossens Vastgoed Geleen,Geleen,Limburg,6161HS,97,Jacque Goossens,info@goossensvastgoed.nl,VBO,Venum,25-08-2017,aug.-2017,Nee,Sales,Jelle,Jelle,✓,Ja compleet,Ja,Ja actief en compleet,Aangemeld,,,Nee,,,,,
938,59150,Goossens Vastgoed Beek,Beek (LB),Limburg,6191CS,43160,Jacque Goossens,info@goossensvastgoed.nl,VBO,Venum,25-08-2017,aug.-2017,Nee,Sales,Jelle,Jelle,✓,Ja compleet,Ja,Ja actief en compleet,Aangemeld,,,Nee,,,,,
939,50271,Vesta Vastgoed,Maastricht,Limburg,6215EA,31,Senly,info@vestavastgoed.nl,VBO,Goes&Roos,25-08-2017,aug.-2017,Nee,Koppeling,Jelle,Jelle,✓,Ja compleet,Ja,Ja actief en compleet,Aangemeld,,,Nee,,,,,
940,49288,Van der Wiel Makelaardij,Rotterdam,Zuid-Holland,3079JE,nan,Andre Klein,info@wielmak.nl,VBO,Venum,25-08-2017,aug.-2017,Nee,Sales,JP,JP,✓,Ja compleet,Ja,Ja actief en compleet,Aangemeld,,,Ja,,,,,
941,52269,Schiebrugge Makelaars,Rotterdam,Zuid-Holland,2908LW,nan,Oscar,info@schiebruggemakelaars.nl,VBO,Venum,25-08-2017,aug.-2017,Nee,Sales,JP,JP,✓,Ja compleet,Ja,Ja actief en compleet,Aangemeld,,,Nee,,,,,
942,50112,Kreuwels Vastgoed,Sint Geertruid,Limburg,6265AA,nan,Elvie Velraads,info@kreuwelsvastgoed.nl,VBO,Venum,25-08-2017,aug.-2017,Nee,Sales,Jelle,Jelle,✓,Ja compleet,Ja,Ja actief en compleet,Aangemeld,,,Nee,,,,,
943,49560,M1 Makelaardij,Rotterdam,Zuid-Holland,3031AA,307-309,Michael Horst,info@m1makelaardij.nl,VBO,Realworks,25-08-2017,aug.-2017,Nee,Sales,JP,JP,✓,Ja compleet,Ja,Ja actief en compleet,Aangemeld,,,Ja,Ja DvD,10-4-2018,https://www.m1makelaardij.nl/,https://www.pararius.nl/koopwoningen/rotterdam,
944,49312,Marcant Wonen,Einighausen,Limburg,6142BR,nan,Marc ,marc@marcant-wonen.nl,VBO,Realworks,25-08-2017,aug.-2017,Nee,Sales,Jelle,Jelle,✓,Ja compleet,Ja,Ja actief en compleet,Aangemeld,,,Nee,,,,,
945,49580,Mertens Makelaardij,Gulpen,Limburg,6271AB,nan,Dionne Schroef,info@mertens.nl,VBO,Realworks,25-08-2017,aug.-2017,Nee,Sales,Jelle,Jelle,✓,Ja gedeeltelijk,Ja,Ja nog niet compleet,Aangemeld,,,Nee,,,,,
946,54059,Euverman & Nuyts Makelaars in Twente - Hengelo,Hengelo (OV),Overijssel,7556BA,nan,Mels Put,hengelo@euvermannuyts.nl,NVM,Realworks,25-08-2017,aug.-2017,Nee,Sales,Philip,Jelle,✓,Ja gedeeltelijk,Nee,Ja nog niet compleet,Aangemeld,,,Nee,,,,,
947,54057,Euverman & Nuyts Makelaars in Twente - Borne,Borne,Overijssel,7622GP,144,Mels Put,borne@euvermannuyts.nl,NVM,Realworks,25-08-2017,aug.-2017,Nee,Sales,Philip,Jelle,✓,Ja gedeeltelijk,Nee,Ja nog niet compleet,Aangemeld,,,Nee,,,,,
948,54058,Euverman & Nuyts Makelaars in Twente - Haaksbergen,Haaksbergen,Overijssel,7481HW,37,Mels Put,haaksbergen@euvermannuyts.nl,NVM,Realworks,25-08-2017,aug.-2017,Nee,Sales,Philip,Jelle,✓,Ja gedeeltelijk,Nee,Ja nog niet compleet,Aangemeld,,,Nee,,,,,
949,54060,Euverman & Nuyts Makelaars in Twente - Enschede,Enschede,Overijssel,7514AH,28,Mels Put,enschede@euvermannuyts.nl,NVM,Realworks,25-08-2017,aug.-2017,Nee,Sales,Philip,Jelle,✓,Ja gedeeltelijk,Nee,Ja nog niet compleet,Aangemeld,,,Nee,,,,,
950,53885,Berends-Naafs Makelaars,Goor,Overijssel,7471BK,19,Mels Put,info@berendsnaafs.nl,NVM,Realworks,25-08-2017,aug.-2017,Nee,Sales,Philip,Jelle,✓,Ja gedeeltelijk,,,Aangemeld,,,Nee,,,,,
951,51679,Hélène Terra Makelaardij,Margraten,Limburg,6269AK,25,Helene Opreij,info@heleneterra.nl,VBO,Goes&Roos,28-08-2017,aug.-2017,Nee,Sales,Jelle,Jelle,✓,Ja compleet,Ja,Ja actief en compleet,Aangemeld,,,Ja,,,,,
952,55405,Westhoek Makelaars,Hoek van Holland,Zuid-Holland,3151AV,218B,Peter Jagt,info@westhoekmakelaars.nl,VBO,Goes&Roos,28-08-2017,aug.-2017,Nee,Sales,JP,JP,✓,Ja compleet,Ja,Ja actief en compleet,Aangemeld,,,Ja,,,,,
953,49981,MD Makelaars & taxateurs,Hoeven,Noord-Brabant,4741AK,27,Dianne,info@mdmakelaars.nl,VBO,Venum,28-08-2017,aug.-2017,Nee,Sales,Jelle,Jelle,x,Nee,Nee,Ja nog niet compleet,,,,Nee,,,,,
954,56617,MakelaarZelf,Venlo,Limburg,5913XE,100,Marjolein Bull,info@makelaarzelf.nl,VBO,Venum,28-08-2017,aug.-2017,Nee,Sales,Jelle,Jelle,✓,Ja compleet,Ja,Ja actief en compleet,Aangemeld,,,Ja,,,,,
955,51245,Huiz Makelaars,Dordrecht,Zuid-Holland,3311BV,229,Tim Vrolijk,info@huiz.nl,VBO,Venum,28-08-2017,aug.-2017,Nee,Koppeling,Jelle,Jelle,✓,Ja compleet,Ja,Ja actief en compleet,Aangemeld,,,Nee,,,,,
956,50294,Wivema Vastgoed,Maarsbergen,Utrecht,3953MH,66,Wim,info@wivema.nl,VBO,Venum,28-08-2017,aug.-2017,Nee,Sales,Jelle,Jelle,✓,Ja compleet,Ja,Ja actief en compleet,Aangemeld,,,Nee,,,,,
957,51028,Mijn huis en ik,Maastricht,Limburg,6214AA,21,Danielle Damman,info@mijnhuisenik.com,Onafhankelijk,Realworks,28-08-2017,aug.-2017,Nee,Sales,Jelle,Jelle,✓,Ja compleet,Ja,Ja actief en compleet,Aangemeld,,,Nee,Ja DvD,21-12-2018,https://www.mijnhuisenik.com/nl/home,https://www.pararius.nl/,
958,52772,HB Housing Amsterdam,Amsterdam,Noord-Holland,1059EB,182,Remco  ,Remco@hbhousing.nl,VBO,Venum,29-08-2017,aug.-2017,Nee,Sales,JP,JP,✓,Ja geen aanbod,Nee,Ja nog niet actief,,,,Nee,,,,,
959,49255,Rieke Vastgoed,Rozenburg (zh),Zuid-Holland,3181CG,16,Ruud de Winter,algemeen@riekevastgoed.nl,VBO,Venum,29-08-2017,aug.-2017,Nee,Sales,JP,JP,✓,Ja compleet,Ja,Ja actief en compleet,Aangemeld,,,Nee,,,,,
960,50812,Verschoor Makelaardij & Assurantiën,Montfoort,Utrecht,3417HC,10,Michel Verschoor,info@verschoorassurantien.nl,VBO,Venum,29-08-2017,aug.-2017,Nee,Sales,JP,JP,✓,Ja compleet,Nee,Ja actief en compleet,Aangemeld,,,Nee,,,,,
961,49628,Rien Treur Makelaardij,Woerden,Utrecht,3445BB,27,Corry Treur,corry@rientreur.nl,NVM,Venum,29-08-2017,aug.-2017,Nee,Sales,JP,JP,✓,Ja compleet,Ja,Ja actief en compleet,Aangemeld,,,Nee,,,,,
962,51539,AB-Plaza Vastgoed,Landgraaf,Limburg,6372KA,23,Peter Smeets,vastgoed@ab-plaza.nl,VBO,Venum,29-08-2017,aug.-2017,Nee,Sales,Jelle,Jelle,✓,Ja compleet,Ja,Ja actief en compleet,Aangemeld,,,Nee,,,,,
963,49997,Noordam Makelaardij - De Lier,De Lier,Zuid-Holland,2678CL,54,Arjen Noordam,info@noordam-makelaardij.nl,VBO,Venum,29-08-2017,aug.-2017,Nee,Sales,JP,JP,✓,Ja compleet,Ja,Ja actief en compleet,Aangemeld,,,Nee,,,,,
964,58549,Hollands Best Makelaars Amsterdam,Amsterdam,Noord-Holland,1103AD,47,John Breed,amsterdam@hollandsbest.nl,VBO,Venum,29-08-2017,aug.-2017,Nee,Sales,JP,JP,✓,Ja gedeeltelijk,Ja,Ja actief en compleet,Aangemeld,,,Ja,Ja DvD,8-10-2018,https://www.hollandsbest.nl/,https://www.pararius.nl/,
965,50204,Paul Horsten Makelaardij,Beek (LB),Limburg,6191AM,32,Paul Horsten,info@paulhorsten.nl,VBO,Venum,29-08-2017,aug.-2017,Nee,Sales,Jelle,Jelle,✓,Ja compleet,Ja,Ja actief en compleet,Aangemeld,,,Nee,,,,,
966,59235,Hollands Best Makelaars De Ronde Venen,Vinkeveen,Utrecht,3645KA,33,John Breed,vinkeveen@hollandsbest.nl,VBO,Venum,29-08-2017,aug.-2017,Nee,Sales,JP,JP,✓,Ja gedeeltelijk,Ja,Ja actief en compleet,Aangemeld,,,Nee,,,,,
967,59236,Hollands Best Makelaars Utrecht,De Meern,Utrecht,3453TA,36,John Breed,demeern@hollandsbest.nl,VBO,Venum,29-08-2017,aug.-2017,Nee,Sales,JP,JP,✓,Ja gedeeltelijk,Ja,Ja actief en compleet,Aangemeld,,,Nee,,,,,
968,50076,Van Arendonk Makelaardij,Herwijnen,Gelderland,4171CE,30,Dhr van Arendonk,info@vanarendonkmakelaardij.nl,VBO,Venum,29-08-2017,aug.-2017,Nee,Sales,Philip,Jelle,✓,Ja compleet,Ja,Ja actief en compleet,Aangemeld,,,Ja,,,,,
969,49339,Lassoo Makelaars Geleen,Geleen,Limburg,6161BT,146,Ralf Last,kantoor@lassoo.nl,VBO,Realworks,29-08-2017,aug.-2017,Nee,Sales,Jelle,Jelle,✓,Ja compleet,Ja,Ja actief en compleet,Aangemeld,,,Nee,,,,,
970,56624,Lassoo Makelaars Hoensbroek,Hoensbroek,Limburg,6431KT,6 A,Ralf Last,kantoor@lassoo.nl,VBO,Realworks,29-08-2017,aug.-2017,Nee,Sales,Jelle,Jelle,✓,Ja compleet,Ja,Ja actief en compleet,Aangemeld,,,Nee,,,,,
971,59289,Lassoo Makelaars Maastricht,Maastricht,Limburg,6227BS,nan,Ralf Last,kantoor@lassoo.nl,VBO,Realworks,29-08-2017,aug.-2017,Nee,Sales,Jelle,Jelle,✓,Ja compleet,Ja,Ja actief en compleet,Aangemeld,,,Nee,,,,,
972,49765,Basten Assurantiën en Makelaardij,Ooij,Gelderland,6576BP,nan,Guus Basten,vastgoed@verzekeringsplaneet.nl,VBO,Venum,30-08-2017,aug.-2017,Nee,Sales,Philip,Jelle,✓,Ja compleet,Ja,Ja actief en compleet,Aangemeld,,,Nee,,,,,
973,50062,Koophuis Makelaars Nijmegen,Nijmegen,Gelderland,6524CL,23,Hannie Börger,info@koophuisnijmegen.nl,VBO,Venum,30-08-2017,aug.-2017,Nee,Sales,Philip,Jelle,✓,Ja compleet,Ja,Ja actief en compleet,Aangemeld,,,Nee,,,,,
974,49445,Het Woonhart Makelaardij,Herveld,Gelderland,6674DJ,nan,Twan,info@hetwoonhart.nl,VBO,Venum,30-08-2017,aug.-2017,Nee,Sales,Philip,Jelle,✓,Ja compleet,Ja,Ja actief en compleet,Aangemeld,,,Nee,,,,,
975,57415,ADD Makelaardij,Amsterdam,Noord-Holland,1066JJ,25,,info@addmakelaardij.nl,VBO,Venum,30-08-2017,aug.-2017,Nee,Sales,JP,JP,✓,Ja compleet,Ja,Ja actief en compleet,Aangemeld,,,Nee,,,,,
976,52418,Houses & Rooms,Amsterdam,Noord-Holland,1069SC,999,Sven,info@houses-rooms.nl,VBO,Venum,30-08-2017,aug.-2017,Nee,Sales,JP,JP,✓,Ja gedeeltelijk,Nee,Ja nog niet actief,Aangemeld,,,Nee,,,,,
977,59246,Carien Makelaardij,Beuningen (GLD),Gelderland,6641LN,14,Carien Timmerman,info@carienmakelaardij.nl,VBO,Venum,30-08-2017,aug.-2017,Nee,Sales,Philip,Jelle,✓,Ja compleet,Ja,Ja actief en compleet,Aangemeld,,,Nee,,,,,
978,52380,Domica Arnhem,Arnhem,Gelderland,6828CD,71a,Marcel Viola (heb een vrouw gesproken),arnhem@domica.nl,VBO,Venum,30-08-2017,aug.-2017,Nee,Sales,Philip,Jelle,✓,Ja compleet,Ja,Ja actief en compleet,Aangemeld,,,Nee,,,,,
979,50704,Living Changes Makelaardij,Westervoort,Gelderland,6931BL,80,Jos,jos@livingchanges.nl,VBO,Venum,30-08-2017,aug.-2017,Nee,Sales,Philip,Jelle,✓,Ja compleet,Ja,Ja actief en compleet,Aangemeld,,,Nee,,,,,
980,59257,Van Ons Makelaars,Arnhem,Gelderland,6825MC,251,Wim Kemperman,info@vanonsmakelaars.nl,VBO,Venum,30-08-2017,aug.-2017,Nee,Sales,Philip,Jelle,✓,Ja gedeeltelijk,Nee,Ja actief en compleet,Aangemeld,,,Nee,,,,,
981,52032,Thuys Makelaardij,Sint Odilienberg,Limburg,6077BN,16,Marco Heuts,info@thuys-makelaardij.nl,VBO,Venum,30-08-2017,aug.-2017,Nee,Sales,Jelle,Jelle,✓,Ja compleet,Ja,Ja actief en compleet,Aangemeld,,,Nee,,,,,
982,51673,Uw Huismakelaar,Beuningen (GLD),Gelderland,6641AR,2,Diederik Fokke,beuningen@uwhuismakelaar.info,VBO,Realworks,30-08-2017,aug.-2017,Nee,Sales,Philip,Jelle,✓,Ja compleet,Ja,Ja actief en compleet,Aangemeld,,,Nee,,,,,
983,54609,Scholten Makelaardij,Amsterdam,Noord-Holland,1056JK,119-123,Ben Spronk,info@scholten.nl,NVM,Realworks,30-08-2017,aug.-2017,Nee,Sales,JP,JP,✓,Ja compleet,Ja,Ja actief en compleet,Aangemeld,,,Nee,,,,,
984,50491,Gerro de Boer Makelaar,Edam,Noord-Holland,1135WT,nan,Gerro de Boer,info@gerrodeboer.nl,VBO,Venum,31-08-2017,aug.-2017,Nee,Sales,JP,JP,✓,Ja compleet,Ja,Ja actief en compleet,Aangemeld,,,Ja,Ja JP,30-08-2017,https://www.gerrodeboer.nl/,https://www.pararius.nl/koopwoningen/edam,
985,50689,Pieter Meulenbroeks Makelaardij,Veldhoven,Noord-Brabant,5508RC,23,Pieter,info@pietermeulenbroeks.nl,Onafhankelijk,Goes&Roos,31-08-2017,aug.-2017,Nee,Koppeling,Jelle,Jelle,✓,Ja compleet,Ja,Ja actief en compleet,Aangemeld,,,Nee,,,,,
986,56277,Aardenhout Makelaardij,Amsterdam,Noord-Holland,1075TV,15,Carola Aardenhout,carola@aardenhoutmakelaardij.nl,VBO,Venum,31-08-2017,aug.-2017,Nee,Sales,JP,JP,✓,Ja compleet,Ja,Ja actief en compleet,Aangemeld,,,Nee,,,,,
987,49162,De Heren van Snoek,Amsterdam,Noord-Holland,1098BC,nan,Dhr. van Snoek,info@deherenvansnoek.nl,VBO,Venum,31-08-2017,aug.-2017,Nee,Sales,JP,JP,✓,Ja gedeeltelijk,Ja,Ja actief en compleet,Aangemeld,,,Nee,,,,,
988,50047,Rijnlandhaven Makelaardij,Silvolde,Gelderland,7064AC,4 - 6,Janneke,info@rijnlandhaven.nl,VBO,Venum,31-08-2017,aug.-2017,Nee,Sales,Philip,Jelle,✓,Ja compleet,Ja,Ja actief en compleet,Aangemeld,,,Nee,,,,,
989,49243,Marina van Schaik Makelaardij O.G.,Amsterdam,Noord-Holland,1077JD,169,Marina van Schaik,info@marinavanschaik.nl,VBO,Venum,31-08-2017,aug.-2017,Nee,Sales,JP,JP,✓,Ja compleet,Ja,Ja actief en compleet,Aangemeld,,,Nee,,,,,
990,52339,Regio Bronckhorst Makelaardij,Hengelo (GLD),Gelderland,7255CK,10,Marco Wiggers,info@rbwonen.nl,VBO,Venum,31-08-2017,aug.-2017,Nee,Sales,Philip,Jelle,✓,Ja compleet,Ja,Ja actief en compleet,Aangemeld,,,Ja,,,,,
991,59278,Chris Oosting,Monnickendam,Noord-Holland,1141AZ,14,Chris Oosting,info@chrisoostingmakelaardij.nl,VBO,Venum,01-09-2017,sep.-2017,Nee,Sales,JP,JP,✓,Ja compleet,Ja,Ja actief en compleet,Aangemeld,,,Ja,Ja JP,04-12-2017,https://www.chrisoostingmakelaardij.nl/,https://www.pararius.nl/koopwoningen/Monnickendam,
992,53615,Uw makelaar in OG,Amsterdam,Noord-Holland,1075AT,25,Anuscka Wemmers,info@uwmakelaarinog.nl,NVM,Goes&Roos,01-09-2017,sep.-2017,Nee,Sales,JP,JP,✓,Ja compleet,Ja,Ja actief en compleet,Aangemeld,,,Ja,,,,,
993,49838,Anita van Delft Makelaardij,Amstelveen,Noord-Holland,1181VA,101,Anita van Delft,info@vandelftmakelaardij.nl,VBO,Venum,01-09-2017,sep.-2017,Nee,Sales,JP,JP,✓,Ja compleet,Ja,Ja actief en compleet,Aangemeld,,,Nee,,,,,wachten tot colibri live is
994,52515,Van der Avoort Makelaardij,Almere,Flevoland,1322CJ,7 C,René van der Avoort,info@avoort.nl,VBO,Venum,01-09-2017,sep.-2017,Nee,Sales,JP,JP,✓,Ja compleet,Ja,Ja actief en compleet,Aangemeld,,,Nee,,,,,
995,50108,Huize Bier Makelaars,Annen,Drenthe,9468BG,39A,Roald Bier,r.bier@huizemakelaars.nl,NVM,Realworks,04-09-2017,sep.-2017,Nee,Mailing,Philip,JP,✓,Ja compleet,Ja,Ja actief en compleet,Aangemeld,,,Nee,,,,,
996,53361,Greveling Makelaardij,Rhoon,Zuid-Holland,3161KG,56,,,NVM,Realworks,04-09-2017,sep.-2017,Nee,Sales,JP,JP,✓,Ja compleet,Ja,Ja nog niet compleet,Aangemeld,,,Nee,,,,,
997,55402,Regio Makelaar Stadskanaal,Stadskanaal,Groningen,9501ER,35,Gert de Roo,Info@regiomakelaar.eu,VBO,Realworks,05-09-2017,sep.-2017,Nee,Sales,Philip,Jelle,✓,Ja compleet,Ja,Ja actief en compleet,Aangemeld,,,Nee,,,,,
998,49873,Vermeulen Verzekeringen Vastgoed,Millingen aan den Rijn,Gelderland,6566EG,119,Koen,info@vermeulenvastgoed.nl,VBO,Venum,05-09-2017,sep.-2017,Nee,Sales,Philip,Jelle,✓,Ja compleet,Ja,Ja actief en compleet,Aangemeld,,,Nee,,,,,
999,56542,Lieftink Makelaars,Zelhem,Gelderland,7021CK,32,Dhr Lieftink,info@lieftinkmakelaars.nl,VBO,Venum,05-09-2017,sep.-2017,Nee,Sales,Philip,Jelle,✓,Ja compleet,Ja,Ja actief en compleet,Aangemeld,,,Nee,,,,,
1000,49946,Streek Makelaars,Baak,Gelderland,7227N,nan,Hans Boschloo,hansboschloo@streekmakelaars.nl,VBO,Venum,05-09-2017,sep.-2017,Nee,Sales,Philip,Jelle,✓,Ja compleet,Ja,Ja actief en compleet,Aangemeld,,,Nee,,,,,
1001,50151,Hermeling Makelaardij,Driel,Gelderland,6665CN,26,Dhr Hermeling,info@hermeling-driel.nl,VBO,Venum,05-09-2017,sep.-2017,Nee,Sales,Philip,Jelle,✓,Ja compleet,Ja,Ja actief en compleet,Aangemeld,,,Nee,,,,,
1002,50054,Van Breukelen Makelaardij,Soest,Utrecht,3762DG,40,Jeanne Misteli,info@vanbreukelen.nu,VastgoedPRo,Venum,05-09-2017,sep.-2017,Nee,Sales,Jelle,Jelle,✓,Ja compleet,Ja,Ja actief en compleet,Aangemeld,,,Nee,,,,,
1003,55463,Kera Makelaars,Deventer,Overijssel,7412AN,48,Dhr Aydin,info@keramakelaars.nl,VBO,Venum,05-09-2017,sep.-2017,Nee,Sales,Philip,Jelle,✓,Ja compleet,Ja,Ja actief en compleet,Aangemeld,,,Nee,,,,,
1004,49964,Morsink Bouwadvies en Makelaardij,Goor,Overijssel,7471BR,80,Rick,rick@morsink.nl,VBO,Venum,05-09-2017,sep.-2017,Nee,Sales,Philip,Jelle,✓,Ja compleet,Ja,Ja actief en compleet,Aangemeld,,,Nee,,,,,
1005,50107,Koophuis Makelaars Leerdam,Leerdam,Zuid-Holland,4141CK,37,Rutgher de Ritter,rutgherderitter@storygroup.nl,VBO,Skarabee,06-09-2017,sep.-2017,Nee,Sales,Philip,Jelle,✓,Ja compleet,Ja,Ja actief en compleet,Aangemeld,,,Nee,,,,,
1006,59385,Bulsink makelaars,Holten,Overijssel,7451EN,12,Dhr Bulsink,info@bulsinkmakelaars.nl,VBO,Venum,06-09-2017,sep.-2017,Nee,Sales,Philip,Jelle,✓,Ja compleet,Ja,Ja actief en compleet,Aangemeld,,,Nee,,,,,
1007,59395,Regio Makelaar Groningen,Groningen,Groningen,9743NG,179,Johan van der Haak,johanvanderhaak@regiomakelaar.eu,VBO,Venum,06-09-2017,sep.-2017,Nee,Sales,JP,JP,✓,Ja geen aanbod,Ja,Ja actief en compleet,,,,Nee,,,,,
1008,49347,Bouwhuis Makelaardij,Vroomshoop,Overijssel,7681JB,nan,Karin,info@bouwhuismakelaardij.nl,VBO,Venum,06-09-2017,sep.-2017,Nee,Sales,Philip,Jelle,✓,Ja compleet,Ja,Ja actief en compleet,Aangemeld,,,Nee,,,,,
1009,57724,2B Makelaardij,Almere,Flevoland,3026HA,nan,George Tweeboom,info@2bmakelaardij.nl,NVM,Anders,07-09-2017,sep.-2017,Ja,Mailing,JP,JP,x,Nee,Nee,Ja nog niet actief,,Ja,,Nee,,,,,
1010,53372,Axis Makelaardij,Urmond,Limburg,6129PW,38,Peggy van den Berg,info@axismakelaardij.nl,VBO,Estate Ware,07-09-2017,sep.-2017,Nee,Sales,Jelle,Jelle,✓,Ja compleet,Ja,Ja actief en compleet,Aangemeld,,,Nee,,,,,
1011,48919,H2 Makelaars Aalsmeer,Aalsmeer,Noord-Holland,1431BA,13-14,Emmelien,info@h2makelaars.nl,VBO,Goes&Roos,07-09-2017,sep.-2017,Nee,Sales,JP,JP,✓,Ja compleet,Ja,Ja actief en compleet,NIET DOEN!,,,Nee,,,,,
1012,51659,H2 Makelaars Uithoorn. NIET BELLEN!!!! DvD,Uithoorn,Noord-Holland,1421AC,13,Emmelien,emmelien@h2makelaars.nl,VBO,Goes&Roos,07-09-2017,sep.-2017,Nee,Sales,JP,JP,x,Nee,Ja,Ja nog niet actief,NIET DOEN!,,,Nee,,,,,
1013,50764,VBO makelaar Ton Meijer,Emmen,Drenthe,7827SP,nan,Ton Meijer,info@vbomakelaartonmeijer.nl,VBO,Venum,07-09-2017,sep.-2017,Nee,Sales,Philip,Jelle,✓,Ja compleet,Ja,Ja actief en compleet,Aangemeld,,,Nee,,,,,
1014,49708,Loves Makelaardij,Emmer Compascuum,Drenthe,7881HR,115,Danielle van der Kuil,info@lovesmakelaardij.nl,VBO,Venum,07-09-2017,sep.-2017,Nee,Sales,Philip,Jelle,x,Nee,Nee,Ja nog niet actief,,,,Nee,,,,,12-12 kreeg vm daarom even gemaild met de vraag te activeren
1015,51705,Holland House O.z.,Bussum,Noord-Holland,1401EH,1-A,Sander Steinhaus,sander@hollandhousemakelaars.nl,VBO,Venum,07-09-2017,sep.-2017,Nee,Sales,JP,JP,x,Nee,Nee,Ja nog niet actief,,,,Nee,,,,,
1016,48835,Vivienda Makelaardij,Capelle aan den ijssel,Zuid-Holland,2901EP,13,John,info@viviendamakelaardij.nl,VBO,Venum,07-09-2017,sep.-2017,Nee,Sales,JP,JP,✓,Ja compleet,Ja,Ja actief en compleet,Aangemeld,,,Nee,,,,,
1017,48982,Schut & Lambers Stadskanaal,Stadskanaal,Groningen,9501KG,56,Andrea Schut,stadskanaal@schutenlambers.nl,VBO,Venum,07-09-2017,sep.-2017,Nee,Sales,Philip,Jelle,✓,Ja compleet,Ja,Ja actief en compleet,Aangemeld,,6,Nee,,,,,
1018,57207,Makelaardij Sisters,Stadskanaal,Groningen,9501VJ,10E,Janneke de Vries,info@makelaardijsisters.nl,VBO,Venum,07-09-2017,sep.-2017,Nee,Sales,Philip,Jelle,✓,Ja compleet,Ja,Ja actief en compleet,Aangemeld,,,Nee,,,,,
1019,59418,MD Makelaardij,Emmen,Drenthe,7822CC,24,Mila,info@mdmakelaardij.com,VBO,Venum,07-09-2017,sep.-2017,Nee,Sales,Philip,Jelle,✓,Ja compleet,Ja,Ja actief en compleet,Aangemeld,,,Nee,,,,,
1020,60748,Twentehuis Makelaardij Enschede,Enschede,Overijssel,7513DM,70,Danny Holtkamp,info@twentehuis.nl,VBO,Venum,08-09-2017,sep.-2017,Nee,Sales,Philip,Jelle,✓,Ja compleet,Nee,Ja nog niet compleet,Aangemeld,,,Nee,,,,,
1021,51743,Asbroek Makelaardij,Enter,Overijssel,7468CM,74,Dhr Asbroek,info@asbroekmakelaardij.nl,VBO,Venum,08-09-2017,sep.-2017,Nee,Sales,Philip,Jelle,✓,Ja geen aanbod,Nee,Ja actief en compleet,Aangemeld,,,Nee,,,,,13-12 Kevin gebeld en gemaild. Hij was er noiet. contactverzoek
1022,50513,Woonderijen,Babberich,Gelderland,6909DJ,36,Ronny,info@woonderijen.nl,VBO,Venum,08-09-2017,sep.-2017,Nee,Sales,Philip,Jelle,✓,Ja geen aanbod,Nee,Ja nog niet compleet,,,,Nee,,,,,
1023,49106,Brouwers Makelaars,Venlo,Limburg,5911KG,88,Marc Brouwers,info@uwwoning.nl,VBO,Venum,08-09-2017,sep.-2017,Nee,Sales,Jelle,Jelle,✓,Ja compleet,Ja,Ja actief en compleet,Aangemeld,,,Nee,,,,,
1024,51136,Haas Vastgoed,Scharendijke,Zeeland,4322AK,10,Peter Haas,info@haasvastgoed.nl,VBO,Venum,08-09-2017,sep.-2017,Nee,Sales,Jelle,Jelle,x,Nee,Nee,Ja nog niet actief,,,,Nee,,,,,13-12 Gebeld moet vanmiddag terugbellen zat bij een klant / 14-12 geen gehoor
1025,60354,Twentehuis Makelaardij Vriezenveen - Almelo,Vriezenveen,Overijssel,7671SK,16,Danny Holtkamp,info@twentehuismakelaardij.nl,VBO,Venum,08-09-2017,sep.-2017,Nee,Sales,Philip,Jelle,✓,Ja geen aanbod,Nee,Ja nog niet actief,Aangemeld,,,Nee,,,,,"13-12 Danny is er morgen weer / 14-12 Danny gebeld en moest mailen, gedaan"
1026,49112,Van Gent Makelaardij,Amsterdam,Noord-Holland,1106ZH,27,Dirck van Gent,dirck@vangentmakelaardij.nl,Onafhankelijk,Yes-Co,11-09-2017,sep.-2017,Nee,Sales,JP,JP,✓,Ja gedeeltelijk,,,Aangemeld,,,Nee,,,,,
1027,49646,WitteWoning Makelaars Tilburg Berkdijk,Tilburg,Noord-Brabant,5025VC,nan,Jef Huijsmans,tilburgberkdijk@wittewoningmakelaars.nl,VBO,Pararius Office,12-09-2017,sep.-2017,Nee,Sales,Jelle,Jelle,✓,Ja compleet,Ja,Ja actief en compleet,Aangemeld,,,Nee,,,,,13-12 is gekoppeld inmiddels
1028,50048,WitteWoning Makelaars Tilburg Armhoef,Tilburg,Noord-Brabant,5018CX,97,Erik van Poppel,tilburgarmhoef@wittewoningmakelaars.nl,VBO,Pararius Office,12-09-2017,sep.-2017,Nee,Sales,Jelle,Jelle,✓,Ja compleet,Ja,Ja actief en compleet,Aangemeld,,,Nee,,,,,13-12 is gekoppeld inmiddels
1029,50103,Reimus Makelaardij & Hypotheken,Terheijden,Noord-Brabant,4844CA,35,Jack Reimus,info@reimus-makelaardij.nl,VBO,Venum,12-09-2017,sep.-2017,Nee,Sales,Jelle,Jelle,✓,Ja compleet,Ja,Ja actief en compleet,Aangemeld,,,Nee,,,,,
1030,48831,Makelaarshuis De Jong,Bunschoten Spakenburg,Utrecht,3752AH,84,Rutger de Jong,info@makelaarshuisdejong.nl,VBO,Venum,12-09-2017,sep.-2017,Nee,Sales,Jelle,Jelle,✓,Nee,Nee,Ja nog niet actief,,,,Nee,,,,,"13-12 Rutger gesproken, gaat het activeren. Stappenplan nogmaals verstuurd"
1031,50221,Minnaard Makelaardij,s Gravenpolder,Zeeland,4431AG,1b,Gerlies Weststrate,info@minnaardmakelaardij.nl,VBO,Venum,12-09-2017,sep.-2017,Nee,Sales,Jelle,Jelle,✓,Ja compleet,Ja,Ja actief en compleet,Aangemeld,,,Nee,,,,,
1032,49584,De Makelaar van Twente,Almelo,Overijssel,7601VZ,27,Jeannette Speijer,info@demakelaarvantwente.nl,VBO,Venum,12-09-2017,sep.-2017,Nee,Sales,Philip,Jelle,✓,Ja compleet,Ja,Ja actief en compleet,Aangemeld,,,Nee,,,,,
1033,49238,WitteWoning Makelaars Delfzijl,Delfzijl,Groningen,9934AV,28,,delfzijl@wittewoningmakelaars.nl,Onafhankelijk,Pararius Office,13-09-2017,sep.-2017,Nee,Sales,JP,JP,✓,Ja compleet,Ja,Ja actief en compleet,Aangemeld,,,Ja,Ja DvD,11-4-2018,http://www.wittewoningmakelaars.nl/nl/,https://www.pararius.nl/,alleen op de homepage
1034,53077,Casa Rental Services,Rotterdam,Zuid-Holland,3054LP,68,Celine Pezie,info@casapezie.com,Onafhankelijk,Anders,13-09-2017,sep.-2017,Ja,Sales,JP,JP,x,Nee,,,,Ja,,Nee,,,,,
1035,50137,Makelaardij van Rijn VolBar,Venlo,Limburg,5911AT,35,Boy van der Ham,boy@vanrijnvolbar.nl,VBO,Estate Ware,13-09-2017,sep.-2017,Nee,Sales,Jelle,Jelle,✓,Ja compleet,Ja,Ja actief en compleet,Aangemeld,,,Nee,,,,,
1036,57408,P&P Vastgoed Makelaars,Amstelveen,Noord-Holland,1182GV,175,Mitchell,info@penp.nl,VBO,Goes&Roos,13-09-2017,sep.-2017,Nee,Sales,JP,JP,✓,Ja gedeeltelijk,Ja,Ja actief en compleet,Aangemeld,,,Nee,,,,,
1037,48798,Top Makelaars Jeroen Olislagers,Maastricht,Limburg,6224DC,44,Jeroen Olislagers,info@topmakelaars.com,Onafhankelijk,Goes&Roos,13-09-2017,sep.-2017,Nee,Sales,Jelle,Jelle,✓,Ja compleet,Ja,Ja actief en compleet,Aangemeld,,,Nee,,,,,
1038,49999,WitteWoning Makelaars Almelo Tubbergen,Harbrinkhoek,Overijssel,7607CG,107,Esther,almelo@wittewoningmakelaars.nl,Onafhankelijk,Pararius Office,13-09-2017,sep.-2017,Nee,Sales,Philip,Jelle,✓,Ja compleet,Ja,Ja actief en compleet,Aangemeld,,,Nee,,,,,13-12 Ligt bij Silvie
1039,49552,The Way Home Makelaardij,Wormerveer,Noord-Holland,1705ER,39,George Blankendaal,info@thewayhome.nl,VBO,Venum,13-09-2017,sep.-2017,Nee,Sales,JP,JP,✓,Ja compleet,Ja,Ja actief en compleet,Aangemeld,,,Nee,,,,,
1040,60342,Zaanstijl,Zaandam,Noord-Holland,1508CP,117,Phaedra Pereira La Reine,info@zaanstijl.nl,VBO,Venum,13-09-2017,sep.-2017,Nee,Sales,JP,JP,x,Nee,Nee,Ja nog niet actief,,,,Nee,,,,,
1041,48784,Rogier Leenaers Makelaardij,Heerlen,Limburg,6417AG,1,Rogier Leenaers,welkom@bijrogier.nl,Onafhankelijk,Kolibri,14-09-2017,sep.-2017,Nee,Sales,Jelle,Jelle,✓,Ja compleet,Ja,Ja actief en compleet,Verstuurd,,,Nee,Ja DvD,7-9-2018,https://www.bijrogier.nl/,https://www.pararius.nl/,"13-12 gaat naar nieuw CRM, dan koppelen. RB volgt deze op"
1042,50249,Auk Kootstra,Enkhuizen,Noord-Holland,1601AN,162,Auk Kootstra,info@aukkootstravastgoed.nl,VBO,Venum,14-09-2017,sep.-2017,Nee,Sales,JP,JP,x,Nee,Nee,Ja nog niet actief,,,,Nee,,,,,
1043,56360,Lokatio,Amsterdam,Noord-Holland,1054GP,94,Jeroen Bemer,jeroenbemer@lokatio.nl,VBO,Venum,14-09-2017,sep.-2017,Nee,Sales,JP,JP,x,Nee,Nee,Ja nog niet actief,,,,Nee,,,,,
1044,48908,Offermans en Snijder makelaardij,Kerkrade,Limburg,6466AB,107,Jocelyn Langen,j.langen@offermansensnijder.nl,VBO,Venum,14-09-2017,sep.-2017,Nee,Sales,Jelle,Jelle,✓,Ja compleet,Ja,Ja actief en compleet,Aangemeld,,,Nee,,,,,
1045,50848,Marko Gielens Makelaardij,Schagen,Noord-Holland,1741MK,57,Marko Gielens,info@markogielensmakelaardij.nl,VBO,Venum,14-09-2017,sep.-2017,Nee,Sales,JP,JP,✓,Ja compleet,Ja,Ja actief en compleet,Aangemeld,,,Nee,,,,,
1046,50233,TIM Vastgoed,Maastricht,Limburg,6229AT,104,Tim Schaap,tim@timvastgoed.nl,VBO,Realworks,14-09-2017,sep.-2017,Nee,Sales,Jelle,Jelle,✓,Ja compleet,Ja,Ja actief en compleet,Aangemeld,,,Nee,,,,,
1047,48884,Boon Vastgoed,Gulpen,Limburg,6271AE,nan,J Meertens,j.meertens@boon-vastgoed.nl,VBO,Realworks,14-09-2017,sep.-2017,Nee,Sales,Jelle,Jelle,✓,Ja compleet,Ja,Ja actief en compleet,Aangemeld,,,Nee,,,,,
1048,59542,Esther van Dijk Makelaardij,Hoorn (nh),Noord-Holland,1625RR,14,Esther van Dijk,info@esthervandijk.nl,VBO,Realworks,14-09-2017,sep.-2017,Nee,Sales,JP,JP,✓,Ja compleet,Ja,Ja actief en compleet,Aangemeld,,,Nee,,,,,
1049,49622,Stephan Laenen Makelaardij,Weert,Limburg,6002EH,13,Roan Laenen,info@laenen.nl,VBO,Realworks,15-09-2017,sep.-2017,Nee,Sales,Jelle,Jelle,✓,Ja compleet,Ja,Ja actief en compleet,Aangemeld,,,Nee,,,,,
1050,49647,Zuurbier Makelaardij,Breezand,Noord-Holland,1764AX,254,Dhr Zuurbier,c.p.zuurbier@zuurbiermakelaardij.nl,VBO,Venum,18-09-2017,sep.-2017,Nee,Sales,JP,JP,✓,Ja compleet,Ja,Ja actief en compleet,Aangemeld,,,Nee,,,,,
1051,56268,Zy Makelaars,Breda,Noord-Brabant,4817SW,185,Irma Verweijen,irma@zymakelaars.nl,VBO,Venum,18-09-2017,sep.-2017,Nee,Sales,Jelle,Jelle,✓,Ja compleet,Ja,Ja actief en compleet,Aangemeld,,,Ja,Ja DvD,1-8-2018,https://www.zymakelaars.nl/,https://www.pararius.nl/makelaars/breda/zy-makelaars/huurwoningen/verhuur,
1052,51866,Makelaardij Amsterdam Zuidoost,Amsterdam,Noord-Holland,1103AD,47,John Breed,info@makamzo.nl,VBO,Venum,18-09-2017,sep.-2017,Ja,Sales,JP,JP,✓,Ja compleet,Ja,Ja actief en compleet,Aangemeld,Ja,,Nee,,,,,link voor huur 
1053,55606,Go! Makelaars Deventer,Deventer,Overijssel,7418CJ,nan,K.R. Jansen,info@gomakelaars.nl,NVM,Realworks,18-09-2017,sep.-2017,Nee,Mailing,Philip,Jelle,✓,Ja compleet,Ja,Ja actief en compleet,Aangemeld,,,Ja,Ja DvD,21-1-2019,http://www.go-makelaars.nl/,https://www.pararius.nl/,
1054,49976,Atsma Makelaardij en Assurantiën,Amstelveen,Noord-Holland,1181VD,31,Henk Atsma,henk@atsma.nl,VBO,Goes&Roos,19-09-2017,sep.-2017,Nee,Sales,JP,JP,x,Nee,Nee,Ja nog niet actief,,,,Nee,,,,,
1055,51505,Martin de Regt Makelaars,Beverwijk,Noord-Holland,1941HB,31,Zoë van Dongen,info@martinderegt.nl,VBO,Venum,19-09-2017,sep.-2017,Nee,Sales,JP,JP,✓,Ja compleet,Ja,Ja actief en compleet,Aangemeld,,,Nee,,,,,
1056,48893,Jaap Jaspers Makelaardij,Eext,Drenthe,9463PX,nan,Jaap Jaspers,jaapjaspers@hotmail.com,VBO,Venum,19-09-2017,sep.-2017,Nee,Sales,Philip,Jelle,✓,Ja compleet,Ja,Ja actief en compleet,Aangemeld,,,Nee,,,,,
1057,55560,Noort Makelaars,Haarlem,Noord-Holland,2024AA,170,Olav van den Noort,info@noortmakelaars.nl,VBO,Venum,19-09-2017,sep.-2017,Nee,Sales,JP,JP,✓,Ja compleet,Ja,Ja actief en compleet,Aangemeld,,,Nee,,,,,
1058,49233,Dijk vastgoed Scheemda,Scheemda,Groningen,9679BN,17,Peter,info@dijk-vastgoed.nl,VBO,Venum,19-09-2017,sep.-2017,Nee,Sales,JP,Jelle,✓,Ja compleet,Ja,Ja actief en compleet,Aangemeld,,,Nee,,,,,
1059,53218,Haverkamp Makelaardij,Amsterdam,Noord-Holland,1015JV,15A,Bard Haverkamp,info@haverkampmakelaardij.nl,Onafhankelijk,Venum,19-09-2017,sep.-2017,Nee,Sales,JP,JP,x,Nee,Nee,Ja nog niet actief,,,,Nee,,,,,
1060,56717,STARCK in Vastgoed,Groningen,Groningen,9725AD,28,Patrick R. Niezemuller,patrick@starckinvastgoed.nl,VBO,Venum,19-09-2017,sep.-2017,Nee,Sales,JP,Jelle,IAV,IAV,,,,,,Nee,,,,,13-12 gebeld en kreeg VM. Later weer proberen
1061,56669,Kopinsky Makelaardij,Monnickendam,Noord-Holland,1141VB,nan,Dhr. Kopinsky,rick@kopinskymakelaardij.nl,VBO,Venum,19-09-2017,sep.-2017,Nee,Sales,JP,JP,✓,Ja compleet,Ja,Ja actief en compleet,Aangemeld,,,Nee,,,,,
1062,53472,Thuis Nieuwbouwmakelaars,Groningen,Groningen,9727AK,74,Danni Steenhuizen,info@uw-thuis.nl,VBO,Venum,19-09-2017,sep.-2017,Nee,Sales,JP,Jelle,✓,Ja compleet,Ja,Ja actief en compleet,Aangemeld,,,Nee,,,,,
1063,50078,Makelaardij van der Wier,Opende,Groningen,9865AK,66a,Dhr van der wier,info@makelaardijvanderwier.nl,VBO,Venum,19-09-2017,sep.-2017,Nee,Sales,JP,Jelle,✓,Ja compleet,Ja,Ja actief en compleet,Aangemeld,,,Nee,,,,,
1064,50255,Silderhuis makelaardij,Oldenzaal,Overijssel,7591VK,24,Tim Peters,tim@silderhuismakelaardij.nl,VBO,Venum,19-09-2017,sep.-2017,Nee,Sales,Philip,Jelle,✓,Ja compleet,Ja,Ja actief en compleet,Aangemeld,,,Ja,,,,,
1065,59651,Home Advice,Almere,Flevoland,1324KW,nan,Haris,info@homeadvice.nl,VBO,Venum,19-09-2017,sep.-2017,Nee,Sales,JP,JP,✓,Ja geen aanbod,Nee,Ja nog niet actief,,,,Ja,,,,,
1066,53518,Douwma Makelaardij,Terwolde,Gelderland,7396AA,nan,Mevr Douwma,info@douwma-makelaardij.nl,VBO,Venum,19-09-2017,sep.-2017,Nee,Sales,Philip,Jelle,✓,Ja compleet,Ja,Ja actief en compleet,Aangemeld,,,Nee,,,,,
1067,52337,Uniek Makelaars ,Enter,Overijssel,7468CJ,141-D,Nathalie Kraken,info@uniekmakelaars.nl,VBO,Venum,19-09-2017,sep.-2017,Nee,Sales,Philip,Jelle,✓,Ja compleet,Ja,Ja actief en compleet,Aangemeld,,,Nee,,,,,
1068,52375,Domica Eindhoven,Eindhoven,Noord-Brabant,5611JR,10,Joost,eindhoven@domica.nl,VBO,Venum,19-09-2017,sep.-2017,Nee,Sales,Jelle,Jelle,✓,Ja compleet,Ja,Ja actief en compleet,Aangemeld,,,Nee,,,,,
1069,50250,Vastgoed adviesgroep Makelaars,Haarlem,Noord-Holland,2012HH,26,Mieke Wever-Loomans,haarlem@vastgoedadviesgroep.nl,VBO,Venum,19-09-2017,sep.-2017,Nee,Sales,JP,JP,✓,Ja compleet,Ja,Ja actief en compleet,Aangemeld,,,Nee,,,,,
1070,55928,Makelaar Idee,Winschoten,Groningen,9671AX,54,Erik Schutte,info@makelaaridee.nl,VBO,Venum,19-09-2017,sep.-2017,Nee,Sales,JP,Jelle,✓,Ja compleet,Ja,Ja actief en compleet,Aangemeld,,,Nee,,,,,
1071,57020,@work Makelaardij,Rotterdam,Zuid-Holland,3011AD,nan,Wil Janssen,info@workmakelaardij.nl,VBO,Venum,19-09-2017,sep.-2017,Nee,Sales,JP,JP,✓,Ja gedeeltelijk,Ja,Ja actief en compleet,Aangemeld,,,Nee,,,,,
1072,59639,Roland Sinnige Makelaardij,Haarlem,Noord-Holland,2015CL,263,Ronals Sinnige,info@rolandsinnigemakelaardij.nl,NVM,Realworks,19-09-2017,sep.-2017,Nee,Sales,JP,JP,✓,Ja compleet,Ja,Ja actief en compleet,,,,Ja,Ja JP,06-12-2017,http://www.rolandsinnigemakelaardij.nl/,https://www.pararius.nl/koopwoningen/haarlem,
1073,50996,Thuis in Vastgoed,Amsterdam,Noord-Holland,1019NM,39,Dhr. Balkema,info@thuisinvastgoed.nl,NVM,Realworks,19-09-2017,sep.-2017,Nee,Sales,JP,JP,✓,Ja compleet,Ja,Ja actief en compleet,Aangemeld,,,Nee,,,,,
1074,54638,Stadsmakelaars,Amsterdam,Noord-Holland,1051EE,4 H,Marthe,info@stadsmakelaars.nl,VBO,Realworks,19-09-2017,sep.-2017,Nee,Sales,JP,JP,✓,Ja gedeeltelijk,Ja,Ja actief en compleet,Aangemeld,,,Nee,,,,,
1075,56353,Simon Makelaardij,Almere,Flevoland,1321JE,20,Lucky Simon,info@simonmakelaardij.nl,VBO,Realworks,19-09-2017,sep.-2017,Nee,Sales,JP,JP,✓,Ja compleet,Ja,Ja actief en compleet,Aangemeld,,,Ja,Ja DvD,28-8-2018,https://www.simonmakelaardij.nl/,https://www.pararius.nl/,
1076,57577,IQ Makelaars Groningen,Groningen,Groningen,9718CA,nan,Norbert Wegter,groningen@iqmakelaars.nl,VBO,Realworks,19-09-2017,sep.-2017,Nee,Sales,JP,Jelle,✓,Ja compleet,Ja,Ja actief en compleet,Aangemeld,,,Nee,,,,,
1077,60075,A1 Executive Estate,Amstelveen,Noord-Holland,1185XR,nan,,info@a1ee.nl,Onafhankelijk,Realworks,19-09-2017,sep.-2017,Nee,Sales,JP,JP,✓,Ja compleet,Ja,Ja actief en compleet,Aangemeld,,,Nee,,,,,
1078,49291,At Home Makelaardij,Barendrecht,Zuid-Holland,2993ME,273,Wessel Peters,info@athome-makelaardij.nl,VBO,Venum,20-09-2017,sep.-2017,Nee,Sales,JP,JP,✓,Ja compleet,Ja,Ja actief en compleet,Aangemeld,,,Ja,Ja JP,06-12,https://www.athome-makelaardij.nl/,https://www.pararius.nl/koopwoningen/barendrecht,
1079,48920,Makelaardij Thijssen,Emmeloord,Flevoland,8302CC,nan,Greet,greet@makelaardijthijssen.nl,VBO,Goes&Roos,20-09-2017,sep.-2017,Nee,Sales,JP,JP,✓,Ja compleet,Ja,Ja actief en compleet,Aangemeld,,,Nee,,,,,
1080,50502,Makelaardij Marten Groothof,Lippenhuizen,Friesland,8408CA,16,Marten Groothof,info@martengroothof.nl,VBO,Venum,20-09-2017,sep.-2017,Nee,Sales,JP,Jelle,✓,Ja compleet,Ja,Ja actief en compleet,Aangemeld,,,Nee,,,,,
1081,50821,Aukema Makelaardij (Waterrijk Wonen Friesland),Joure,Friesland,8500AB,91,Aukema,info@waterrijkwonenfriesland.nl,VBO,Venum,20-09-2017,sep.-2017,Nee,Sales,JP,Jelle,✓,Ja compleet,Ja,Ja actief en compleet,Aangemeld,,,Nee,,,,,
1082,57175,Joop Kroes Makelaardij,Dwingeloo,Drenthe,7991CM,34c,Joep Kroos,info@joopkroes.nl,VBO,Venum,20-09-2017,sep.-2017,Nee,Sales,Philip,JP,✓,Ja compleet,Ja,Ja actief en compleet,Aangemeld,,,Nee,,,,,
1083,49367,RVO Makelaardij,Oldenzaal,Overijssel,7571BA,29,Anne,backoffice@rvomakelaardij.nl,VBO,Venum,20-09-2017,sep.-2017,Nee,Sales,Philip,Jelle,✓,Ja compleet,Ja,Ja actief en compleet,Aangemeld,,,Nee,,,,,
1084,50092,Jikke Overdiep Makelaardij,Heerenveen,Friesland,8441BH,nan,Jikke Overdiep,info@jikkeoverdiepmakelaardij.nl,VBO,Venum,20-09-2017,sep.-2017,Nee,Sales,JP,Jelle,✓,Ja compleet,Ja,Ja actief en compleet,Aangemeld,,,Nee,,,,,13-12 is gekoppeld
1085,49365,Reynaert Makelaardij,Zwolle,Overijssel,8043EE,nan,Ronald Sinnige,info@reynaertmakelaardij.nl,VBO,Venum,20-09-2017,sep.-2017,Nee,Sales,Philip,JP,✓,Ja compleet,Ja,Ja actief en compleet,Aangemeld,,,Nee,,,,,
1086,48857,Dijkman Makelaardij,Lemmer,Friesland,8531JE,12,Mevrouw Dijkman,info@dijkmanmakelaardij.nl,VBO,Venum,20-09-2017,sep.-2017,Nee,Sales,JP,Jelle,✓,Ja compleet,Ja,Ja actief en compleet,Aangemeld,,,Nee,,,,,
1087,51678,Jan Doeksen Makelaars,Terschelling Kinum,Friesland,8885HE,11,Jan,info@jandoeksenmakelaars.nl,VBO,Venum,20-09-2017,sep.-2017,Nee,Sales,JP,Jelle,✓,Ja compleet,Nee,Ja nog niet compleet,Aangemeld,,,Nee,,,,,
1088,50075,Yska Makelaardij,Emmeloord,Flevoland,8302BV,26,Dhr Yska,info@yska-makelaardij.nl,VBO,Venum,20-09-2017,sep.-2017,Nee,Sales,JP,JP,✓,Ja compleet,Ja,Ja actief en compleet,Aangemeld,,,Nee,,,,,
1089,56629,FactorNoord Hurdegaryp,Hurdegarijp,Friesland,9254CZ,12,Otto,hurdegaryp@factornoord.nl,VBO,Venum,20-09-2017,sep.-2017,Nee,Sales,JP,Jelle,✓,Ja compleet,Ja,Ja actief en compleet,Aangemeld,,,Nee,,,,,
1090,50368,Mart Bolle Makelaardij,Urk,Flevoland,8321RC,30a,Mart Bolle,martbolle@martbolle.nl,VBO,Venum,20-09-2017,sep.-2017,Nee,Sales,JP,JP,✓,Ja compleet,Ja,Ja actief en compleet,Aangemeld,,,Nee,,,,,
1091,59676,Makelaardij Knijpstra,Drachten,Friesland,9205EM,25,Meine Knijpstra,info@makelaardijknijpstra.nl,VBO,Venum,20-09-2017,sep.-2017,Nee,Sales,JP,Jelle,✓,Ja compleet,Ja,Ja actief en compleet,Aangemeld,,,Nee,,,,,
1092,49515,Makelaardij Wapstra,Steenwijk,Overijssel,8332JW,20,Marcel Wapstra,info@makelaardijwapstra.nl,VBO,Venum,20-09-2017,sep.-2017,Nee,Sales,JP,JP,x,Nee,Nee,Ja nog niet actief,,,,Nee,,,,,
1093,48841,RIKJO Makelaardij,Groesbeek,Gelderland,6562AG,nan,Gertjan Janssen,info@rikjo.nl,VBO,Venum,20-09-2017,sep.-2017,Nee,Sales,Philip,Jelle,✓,Ja compleet,Ja,Ja actief en compleet,Verstuurd,,,Ja,Ja DvD,11-6-2018,https://www.rikjomakelaardij.nl/,https://www.pararius.nl/koopwoningen/,
1094,49012,Makelaarscentrum,Zoetermeer,Zuid-Holland,2718SB,153,,info@makelaarscentrum.nl,VBO,Venum,20-09-2017,sep.-2017,Nee,Sales,JP,JP,✓,Ja geen aanbod,Nee,Ja nog niet compleet,,,,Nee,,,,,
1095,49096,Berg Makelaardij,IJsselmuiden,Overijssel,8271AT,52b,Erik van den Berg,erik@bergmakelaardij.nl,VBO,Realworks,20-09-2017,sep.-2017,Nee,Sales,JP,JP,✓,Ja compleet,Ja,Ja actief en compleet,Aangemeld,,,Ja,,,,,
1096,59291,De Leader Makelaardij,Huizen,Noord-Holland,1274ND,56,Jaco den Hollander,jaco@deleader.nl,VBO,Realworks,20-09-2017,sep.-2017,Nee,Sales,JP,JP,✓,Ja compleet,Ja,Ja actief en compleet,Aangemeld,,,Nee,,,,,
1097,51827,Makelaardij Epping,Beilen,Drenthe,9411MK,28,Willem Epping,info@makelaardijepping.nl,Onafhankelijk,Direct,21-09-2017,sep.-2017,Nee,Sales,Philip,JP,✓,Ja compleet,Ja,Ja actief en compleet,Aangemeld,,,Nee,,,,,
1098,59688,Huysveldt makelaardij Deurne,Deurne,Noord-Brabant,5753AN,16,Joost Verschuure,info@huysveldt.nl,VBO,Goes&Roos,21-09-2017,sep.-2017,Nee,Sales,Jelle,Jelle,x,Nee,Ja,,,,,Nee,,,,,
1099,49465,Huysveldt makelaardij Helmond,Helmond,Noord-Brabant,5709JC,nan,Joost Verschuure,info@huysveldt.nl,VBO,Goes&Roos,21-09-2017,sep.-2017,Nee,Sales,Jelle,Jelle,x,Nee,Ja,,,,,Nee,,,,,
1100,49434,Gervas Makelaardij en Taxaties,Halsteren,Noord-Brabant,4661TX,nan,Gert Jan,info@gervas.nl,VBO,Venum,21-09-2017,sep.-2017,Nee,Sales,Jelle,Jelle,✓,Ja compleet,Ja,Ja nog niet compleet,Aangemeld,,,Nee,,,,,
1101,51697,Koggen Makelaars,Avenhorn,Noord-Holland,1633DR,nan,Mike,info@koggenmakelaars.nl,VBO,Venum,21-09-2017,sep.-2017,Nee,Sales,JP,JP,✓,Ja compleet,Ja,Ja actief en compleet,Aangemeld,,,Nee,,,,,
1102,51851,De Beukelaer Makelaardij,Hoorn (nh),Noord-Holland,1621AA,111,Monique de Beukelaer,info@dbfc.nl,VBO,Venum,21-09-2017,sep.-2017,Nee,Sales,JP,JP,✓,Ja compleet,Ja,Ja actief en compleet,Aangemeld,,,Nee,,,,,
1103,49149,Woonstijl Makelaars,Gorredijk,Friesland,8401DA,22,Margreet Visser,info@woonstijlmakelaars.nl,VBO,Venum,21-09-2017,sep.-2017,Nee,Sales,JP,Jelle,✓,Ja compleet,Ja,Ja actief en compleet,Aangemeld,,,Nee,,,,,
1104,48885,Zonneveld Makelaars,Heemskerk,Noord-Holland,1967DA,1000-1,Miranda Zonneveld,info@zonneveldmakelaars.nl,VBO,Venum,21-09-2017,sep.-2017,Nee,Sales,JP,JP,✓,Ja compleet,Ja,Ja actief en compleet,Aangemeld,,,Nee,,,,,
1105,50087,27 Huis Real Estate,Amsterdam,Noord-Holland,1015SJ,27 HS,Charles,info@27huis.nl,VBO,Venum,21-09-2017,sep.-2017,Nee,Sales,JP,JP,✓,Ja compleet,Ja,Ja actief en compleet,Aangemeld,,,Nee,,,,,
1106,49023,Duyndam Wonen,Klazienaveen,Drenthe,7891AH,147f,Rene Duyndam,info@duyndamwonen.nl,VBO,Venum,21-09-2017,sep.-2017,Nee,Sales,Philip,JP,✓,Ja compleet,Ja,Ja actief en compleet,Aangemeld,,,Nee,,,,,
1107,49734,C&N Group,Amsterdam,Noord-Holland,1075VK,48 III,,info@cn-group.nl,VBO,Venum,21-09-2017,sep.-2017,Nee,Sales,JP,JP,✓,Ja compleet,Ja,Ja actief en compleet,Aangemeld,,,Nee,,,,,
1108,52648,Noordstad Makelaardij van Twillert,Den Helder,Noord-Holland,1784MC,8b,Chris Vroon,info@makelaardijvantwillert.nl,VBO,Realworks,21-09-2017,sep.-2017,Nee,Sales,JP,JP,✓,Ja compleet,Ja,Ja actief en compleet,Aangemeld,,,Nee,,,,,
1109,59689,Bel de makelaar,Haarlem,Noord-Holland,2013RG,nan,W.A. Schreuders,info@beldemakelaar.nl,Onafhankelijk,Realworks,21-09-2017,sep.-2017,Nee,Mailing,JP,JP,✓,Ja gedeeltelijk,Ja,Ja actief en compleet,Aangemeld,,,Nee,,,,,
1110,48986,Unicus Makelaardij,Oldemarkt,Overijssel,8375AC,nan,Hans Mertens,info@unicusmakelaardij.nl,VBO,Venum,22-09-2017,sep.-2017,Nee,Sales,JP,JP,✓,Ja compleet,Ja,Ja actief en compleet,Aangemeld,,,Nee,,,,,
1111,59711,H4OMakelaardij,Joure,Friesland,8501BW,48,Henk,info@h4omakelaardij.nl,VBO,Venum,22-09-2017,sep.-2017,Nee,Sales,JP,JP,✓,Ja compleet,Ja,Ja actief en compleet,Aangemeld,,,Nee,,,,,
1112,50697,Van Stenwic Makelaardij en Taxaties,Steenwijk,Overijssel,8332JZ,2a,Harold Timmerman,info@vanstenwic.nl,VBO,Venum,22-09-2017,sep.-2017,Nee,Sales,JP,JP,✓,Ja compleet,Ja,Ja actief en compleet,Aangemeld,,,Ja,,,,,
1113,56023,Vrije Makelaars,Rotterdam,Zuid-Holland,3047AC,46,Aad Uleman,verkoop@vrijemakelaars.nl,VBO,Venum,22-09-2017,sep.-2017,Nee,Sales,JP,JP,✓,Ja geen aanbod,Ja,Ja actief en compleet,,,,Nee,,,,,
1114,49401,Balm Makelaardij,Lelystad,Flevoland,8242KB,24-18,Dennis Balm,info@balmmakelaardij.nl,Onafhankelijk,Direct,25-09-2017,sep.-2017,Nee,Sales,JP,JP,x,Nee,Nee,Ja nog niet actief,,,,Nee,,,,,
1115,49545,De Jong Makelaardij Voorburg,Voorburg,Zuid-Holland,2273BM,148,Eric de Jong,voorburg@dejongmakelaardij.nl,VBO,Venum,25-09-2017,sep.-2017,Nee,Sales,JP,JP,✓,Ja compleet,Ja,Ja actief en compleet,Aangemeld,,,Nee,,,,,
1116,49778,De Jong Makelaardij Den Haag,Den Haag,Zuid-Holland,2523CL,504,Cees de Jonge,info@dejongmakelaardij.nl,VBO,Venum,25-09-2017,sep.-2017,Nee,Sales,JP,JP,✓,Ja compleet,Ja,Ja actief en compleet,Aangemeld,,,Nee,,,,,
1117,50406,Van Lierop Adviesgroep,Breezand,Noord-Holland,1764GK,55,Irene Langelaan,makelaardij@vanlieropadviesgroep.nl,VBO,Realworks,25-09-2017,sep.-2017,Nee,Sales,JP,JP,✓,Ja compleet,Ja,Ja actief en compleet,Aangemeld,,,Nee,,,,,
1118,49413,Steneker & van Westen Vastgoed,Hoogkarspel,Noord-Holland,1616AN,204,Berlinda,info@stenekervanwestenvastgoed.nl,VBO,Realworks,26-09-2017,sep.-2017,Nee,Sales,JP,JP,✓,Ja compleet,Ja,Ja actief en compleet,Aangemeld,,,Nee,,,,,
1119,55681,Groenhout Makelaardij Assen,Assen,Drenthe,9401GT,11 a,Pieter van Meurs,info@groenhoutmakelaardij.nl,NVM,Realworks,26-09-2017,sep.-2017,Nee,Sales,Philip,JP,✓,Ja compleet,Ja,Ja actief en compleet,Verstuurd,,,Nee,,,,,
1120,59910,Groenhout Makelaardij Hoogeveen,Hoogeveen,Drenthe,7907CE,191-1,Pieter van Meurs,hoogeveen@groenhoutmakelaardij.nl,NVM,Realworks,26-09-2017,sep.-2017,Nee,Sales,Philip,JP,✓,Ja compleet,Nee,Ja nog niet compleet,Verstuurd,,,Nee,,,,,
1121,59909,Groenhout Makelaardij Zuidlaren,Zuidlaren,Drenthe,9471GR,2a,Dennis van der Veen,zuidlaren@groenhoutmakelaardij.nl,NVM,Realworks,26-09-2017,sep.-2017,Nee,Sales,Philip,JP,✓,Ja compleet,Ja,Ja actief en compleet,Verstuurd,,,Nee,,,,,
1122,54849,Go! Makelaars Ommen,Ommen,Overijssel,7731DB,32,Roland Jansen,info@weeninkjansen.nl,NVM,Realworks,26-09-2017,sep.-2017,Nee,Sales,Philip,JP,✓,Ja compleet,Ja,Ja actief en compleet,Aangemeld,,,Ja,Ja DvD,21-1-2019,http://www.weeninkjansen.nl/,https://www.pararius.nl/,
1123,52249,Makelaardij RoestStaalduinen & Vijverberg Westland Makelaars,Maasland,Zuid-Holland,3155DL,nan,Jolanda,info@vijverberg.nl,Onafhankelijk,Realworks,27-09-2017,sep.-2017,Nee,Sales,JP,JP,✓,Ja compleet,Ja,Ja actief en compleet,Aangemeld,,,Nee,,,,,
1124,50027,Alkemade Makelaardij,Roelofarendsveen,Zuid-Holland,2371DA,16,Anges,info@alkemademakelaardij.nl,VBO,Venum,2-10-2017,okt.-2017,Nee,Sales,JP,JP,✓,Ja compleet,Ja,Ja actief en compleet,Aangemeld,,,Ja,Ja DvD,6-4-18,https://www.alkemademakelaardij.nl/,https://www.pararius.nl/makelaars/roelofarendsveen/alkemade-makelaardij-roelofarendsveen,
1125,54893,WVO Makelaars Zeist,Zeist,Utrecht,3701AZ,2,Anne Broekema,info@wvo.nl,NVM,Realworks,2-10-2017,okt.-2017,Nee,Sales,Jelle,Jelle,✓,Ja compleet,Ja,Ja actief en compleet,Aangemeld,,,Ja,Ja JH,5-12-2017,http://www.wvo.nl/,https://www.pararius.nl/,
1126,54894,WVO Makelaars Utrecht,Utrecht,Utrecht,3583CP,30,Anne Broekema,utrecht@wvo.nl,NVM,Realworks,2-10-2017,okt.-2017,Nee,Sales,Jelle,Jelle,✓,Ja compleet,Ja,Ja actief en compleet,Aangemeld,,,Ja,,,,,
1127,59876,Sjiek Hoes Makelaardij,Geleen,Limburg,6166CC,104,Maud Hermans,info@sjiekhoes.nl,Onafhankelijk,MediaZo!,3-10-2017,okt.-2017,Nee,Sales,Jelle,Jelle,✓,Ja compleet,Ja,Ja actief en compleet,Aangemeld,,,Ja,Ja JH,6-12-2017,https://www.sjiekhoes.nl/,https://www.pararius.nl/koopwoningen/,"Net begonnen, over paar weken controleren of aanbod volledig doorkomt 5/10"
1128,56738,geWOON Makelaardij,Geulle,Limburg,6243BJ,26,Andrea Smeets,info@gewoonmakelaardij.nl,Onafhankelijk,Direct,3-10-2017,okt.-2017,Nee,Sales,Jelle,Jelle,✓,Ja compleet,Ja,Ja actief en compleet,Aangemeld,,,Nee,,,,,
1129,52757,Doen NVM Makelaars ,Den Haag,Zuid-Holland,2583CM,60,Paul Rats,paul@doenmakelaars.com,NVM,Goes&Roos,3-10-2017,okt.-2017,Nee,Sales,JP,JP,✓,Ja compleet,Ja,Ja actief en compleet,Aangemeld,,,Nee,Ja DvD,29-11-2018,https://www.doenmakelaars.com/,https://www.pararius.nl/,
1130,55589,Doen NVM Makelaars Voorburg,Voorburg,Zuid-Holland,2275EA,nan,Paul Rats,paul@doenmakelaars.com,NVM,Goes&Roos,3-10-2017,okt.-2017,Nee,Sales,JP,JP,✓,Ja compleet,Ja,Ja actief en compleet,Aangemeld,,,Nee,,,,,
1131,59775,Internetmakelaars Goirle,Goirle,Noord-Brabant,5051AH,16,,goirle@internetmakelaars.nl,NVM,Goes&Roos,3-10-2017,okt.-2017,Nee,Sales,Jelle,Jelle,✓,Ja compleet,Ja,Ja actief en compleet,Aangemeld,,,Nee,,,,,
1132,59897,Internetmakelaars Tilburg,Tilburg,Noord-Brabant,5017HS,108,,tilburg@internetmakelaars.nl,NVM,Goes&Roos,3-10-2017,okt.-2017,Nee,Sales,Jelle,Jelle,✓,Ja geen aanbod,Nee,Ja nog niet compleet,,,,Nee,,,,,
1133,57431,Jansen Makelaardij,Losser,Overijssel,7581GC,16,Harry van der Vegt,info@jansenmakelaardij.nl,VBO,Goes&Roos,3-10-2017,okt.-2017,Nee,Sales,Philip,Jelle,✓,Ja compleet,Nee,Ja nog niet compleet,Aangemeld,,,Nee,,,,,
1134,49653,Makelaardij de Weide Brink,Dwingeloo,Drenthe,7991CJ,46,,info@weidebrink.nl,VBO,Venum,3-10-2017,okt.-2017,Nee,Sales,Philip,JP,✓,Ja compleet,Ja,Ja actief en compleet,Aangemeld,,,Ja,,,,,
1135,51695,WT Wonen,Lelystad,Flevoland,8243RB,1c,Ramon Klaasen,info@wtwonen.nl,VBO,Venum,3-10-2017,okt.-2017,Nee,Sales,JP,JP,✓,Ja compleet,Ja,Ja actief en compleet,Aangemeld,,,Nee,,,,,
1136,51966,Manche Vastoed,Kampen,Overijssel,8265HB,44,Eric ,info@manchevastgoed.nl,VBO,Venum,3-10-2017,okt.-2017,Nee,Sales,JP,JP,✓,Ja compleet,Ja,Ja actief en compleet,Aangemeld,,,Nee,,,,,
1137,56636,Bergmans makelaardij en taxaties,Elst (UT),Utrecht,6662HA,18,Kim Bergmans,info@bergmanstaxaties.nl,VBO,Venum,3-10-2017,okt.-2017,Nee,Sales,Jelle,Jelle,x,Nee,Nee,Ja nog niet actief,,,,Nee,,,,,"13-12 Kim weer even gesproken, ze zat in de auto en wil dat ik haar even bel op een woensdagmiddag dan zit ze op kantoor. Kunnen we samen even activeren."
1138,49239,Wieb Zandberg Makelaardij,Akkrum,Friesland,8491CL,24,Wieb Zandberg,info@wiebzandberg.nl,VBO,Venum,3-10-2017,okt.-2017,Nee,Sales,JP,Jelle,✓,Ja compleet,Ja,Ja actief en compleet,Aangemeld,,,Ja,,,,,
1139,49175,Makelaardij Bijstra,Tjerkgaast,Friesland,8522MZ,67,Dhr Bijstra,info@bijstra.nl,VBO,Venum,3-10-2017,okt.-2017,Nee,Sales,JP,Jelle,x,Nee,Nee,Ja nog niet actief,,,,Nee,,,,,"14-12 Dhr Bijstra: ""Wij zijn er druk en dit heeft onze prioriteit niet! Mochten wij er klaar voor zijn gaan wij het in orde maken anders niet"
1140,56675,Makelaardij Ytsma,Jubbega,Friesland,8411WE,76,Pieter Ytsma,info@makelaardij-ytsma.nl,VBO,Venum,3-10-2017,okt.-2017,Nee,Sales,JP,Jelle,x,Nee,Nee,Ja nog niet actief,,,,Nee,,,,,"13-12twee keer gebeld, twee keer gg. Belde terug maar veel te druk wil wel koppelen, alleen komt later zegt hij pff"
1141,60082,Direct Makelaar,Poeldijk,Zuid-Holland,2681DG,52,Mireille,info@directrenting.nl,VBO,Venum,3-10-2017,okt.-2017,Nee,Sales,JP,JP,x,Nee,Nee,Ja nog niet actief,,,,Nee,,,,,
1142,56294,Van Dalen Makelaardij,Sneek,Friesland,8601ZB,nan,Aaldrik van Dalen,info@vandalenmakelaardij.nl,VBO,Venum,3-10-2017,okt.-2017,Nee,Sales,JP,Jelle,x,Nee,Nee,Ja nog niet actief,,,,Nee,,,,,"13-12 Aaldrik gesproken, zegt dat hij het al wel gekoppeld had, misschien iets niet goed gegaan.Reminder mailen, want er passeert zo een akte bij de notaris en dan gaat hij het controleren op kantoor. Wil wel koppelen!"
1143,49738,Agricola Makelaardij,Bolsward,Friesland,8701KM,13,Chris,info@agricola.nl,VBO,Venum,3-10-2017,okt.-2017,Nee,Sales,JP,Jelle,✓,Ja compleet,Nee,Ja actief en compleet,Aangemeld,,,Nee,,,,,13-12 Chris gebeld en trbl verzoek en gemaild
1144,56431,Vandevijver Makelaardij,Rotterdam,Zuid-Holland,3039XD,18c,Joe,info@vandevijvermakelaardij.nl,VBO,Realworks,3-10-2017,okt.-2017,Nee,Sales,JP,JP,✓,Ja compleet,Ja,Ja actief en compleet,Verstuurd,,,Nee,,,,,
1145,49864,De Bruin VBO Makelaar,Zwaagwesteinde,Friesland,9271CC,63,Aukje,info@de-bruin-vastgoed.nl,VBO,Venum,4-10-2017,okt.-2017,Nee,Sales,JP,Jelle,✓,Ja compleet,Ja,Ja actief en compleet,Aangemeld,,,Ja,Ja DvD,11-4-2018,http://www.de-bruin-vastgoed.nl/,https://www.pararius.nl/,
1146,50780,Stoit Groep ,Eindhoven,Noord-Brabant,5611CA,23,Edwin,asn@stoit.nl,Onafhankelijk,Direct,4-10-2017,okt.-2017,Nee,Sales,Jelle,Jelle,x,Nee,Nee,Ja nog niet actief,,,,Nee,,,,,13-12 JP mee bezig
1147,59541,Vervoort Vastgoed,Maastricht,Limburg,6214PB,19,,info@vervoortvastgoed.nl,VastgoedPRo,Skarabee,4-10-2017,okt.-2017,Nee,Koppeling,Jelle,Jelle,✓,Ja compleet,Ja,Ja actief en compleet,Aangemeld,,,Nee,,,,,
1148,50883,Kaspers Schingenga,Leeuwarden,Friesland,8914AT,52,Harry Kaspers,harry@kaspers-schingenga.nl,VBO,Venum,4-10-2017,okt.-2017,Nee,Sales,JP,Jelle,✓,Ja compleet,Nee,Ja nog niet actief,Aangemeld,,,Nee,,,,,13-12 is compleet
1149,56015,Makelaardij Op Maat,Sint Annaparochie,Friesland,9076EB,14,Pieter Boskma,info@makelaardijopmaat.nl,VBO,Venum,4-10-2017,okt.-2017,Nee,Sales,JP,Jelle,✓,Ja compleet,Ja,Ja actief en compleet,Aangemeld,,,Nee,,,,,
1150,50626,Fokke Makelaardij,Ommen,Overijssel,7731CN,nan,Ad Fokke,info@fokkemakelaardij.nl,VBO,Venum,4-10-2017,okt.-2017,Nee,Sales,Philip,Jelle,✓,Ja compleet,Ja,Ja actief en compleet,Aangemeld,,,Nee,,,,,
1151,59562,De Makelaarsveste,Kampen,Overijssel,8266KH,18,Christy,info@makelaarsveste.nl,VBO,Venum,4-10-2017,okt.-2017,Nee,Sales,JP,JP,✓,Ja compleet,Ja,Ja actief en compleet,Aangemeld,,,Nee,,,,,
1152,59139,De Gratis Makelaar,Rotterdam,Zuid-Holland,3071LL,nan,Mark Glas,info@degratismakelaar.nl,VBO,Venum,4-10-2017,okt.-2017,Nee,Sales,JP,JP,✓,Ja compleet,Ja,Ja actief en compleet,Aangemeld,,,Nee,,,,,
1153,55508,Mooijekind Vleut Amsterdam,Amsterdam,Noord-Holland,1075PD,10,Patricia Meijer,amsterdam@mooijekindvleut.nl,NVM,Realworks,4-10-2017,okt.-2017,Nee,Sales,JP,JP,✓,Ja compleet,Ja,Ja nog niet compleet,Aangemeld,,,Nee,,,,,
1154,49064,Zuidstad Makelaars,Rotterdam,Zuid-Holland,3083LR,639,Arco Kok,arcokok@zuidstad.nl,VBO,Realworks,4-10-2017,okt.-2017,Nee,Sales,JP,JP,✓,Ja compleet,Ja,Ja actief en compleet,Aangemeld,,,Nee,,,,,
1155,49877,WitteWoning Makelaars Arnhem,Arnhem,Gelderland,6812AR,310,Victor,arnhem@wittewoningmakelaars.nl,Onafhankelijk,Pararius Office,5-10-2017,okt.-2017,Nee,Sales,Philip,Jelle,✓,Ja compleet,Nee,Ja actief en compleet,Aangemeld,,,Nee,,,,,
1156,50012,Mariska Franken Vastgoed,Breda,Noord-Brabant,4813XG,392,Mariska Franken,mariska@mfvastgoed.nl,VBO,Venum,5-10-2017,okt.-2017,Nee,Sales,Jelle,Jelle,✓,Ja compleet,Ja,Ja actief en compleet,Aangemeld,,,Nee,,,,,
1157,50896,Samen-Wonen Vastgoed,Eindhoven,Noord-Brabant,5615CG,28,Kitty de Groot,info@samenwonenvastgoed.nl,VBO,Venum,5-10-2017,okt.-2017,Nee,Sales,Jelle,Jelle,✓,Ja gedeeltelijk,Ja,Ja actief en compleet,Aangemeld,,,Nee,,,,,
1158,59933,HouseHunting Krimpenerwaard/Capelle,Krimpen aan de Ijssel,Zuid-Holland,2923AH,nan,Henny Pollemans,hpollemans@househunting.nl,VBO,Venum,5-10-2017,okt.-2017,Nee,Sales,#N/A,JP,✓,Ja compleet,Ja,Ja actief en compleet,Aangemeld,,,Nee,,,,,
1159,52591,HouseHunting Utrecht ,Zeist,Utrecht,3701AX,119,Anna,utrecht@househunting.nl,VBO,Venum,5-10-2017,okt.-2017,Nee,Sales,Jelle,Jelle,✓,Ja geen aanbod,Nee,Ja nog niet compleet,,,,Nee,,,,,
1160,50014,BVA Makelaardij,Rotterdam,Zuid-Holland,3037PR,134-B,Jordy Bens,info@bvamakelaardij.nl,VBO,Venum,6-10-2017,okt.-2017,Nee,Sales,JP,JP,✓,Ja compleet,Ja,Ja actief en compleet,Aangemeld,,,Ja,Ja JP,08-12-2017,https://www.bvamakelaardij.nl/,https://www.pararius.nl/koopwoningen/rotterdam,
1161,50171,Jan Wolters Makelaardij,Nieuwegein,Utrecht,3437JE,nan,Joep Wolters,info@janwoltersmakelaardij.nl,VBO,Venum,6-10-2017,okt.-2017,Nee,Sales,JP,JP,✓,Ja compleet,Ja,Ja actief en compleet,Aangemeld,,,Nee,,,,,
1162,50721,Peeters & Vermeulen Makelaars Taxateurs,Maassluis,Zuid-Holland,3144EK,nan,Marco Vermeulen,marco@edwardpeeters.nl,VBO,Venum,6-10-2017,okt.-2017,Nee,Sales,JP,JP,✓,Ja compleet,Ja,Ja actief en compleet,Aangemeld,,,Ja,Ja DvD,20-4-2018,https://www.pvmakelaars.nl/,https://www.pararius.nl/koopwoningen/,
1163,53154,Haaxman Makelaars,Arnhem,Gelderland,6811AN,nan,Mathijs Kromhout,info@haaxman.nl,VBO,Realworks,6-10-2017,okt.-2017,Nee,Sales,Philip,Jelle,✓,Ja compleet,Ja,Ja actief en compleet,Aangemeld,,,Nee,,,,,
1164,52822,Wobeco,Den Haag,Zuid-Holland,2587HT,26 A,Jorien van Weezel,info@wobeco.com,NVM,Pararius Office,9-10-2017,okt.-2017,Nee,Sales,JP,JP,✓,Ja compleet,Nee,Ja nog niet compleet,Aangemeld,,,Nee,,,,,
1165,49460,Harm Stuut Makelaardij,Heiligerlee,Groningen,9677RH,2 B,Harm Stuut,harm@stuutmakelaardij.nl,VBO,Venum,9-10-2017,okt.-2017,Nee,Sales,JP,Jelle,✓,Ja compleet,Ja,Ja actief en compleet,Aangemeld,,,Nee,,,,,
1166,51730,JBs Wonen bv,Beverwijk,Noord-Holland,1944PP,nan,Jan Baars,info@jbswonen.nl,VBO,Venum,9-10-2017,okt.-2017,Nee,Sales,JP,JP,✓,Ja compleet,Nee,Ja actief en compleet,Aangemeld,,,Ja,,,,,
1167,50026,Limbourg Huis en Hypotheek,Vaals,Limburg,6291AC,22,Ruben Bleijlevens,info@limbourgwonen.nl,Onafhankelijk,Realworks,9-10-2017,okt.-2017,Nee,Koppeling,Jelle,Jelle,✓,Ja compleet,Ja,Ja actief en compleet,Aangemeld,,,Nee,,,,,
1168,49397,Gjaltema Assurantiën en Makelaardij B.V.,Dalfsen,Overijssel,7721CD,17,Martine Gjaltema,makelaardij@gjaltema.net,VBO,Realworks,9-10-2017,okt.-2017,Nee,Sales,Philip,Jelle,✓,Ja compleet,Ja,Ja actief en compleet,Aangemeld,,,Nee,,,,,
1169,50469,Renders Makelaars,Meerssen,Limburg,6231SB,78,Maurice Renders,info@rendersmakelaars.nl,VBO,Venum,10-10-2017,okt.-2017,Nee,Sales,Jelle,Jelle,✓,Ja compleet,Ja,Ja actief en compleet,Aangemeld,,,Ja,Ja DvD,22-2-2018,https://www.rendersmakelaars.nl/8-621a/website-links/welke-websites-zijn-interresant-voor-mij-over-de-woningmarkt,https://www.pararius.nl/koopwoningen/,"14-12 gebeld en moet hem om 1500 uur terugbellen afgesproken / 14-12 Maurice gesproken, krijgt in januari twee nieuwe collega's op kantoor. Dan gaan we koppelen zegt hij, hij heeft het nu veel te druk met alles. Die dames gaan dit soort dingen oppakken. Januaro bellen afgesproken"
1170,60045,Bart uw Makelaar,Tilburg,Noord-Brabant,5041SB,12,Bart,info@bartuwmakelaar.nl,VBO,Venum,10-10-2017,okt.-2017,Nee,Sales,Jelle,Jelle,✓,Ja compleet,Ja,Ja actief en compleet,Aangemeld,,,Ja,Ja JH,1-12-2017,https://www.bartuwmakelaar.nl/,https://www.pararius.nl/koopwoningen/tilburg,
1171,49317,Karin van der Willigen Makelaardij,Maarssen,Utrecht,3601TH,54,Karin van der Willigen,info@kvdwmakelaardij.nl,VBO,Goes&Roos,10-10-2017,okt.-2017,Nee,Sales,JP,JP,✓,Ja compleet,Ja,Ja actief en compleet,Aangemeld,,,Ja,Ja DvD,16-8-2018,http://www.kvdwmakelaardij.nl/,https://www.pararius.nl/makelaars/maarssen/karin-van-der-willigen-makelaardij,
1172,49266,A9 ERA Makelaars,Haarlem,Noord-Holland,2036RS,76,,haarlem@a9makelaars.nl,NVM,Direct,11-10-2017,okt.-2017,Nee,Sales,JP,Noel,✓,Ja compleet,Ja,Ja actief en compleet,Verstuurd,,,Nee,,,,,
1173,48937,Aarendonk ERA Makelaardij,IJsselstein (ut),Utrecht,3401BS,nan,,info@aarendonk.nl,NVM,Direct,11-10-2017,okt.-2017,Nee,Sales,JP,Noel,✓,Ja compleet,Ja,Ja actief en compleet,Verstuurd,,,Nee,,,,,
1174,49478,Admiraal ERA Makelaardij,Amstelveen,Noord-Holland,1186JW,nan,,info@admiraal.nl,NVM,Direct,11-10-2017,okt.-2017,Nee,Sales,JP,Noel,✓,Ja compleet,Ja,Ja actief en compleet,Verstuurd,,,Nee,,,,,
1175,49041,Aspekt ERA Makelaars Nieuwegein,Nieuwegein,Utrecht,3437TJ,nan,,info@aspektmakelaars.nl,NVM,Direct,11-10-2017,okt.-2017,Nee,Sales,JP,Noel,✓,Ja compleet,Ja,Ja actief en compleet,Verstuurd,,,Nee,,,,,
1176,49742,Aspekt ERA Makelaars Utrecht,Utrecht,Utrecht,3572GZ,122,,utrecht@aspektmakelaars.nl,NVM,Direct,11-10-2017,okt.-2017,Nee,Sales,Jelle,Noel,✓,Ja compleet,Ja,Ja actief en compleet,Verstuurd,,,Nee,,,,,
1177,49739,Berg ERA Makelaars,Sassenheim,Zuid-Holland,2171AS,89,,info@bollenstreekmakelaars.nl,NVM,Direct,11-10-2017,okt.-2017,Nee,Sales,JP,Noel,✓,Ja compleet,Ja,Ja actief en compleet,Verstuurd,,,Nee,,,,,
1178,49757,Bert Leistra ERA Makelaardij,Hasselt,Overijssel,8061CB,nan,,info@bertleistra.nl,NVM,Direct,11-10-2017,okt.-2017,Nee,Sales,Philip,Noel,✓,Ja compleet,Ja,Ja actief en compleet,Verstuurd,,,Nee,,,,,
1179,49536,Dupont ERA Makelaars,Schiedam,Zuid-Holland,3112AS,437,,info@dupont.nl,NVM,Direct,11-10-2017,okt.-2017,Nee,Sales,JP,Noel,✓,Ja compleet,Ja,Ja actief en compleet,Verstuurd,,,Nee,,,,,
1180,60096,ERA Evim Makelaars Selman Sen,Amsterdam,Noord-Holland,1032LE,1-G,,info@evimmakelaars.nl	,NVM,Direct,11-10-2017,okt.-2017,Nee,Sales,JP,Noel,✓,Ja compleet,Ja,Ja actief en compleet,Verstuurd,,,Nee,,,,,
1181,61819,ERA Focus makelaars Breda,Bavel,Noord-Brabant,4854MB,nan,,breda@erafocus.nl,NVM,Direct,11-10-2017,okt.-2017,Nee,Sales,Jelle,Noel,✓,Ja compleet,Ja,Ja actief en compleet,Verstuurd,,,Nee,,,,,
1182,60286,ERA Focus makelaars Eindhoven,Eindhoven,Noord-Brabant,5653MA,nan,,eindhoven@erafocus.nl,NVM,Direct,11-10-2017,okt.-2017,Nee,Sales,Jelle,Noel,✓,Ja compleet,Ja,Ja actief en compleet,Verstuurd,,,Nee,,,,,
1183,60282,ERA Focus makelaars Helmond,Helmond,Noord-Brabant,5707LA,21 a,,helmond@erafocus.nl,NVM,Direct,11-10-2017,okt.-2017,Nee,Sales,Jelle,Noel,✓,Ja compleet,Ja,Ja actief en compleet,Verstuurd,,,Nee,,,,,
1184,55825,ERA Hoofddorp,Hoofddorp,Noord-Holland,2132DA,29,,info@erahoofddorp.nl,NVM,Direct,11-10-2017,okt.-2017,Nee,Sales,JP,Noel,✓,Ja compleet,Ja,Ja actief en compleet,Verstuurd,,,Nee,,,,,
1185,49841,ERA Makelaardij 't Gooi,Hilversum,Noord-Holland,1217PZ,nan,,info@eramakelaardijgooi.nl,NVM,Direct,11-10-2017,okt.-2017,Nee,Sales,JP,Noel,✓,Ja compleet,Ja,Ja actief en compleet,Verstuurd,,,Nee,,,,,
1186,60265,ERA Makelaardij Amerstreek,Raamsdonksveer,Noord-Brabant,4941GH,nan,,info@eramakelaardijamerstreek.nl,NVM,Direct,11-10-2017,okt.-2017,Nee,Sales,Jelle,Noel,✓,Ja compleet,Ja,Ja actief en compleet,Verstuurd,,,Nee,,,,,
1187,49226,ERA Makelaardij Ed Willems,Best,Noord-Brabant,5683KC,34,,info@edwillems.nl,NVM,Direct,11-10-2017,okt.-2017,Nee,Sales,Jelle,Noel,✓,Ja compleet,Ja,Ja actief en compleet,Verstuurd,,,Nee,,,,,
1188,49562,ERA Makelaardij EXTRA,De Bilt,Utrecht,3732HC,13,,info@coljee.nl,NVM,Direct,11-10-2017,okt.-2017,Nee,Sales,Jelle,Noel,✓,Ja compleet,Ja,Ja actief en compleet,Verstuurd,,,Nee,,,,,
1189,61820,ERA Makelaardij EXTRA Ralph van Vulpen,Zeist,Utrecht,3707XN,6 A,,wonen@ralphvanvulpen.nl,NVM,Direct,11-10-2017,okt.-2017,Nee,Sales,Jelle,Noel,✓,Ja compleet,Ja,Ja actief en compleet,Verstuurd,,,Nee,,,,,
1190,49237,ERA Makelaardij Het Raadhuis,Beilen,Drenthe,9411PJ,11a,,info@makelaardijhetraadhuis.nl,NVM,Direct,11-10-2017,okt.-2017,Nee,Sales,Philip,Noel,✓,Ja compleet,Ja,Ja actief en compleet,Verstuurd,,,Nee,,,,,
1191,50254,ERA makelaardij Schagen,Schagen,Noord-Holland,1741BR,1C,,eramakelaardijschagen@era.nl,NVM,Direct,11-10-2017,okt.-2017,Nee,Sales,JP,Noel,✓,Ja compleet,Ja,Ja actief en compleet,Verstuurd,,,Nee,,,,,
1192,53700,ERA makelaars Oosterhout,Oosterhout,Noord-Brabant,4904XN,14,Roel Donders,info@eraoosterhout.nl,NVM,Direct,11-10-2017,okt.-2017,Nee,Sales,#REF!,Noel,✓,Ja compleet,Ja,Ja actief en compleet,Verstuurd,,,Nee,,,,,
1193,49062,ERA Ritter Makelaardij,Maarssen,Utrecht,3601BG,14,,ritter@era.nl,NVM,Direct,11-10-2017,okt.-2017,Nee,Sales,JP,Noel,✓,Ja compleet,Ja,Ja actief en compleet,Verstuurd,,,Nee,,,,,
1194,49085,ERA Van De Steege A'dam Noord,Amsterdam,Noord-Holland,1025WP,406-408,,amsterdam-noord@vandesteege.nl,NVM,Direct,11-10-2017,okt.-2017,Nee,Sales,JP,Noel,✓,Ja compleet,Ja,Ja actief en compleet,Verstuurd,,,Nee,,,,,
1195,49888,ERA Van De Steege A'dam West,Amsterdam,Noord-Holland,1068EV,405,,amsterdam-west@vandesteege.nl,NVM,Direct,11-10-2017,okt.-2017,Nee,Sales,JP,Noel,✓,Ja compleet,Ja,Ja actief en compleet,Verstuurd,,,Nee,,,,,
1196,56638,ERA Van De Steege Almere,Almere,Flevoland,1363BM,941,,almere@vandesteege.nl,NVM,Direct,11-10-2017,okt.-2017,Nee,Sales,JP,Noel,✓,Ja compleet,Ja,Ja actief en compleet,Verstuurd,,,Nee,,,,,
1197,60284,ERA Van De Steege Amsterdam-Centrum,Amsterdam,Noord-Holland,1073EE,140,,amsterdam-centrum@vandesteege.nl,NVM,Direct,11-10-2017,okt.-2017,Nee,Sales,Jelle,Noel,✓,Ja compleet,Ja,Ja actief en compleet,Verstuurd,,,Nee,,,,,
1198,48887,ERA Van De Steege Diemen,Diemen,Noord-Holland,1111BG,32,,diemen@vandesteege.nl,NVM,Direct,11-10-2017,okt.-2017,Nee,Sales,JP,Noel,✓,Ja compleet,Ja,Ja actief en compleet,Verstuurd,,,Nee,,,,,
1199,60203,ERA Van De Steege Zaanstad,Krommenie,Noord-Holland,1561AM,26,,zaanstad@vandesteege.nl,NVM,Direct,11-10-2017,okt.-2017,Nee,Sales,JP,Noel,✓,Ja compleet,Ja,Ja actief en compleet,Verstuurd,,,Nee,,,,,
1200,60262,ERA Van den Hoven Makelaardij,Berkel Enschot,Noord-Brabant,5056BW,nan,,makelaardij@vandenhoven.nl,NVM,Direct,11-10-2017,okt.-2017,Nee,Sales,Jelle,Noel,✓,Ja compleet,Ja,Ja actief en compleet,Verstuurd,,,Nee,,,,,
1201,55983,ERA vb&t Makelaars Eindhoven,Eindhoven,Noord-Brabant,5611CZ,180,,eindhoven@eravbtmakelaars.nl,NVM,Direct,11-10-2017,okt.-2017,Nee,Sales,Jelle,Noel,✓,Ja compleet,Ja,Ja actief en compleet,Verstuurd,,,Nee,,,,,
1202,60283,ERA vb&t Makelaars 's-Hertogenbosch,Den Bosch,Noord-Brabant,5216BW,180,,denbosch@eravbtmakelaars.nl,NVM,Direct,11-10-2017,okt.-2017,Nee,Sales,Jelle,Noel,✓,Ja compleet,Ja,Ja actief en compleet,Verstuurd,,,Nee,,,,,
1203,60192,ERA vb&t Makelaars Breda,Breda,Noord-Brabant,4811CA,1,,info@eravbtmakelaars.nl,NVM,Direct,11-10-2017,okt.-2017,Nee,Sales,Jelle,Noel,✓,Ja compleet,Ja,Ja actief en compleet,Verstuurd,,,Nee,,,,,
1204,60288,ERA vb&t Makelaars Helmond,Helmond,Noord-Brabant,5707CG,18 a,,helmond@eravbtmakelaars.nl,NVM,Direct,11-10-2017,okt.-2017,Nee,Sales,JP,Noel,✓,Ja compleet,Ja,Ja actief en compleet,Verstuurd,,,Nee,,,,,
1205,61822,ERA vb&t makelaars Pieter Hommel,Steenbergen (NB),Noord-Brabant,4651MA,nan,,steenbergen@eravbtmakelaars.nl,NVM,Direct,11-10-2017,okt.-2017,Nee,Sales,Jelle,Noel,✓,Ja compleet,Ja,Ja actief en compleet,Verstuurd,,,Nee,,,,,
1206,60287,ERA Content+ Tilburg,Tilburg,Noord-Brabant,5014DJ,126,,info@contentplus.nl,NVM,Direct,11-10-2017,okt.-2017,Nee,Sales,Jelle,Noel,✓,Ja compleet,Ja,Ja actief en compleet,Verstuurd,,,Nee,,,,,
1207,50127,Feenstra ERA Makelaars,Haren (g),Groningen,9752BS,214,,haren@feenstramakelaardij.nl,NVM,Direct,11-10-2017,okt.-2017,Nee,Sales,#N/A,Noel,✓,Ja compleet,Ja,Ja actief en compleet,Verstuurd,,,Nee,,,,,
1208,49487,Fides makelaars,Leiden,Zuid-Holland,2313DP,76,,info@fidesmakelaarsleiden.nl,NVM,Direct,11-10-2017,okt.-2017,Nee,Sales,JP,Noel,✓,Ja compleet,Ja,Ja actief en compleet,Verstuurd,,,Nee,,,,,
1209,57582,Hopman ERA Makelaars Castricum,Castricum,Noord-Holland,1901ED,2a,,castricum@hopmanmakelaars.nl,NVM,Direct,11-10-2017,okt.-2017,Nee,Sales,JP,Noel,✓,Ja compleet,Ja,Ja actief en compleet,Verstuurd,,,Nee,,,,,
1210,57671,Hopman ERA Makelaars Heiloo,Heiloo,Noord-Holland,1851BJ,330,,heiloo@hopmanmakelaars.nl,NVM,Direct,11-10-2017,okt.-2017,Nee,Sales,JP,Noel,✓,Ja compleet,Ja,Ja actief en compleet,Verstuurd,,,Nee,,,,,
1211,49103,Jacobi ERA Makelaardij,Montfoort,Utrecht,3417HD,58,,info@jacobimakelaardij.nl,NVM,Direct,11-10-2017,okt.-2017,Nee,Sales,JP,Noel,✓,Ja compleet,Ja,Ja actief en compleet,Verstuurd,,,Nee,,,,,
1212,50400,Kennemerpoort ERA makelaardij,Haarlem,Noord-Holland,2013AS,2a,,info@kennemerpoort.nl,NVM,Direct,11-10-2017,okt.-2017,Nee,Sales,JP,Noel,✓,Ja compleet,Ja,Ja actief en compleet,Verstuurd,,,Nee,,,,,
1213,55734,LAM ERA makelaars,Haarlem,Noord-Holland,2012DS,nan,,info@lameramakelaars.nl,NVM,Direct,11-10-2017,okt.-2017,Nee,Sales,JP,Noel,✓,Ja compleet,Ja,Ja actief en compleet,Verstuurd,,,Nee,,,,,
1214,50212,Noord-Veluwse ERA Makelaardij,Heerde,Gelderland,8181HA,nan,,veluwse@era.nl,NVM,Direct,11-10-2017,okt.-2017,Nee,Sales,Philip,Noel,✓,Ja compleet,Ja,Ja actief en compleet,Verstuurd,,,Nee,,,,,
1215,50157,Numan Hof ERA Makelaardij,Vries,Drenthe,9481AN,9 a,,info.vries@numanhof.nl,NVM,Direct,11-10-2017,okt.-2017,Nee,Sales,Philip,Noel,✓,Ja compleet,Ja,Ja actief en compleet,Verstuurd,,,Nee,,,,,
1216,49712,Perdijk ERA Makelaardij,Zevenhuizen (ZH),Zuid-Holland,2761AH,146,,info@perdijkmakelaardij.nl,NVM,Direct,11-10-2017,okt.-2017,Nee,Sales,JP,Noel,✓,Ja compleet,Ja,Ja actief en compleet,Verstuurd,,,Nee,,,,,
1217,50558,Prisma ERA Makelaars Borne,Borne,Overijssel,7622GW,252,,borne@prismamakelaars.nl,NVM,Direct,11-10-2017,okt.-2017,Nee,Sales,Philip,Noel,✓,Ja compleet,Ja,Ja actief en compleet,Verstuurd,,,Nee,,,,,
1218,54544,Prisma ERA Makelaars Delden,Delden,Overijssel,7491AA,41,,delden@prismamakelaars.nl,NVM,Direct,11-10-2017,okt.-2017,Nee,Sales,Philip,Noel,✓,Ja compleet,Ja,Ja actief en compleet,Verstuurd,,,Nee,,,,,
1219,60289,Prisma ERA Makelaars Enschede,Enschede,Overijssel,7551BS,19,,enschede@prismamakelaars.nl,NVM,Direct,11-10-2017,okt.-2017,Nee,Sales,Philip,Noel,✓,Ja compleet,Ja,Ja actief en compleet,Verstuurd,,,Nee,,,,,
1220,49330,Prisma ERA Makelaars Hengelo,Hengelo (OV),Overijssel,7551BS,19,,info@prismamakelaars.nl,NVM,Direct,11-10-2017,okt.-2017,Nee,Sales,Philip,Noel,✓,Ja compleet,Ja,Ja actief en compleet,Verstuurd,,,Nee,,,,,
1221,49262,REBO ERA Makelaars Arnhem,Arnhem,Gelderland,6828XD,69,,makelaardijarnhem@rebogroep.nl,NVM,Direct,11-10-2017,okt.-2017,Nee,Sales,Philip,Noel,✓,Ja compleet,Ja,Ja actief en compleet,Verstuurd,,,Nee,,,,,
1222,60170,REBO ERA Makelaars - Doetinchem,Doetinchem,Gelderland,7001AB,77,,makelaardijdoetinchem@rebogroep.nl,NVM,Direct,11-10-2017,okt.-2017,Nee,Sales,Philip,Noel,✓,Ja compleet,Ja,Ja actief en compleet,Verstuurd,,,Nee,,,,,
1223,60290,REBO ERA Makelaars - Deventer,Deventer,Overijssel,7411HG,10,,makelaardijdeventer@rebogroep.nl,NVM,Direct,11-10-2017,okt.-2017,Nee,Sales,Philip,Noel,✓,Ja compleet,Ja,Ja actief en compleet,Verstuurd,,,Nee,,,,,
1224,50158,REBO ERA Makelaars - Dieren,Dieren,Gelderland,6951BM,27,,makelaardijdieren@rebogroep.nl,NVM,Direct,11-10-2017,okt.-2017,Nee,Sales,Philip,Noel,✓,Ja compleet,Ja,Ja actief en compleet,Verstuurd,,,Nee,,,,,
1225,48834,Santen & Gasille ERA Makelaars,Wateringen,Zuid-Holland,2291CC,nan,,wateringen@santen-gasille.nl,NVM,Direct,11-10-2017,okt.-2017,Nee,Sales,JP,Noel,✓,Ja compleet,Ja,Ja actief en compleet,Verstuurd,,,Nee,,,,,
1226,49057,Siewe ERA Makelaars,Bussum,Noord-Holland,1404AL,26,,wonen@siewe.nl,NVM,Direct,11-10-2017,okt.-2017,Nee,Sales,JP,Noel,✓,Ja compleet,Ja,Ja actief en compleet,Verstuurd,,,Nee,,,,,
1227,49329,Smienk ERA Makelaars,Prinsenbeek,Noord-Brabant,4841AC,20,,info@smienkmakelaars.nl,NVM,Direct,11-10-2017,okt.-2017,Nee,Sales,Jelle,Noel,✓,Ja compleet,Ja,Ja actief en compleet,Verstuurd,,,Nee,,,,,
1228,49334,Snel ERA makelaars,Leusden,Utrecht,3833GL,49,,snel@snel-makelaardij.nl,NVM,Direct,11-10-2017,okt.-2017,Nee,Sales,Jelle,Noel,✓,Ja compleet,Ja,Ja actief en compleet,Verstuurd,,,Nee,,,,,
1229,50129,Sträter ERA Makelaardij,Soest,Utrecht,2585AX,136,,denhaag@vwmakelaars.nl,NVM,Direct,11-10-2017,okt.-2017,Nee,Sales,Jelle,Noel,✓,Ja compleet,Ja,Ja actief en compleet,Verstuurd,,,Nee,,,,,
1230,49326,V & W ERA Makelaars,Den Haag,Zuid-Holland,3768EJ,32a,,info@stratermakelaardij.nl,VBO,Direct,11-10-2017,okt.-2017,Nee,Sales,JP,Noel,✓,Ja compleet,Ja,Ja actief en compleet,Verstuurd,,,Nee,,,,,
1231,49951,Van den Putten ERA Makelaars,Heemstede,Noord-Holland,2101AB,45,,vandenputten@era.nl,NVM,Direct,11-10-2017,okt.-2017,Nee,Sales,JP,Noel,✓,Ja compleet,Ja,Ja actief en compleet,Verstuurd,,,Nee,,,,,
1232,50546,Van der Roest - Van Straaten ERA makelaardij,Huizen,Noord-Holland,1271PX,38,,info@vanstraatenmakelaardij.nl,NVM,Direct,11-10-2017,okt.-2017,Nee,Sales,JP,Noel,✓,Ja compleet,Ja,Ja actief en compleet,Verstuurd,,,Nee,,,,,
1233,49868,Vreeken & Meijer makelaardij,Bodegraven,Zuid-Holland,2411BP,43160,,info@vreeken-meijer.nl,NVM,Direct,11-10-2017,okt.-2017,Nee,Sales,JP,Noel,✓,Ja compleet,Ja,Ja actief en compleet,Verstuurd,,,Nee,,,,,
1234,50240,Wormgoor ERA Makelaardij,Eibergen,Gelderland,7150AC,32,,info@wormgoor.net,NVM,Direct,11-10-2017,okt.-2017,Nee,Sales,Philip,Noel,✓,Ja compleet,Ja,Ja actief en compleet,Verstuurd,,,Nee,,,,,
1235,49392,Zijlstra ERA Makelaardij,Nijkerk,Gelderland,3861BD,22,,info@zijlstraeramakelaardij.nl,NVM,Direct,11-10-2017,okt.-2017,Nee,Sales,Jelle,Noel,✓,Ja compleet,Ja,Ja actief en compleet,Verstuurd,,,Nee,,,,,
1236,60260,ERA De Koning Makelaars De Meern,Alphen aan den Rijn,Zuid-Holland,3454HA,141,,contact@dekoning-demeern.nl,NVM,Direct,11-10-2017,okt.-2017,Nee,Sales,JP,Noel,✓,Ja geen aanbod,Nee,Ja nog niet actief,,,,Nee,,,,,
1237,60261,ERA De Koning makelaars Alphen aan den Rijn,De Meern,Utrecht,2408BJ,67,,contact@dekoning-alphen.nl,NVM,Direct,11-10-2017,okt.-2017,Nee,Sales,JP,Noel,✓,Ja geen aanbod,Nee,Ja nog niet actief,,,,Nee,,,,,
1238,56707,ERA De Koning Makelaars Gouda,Gouda,Zuid-Holland,2801DG,nan,,contact@dekoning-gouda.nl,NVM,Direct,11-10-2017,okt.-2017,Nee,Sales,JP,Noel,✓,Ja geen aanbod,Nee,Ja nog niet actief,,,,Nee,,,,,
1239,60279,ERA De Koning makelaars Nieuwkoop,Nieuwkoop,Zuid-Holland,2421AW,79,,contact@dekoning-nieuwkoop.nl,NVM,Direct,11-10-2017,okt.-2017,Nee,Sales,JP,Noel,✓,Ja geen aanbod,Nee,Ja nog niet actief,,,,Nee,,,,,
1240,60258,ERA De Koning makelaars Woerden,Woerden,Utrecht,3441AS,nan,,contact@dekoning-woerden.nl,NVM,Direct,11-10-2017,okt.-2017,Nee,Sales,JP,Noel,✓,Ja geen aanbod,Nee,Ja nog niet actief,,,,Nee,,,,,
1241,60259,ERA De Koning makelaars Houten,Houten,Utrecht,3995DW,nan,,contact@dekoning-houten.nl,NVM,Direct,11-10-2017,okt.-2017,Nee,Sales,Jelle,Noel,✓,Ja geen aanbod,Nee,Ja nog niet actief,,,,Nee,,,,,
1242,55284,ERA De Bree Makelaars,Utrecht,Utrecht,3572AX,473,,info@debreemakelaars.nl,NVM,Direct,11-10-2017,okt.-2017,Nee,Sales,JP,Noel,✓,Ja geen aanbod,Nee,Ja nog niet actief,,,,Nee,,,,,
1243,60264,De Kroon ERA Makelaars Heemskerk,Heemskerk,Noord-Holland,1961NK,4 A,,info@dekroonmakelaars.nl,NVM,Direct,11-10-2017,okt.-2017,Nee,Sales,JP,Noel,✓,Ja geen aanbod,Nee,Ja nog niet actief,,,,Nee,,,,,
1244,49698,ERA Makelaardij RENGER,Zeewolde,Flevoland,3892DG,22 A,,info@makelaardijrenger.nl,NVM,Direct,11-10-2017,okt.-2017,Nee,Sales,Jelle,Noel,✓,Ja geen aanbod,Nee,Ja nog niet actief,,,,Nee,,,,,
1245,56736,ERA Makelaardij Utrecht,Utrecht,Utrecht,3581KN,65,,info@makelaardijutrecht.nl,NVM,Direct,11-10-2017,okt.-2017,Nee,Sales,Jelle,Noel,✓,Ja geen aanbod,Nee,Ja nog niet actief,,,,Nee,,,,,
1246,49977,ERA Master Makelaars,Leerdam,Zuid-Holland,4141AC,10,,info@mastermakelaars.nl,NVM,Direct,11-10-2017,okt.-2017,Nee,Sales,Philip,Noel,✓,Ja geen aanbod,Nee,Ja nog niet actief,,,,Nee,,,,,
1247,60169,Wijman & Jansen ERA makelaars,Valkenswaard,Noord-Brabant,5552AA,107,,info@wijmanjansen.nl,NVM,Direct,11-10-2017,okt.-2017,Nee,Sales,Jelle,Noel,✓,Ja compleet,Ja,Ja actief en compleet,Aangemeld,,,Nee,,,,,
1248,60174,De Kroon ERA Makelaars Beverwijk,Beverwijk,Noord-Holland,1942AK,33,,info@dekroonmakelaars.nl,NVM,Direct,11-10-2017,okt.-2017,Nee,Sales,JP,Noel,✓,Ja compleet,Ja,Ja actief en compleet,Aangemeld,,,Nee,,,,,
1249,60916,Maasdonk Makelaardij,Heesch,Noord-Brabant,5384VT,30,Murat Sefdi,info@maasdonkmakelaardij.nl,VBO,Venum,11-10-2017,okt.-2017,Nee,Sales,Jelle,Jelle,✓,Ja gedeeltelijk,Ja,Ja actief en compleet,Aangemeld,,,Nee,,,,,
1250,53832,Alberti Garantiemakelaars,Eindhoven,Noord-Brabant,5616GL,53,Laureen Doesburg,info@alberti.nl,NVM,Realworks,11-10-2017,okt.-2017,Nee,Sales,Jelle,Jelle,✓,Ja compleet,Ja,Ja actief en compleet,Verstuurd,,,Ja,Ja JP,2-5-2018,https://www.alberti.nl/33-2db5/stap-voor-stap-verkopen-met-alberti-garantiemakelaars,https://www.pararius.nl/,
1251,49601,Beumer & van Schoonhoven Garantiemakelaars,Maarssen,Utrecht,3607JB,470,Laureen Doesburg,maarssen@beumer.nl,NVM,Realworks,11-10-2017,okt.-2017,Nee,Sales,JP,JP,✓,Ja compleet,Ja,Ja actief en compleet,Verstuurd,,,Ja,Ja JH,2-5-2018,https://www.beumermaarssen.nl/33-4e88/stap-voor-stap-verkopen-met-beumer,https://www.pararius.nl/,
1252,49249,Beumer Garantiemakelaars Utrecht,Utrecht,Utrecht,3581CG,71,Laureen Doesburg,utrecht@beumer.nl,NVM,Realworks,11-10-2017,okt.-2017,Nee,Sales,Jelle,Jelle,✓,Ja compleet,Ja,Ja actief en compleet,Verstuurd,,,Ja,Ja JH,2-5-2018,https://www.beumerutrecht.nl/33-1c86/hoe-verkopen-wij-jouw-huis,https://www.pararius.nl/,
1253,49789,Beumer Garantiemakelaars De Meern,De Meern,Utrecht,3454HM,nan,Laureen Doesburg,info@beumer.nl,NVM,Realworks,11-10-2017,okt.-2017,Nee,Sales,JP,JP,✓,Ja compleet,Ja,Ja actief en compleet,Verstuurd,,,Ja,Ja JH,2-5-2018,https://www.beumervleutendemeern.nl/33-4e88/stap-voor-stap-verkopen-met-beumer,https://www.pararius.nl/,
1254,53905,Boers Makelaars,Apeldoorn,Gelderland,7311NR,131,Laureen Doesburg,info@boersmakelaars.nl,NVM,Realworks,11-10-2017,okt.-2017,Nee,Sales,Philip,Jelle,✓,Ja gedeeltelijk,Ja,Ja actief en compleet,Verstuurd,,,Ja,Ja JP,2-5-2018,https://www.boersmakelaars.nl/33-d944/stap-voor-stap-verkopen-met-boers-makelaars,https://www.pararius.nl/,
1255,53943,Burger Van Leeuwen Garantiemakelaars,Den Haag,Zuid-Holland,2587ED,157,Laureen Doesburg,info@bvl.nl,NVM,Realworks,11-10-2017,okt.-2017,Nee,Sales,JP,JP,✓,Ja compleet,Ja,Ja nog niet compleet,Verstuurd,,,Ja,Ja JP,2-5-2018,https://www.bvl.nl/33-33dc/stap-voor-stap-verkopen-met-burgervanleeuwen,https://www.pararius.nl/,
1256,53958,Claase Garantiemakelaars,Malden,Gelderland,6581ES,124,Laureen Doesburg,info@claase.nl,NVM,Realworks,11-10-2017,okt.-2017,Nee,Sales,Philip,Jelle,✓,Ja gedeeltelijk,Ja,Ja actief en compleet,Verstuurd,,,Ja,Ja JH,2-5-2018,https://www.claasegarantiemakelaars.nl/33-3de/stap-voor-stap-verkopen-met-claase,https://www.pararius.nl/,
1257,53671,De Graaf van Vilsteren Garantiemakelaars,Zwolle,Overijssel,8011LB,31,Laureen Doesburg,info@degraafvanvilsteren.nl,NVM,Realworks,11-10-2017,okt.-2017,Nee,Sales,Philip,JP,✓,Ja compleet,Ja,Ja actief en compleet,Verstuurd,,,Ja,Ja JH,2-5-2018,https://www.degraafvanvilsteren.nl/33-788/stap-voor-stap-verkopen-met-de-graaf-van-vilsteren,https://www.pararius.nl/,
1258,55360,De Wit Garantiemakelaars,Hoogezand,Groningen,9601EA,nan,Laureen Doesburg,dewit@garantiemakelaars.nl,NVM,Realworks,11-10-2017,okt.-2017,Nee,Sales,JP,JP,✓,Ja gedeeltelijk,Ja,Ja nog niet compleet,Verstuurd,,,Ja,Ja JH,2-5-2018,https://www.dewitgarantiemakelaars.nl/33-930a/stap-voor-stap-verkopen-met-de-wit-garantiemakelaars,https://www.pararius.nl/,
1259,49415,De Witte Garantiemakelaars,Vlaardingen,Zuid-Holland,3131BK,4a,Laureen Doesburg,dewitte@garantiemakelaar.nl,NVM,Realworks,11-10-2017,okt.-2017,Nee,Sales,JP,JP,✓,Ja compleet,Ja,Ja actief en compleet,Verstuurd,,,Ja,Ja JH,2-5-2018,https://www.dewittegarantiemakelaars.nl/33-f23d/stap-voor-stap-verkopen-met-de-witte-garantiemakelaars,https://www.pararius.nl/,
1260,54013,Dekkers Garantiemakelaars,Hengelo (OV),Overijssel,7551AP,59,Laureen Doesburg,info@dekkersmakelaars.nl,NVM,Realworks,11-10-2017,okt.-2017,Nee,Sales,Philip,Jelle,✓,Ja compleet,Ja,Ja actief en compleet,Verstuurd,,,Ja,Ja JH,2-5-2018,https://www.dekkersmakelaars.nl/33-9c1/stap-voor-stap-verkopen-met-dekkers,https://www.pararius.nl/,
1261,49918,Dijkhuizen Garantiemakelaars,Voorburg,Zuid-Holland,2273DP,187,Laureen Doesburg,info@dijkhuizenmakelaars.nl,NVM,Realworks,11-10-2017,okt.-2017,Nee,Sales,JP,JP,✓,Nee,Nee,Ja nog niet actief,,,,Ja,Ja JH,2-5-2018,https://www.dijkhuizenmakelaars.nl/33-c0fb/stap-voor-stap-verkopen-met-dijkhuizen,https://www.pararius.nl/,"Wilt er niet op, zie contactnotitie"
1262,52493,Drieman Garantiemakelaars Alphen,Alphen aan den Rijn,Zuid-Holland,2406DH,25,Laureen Doesburg,alphen@drieman.nl,NVM,Realworks,11-10-2017,okt.-2017,Nee,Sales,JP,JP,✓,Ja compleet,Ja,Ja actief en compleet,Verstuurd,,,Ja,Ja JH,2-5-2018,,https://www.pararius.nl/,
1263,48972,Drieman Garantiemakelaars Bodegraven,Bodegraven,Zuid-Holland,2411BE,nan,Laureen Doesburg,bodegraven@drieman.nl,NVM,Realworks,11-10-2017,okt.-2017,Nee,Sales,JP,JP,✓,Ja compleet,Ja,Ja actief en compleet,Verstuurd,,,Ja,Ja JH,2-5-2018,,https://www.pararius.nl/,
1264,52494,Drieman Garantiemakelaars Leiderdorp,Leiderdorp,Zuid-Holland,2352DG,nan,Laureen Doesburg,leiderdorp@drieman.nl,NVM,Realworks,11-10-2017,okt.-2017,Nee,Sales,JP,JP,✓,Ja gedeeltelijk,Ja,Ja nog niet compleet,Verstuurd,,,Ja,Ja JH,2-5-2018,,https://www.pararius.nl/,
1265,52492,Drieman Garantiemakelaars Nieuwkoop,Nieuwkoop,Zuid-Holland,2421EB,54,Laureen Doesburg,nieuwkoop@drieman.nl,NVM,Realworks,11-10-2017,okt.-2017,Nee,Sales,JP,JP,✓,Ja compleet,Ja,Ja actief en compleet,Verstuurd,,,Ja,Ja JH,2-5-2018,,https://www.pararius.nl/,
1266,52495,Drieman Garantiemakelaars Woerden,Woerden,Utrecht,3441AT,nan,Laureen Doesburg,woerden@drieman.nl,NVM,Realworks,11-10-2017,okt.-2017,Nee,Sales,JP,JP,✓,Ja gedeeltelijk,Ja,Ja nog niet actief,Verstuurd,,,Ja,Ja JH,2-5-2018,,https://www.pararius.nl/,
1267,54042,Eggink Maalderink Garantiemakelaars Aalten,Aalten,Gelderland,7121EV,26,Laureen Doesburg,aalten@egginkmaalderink.nl,NVM,Realworks,11-10-2017,okt.-2017,Nee,Sales,Philip,Jelle,✓,Ja compleet,Ja,Ja actief en compleet,Verstuurd,,,Ja,Ja JP,2-5-2018,,https://www.pararius.nl/,
1268,54044,Eggink Maalderink Garantiemakelaars Terborg,Terborg,Gelderland,7061CM,102,Laureen Doesburg,achterhoek@egginkmaalderink.nl,NVM,Realworks,11-10-2017,okt.-2017,Nee,Sales,Philip,Jelle,✓,Ja compleet,Ja,Ja actief en compleet,Verstuurd,,,Ja,Ja JP,2-5-2018,,https://www.pararius.nl/,
1269,54045,Eggink Maalderink Garantiemakelaars Zutphen,Zutphen,Gelderland,7201MH,61,Laureen Doesburg,zutphen@egginkmaalderink.nl,NVM,Realworks,11-10-2017,okt.-2017,Nee,Sales,Philip,Jelle,✓,Ja compleet,Ja,Ja actief en compleet,Verstuurd,,,Ja,Ja JP,2-5-2018,,https://www.pararius.nl/,
1270,50387,Hamer & Ran Garantiemakelaars,Haarlem,Noord-Holland,2011ET,21,Laureen Doesburg,haarlem@hamerenran.nl,NVM,Realworks,11-10-2017,okt.-2017,Nee,Sales,JP,JP,✓,Ja gedeeltelijk,Ja,Ja nog niet compleet,Verstuurd,,,Ja,Ja JP,2-5-2018,,https://www.pararius.nl/,
1271,60384,Hans Janssen Garantiemakelaars Beuningen ,Beuningen (gld),Gelderland,6641AB,71,Laureen Doesburg,info@hansjanssen.nl,NVM,Realworks,11-10-2017,okt.-2017,Nee,Sales,Philip,Jelle,✓,Ja compleet,Ja,Ja actief en compleet,Verstuurd,,,Ja,Ja JP,2-5-2018,,https://www.pararius.nl/,
1272,54119,Hans Janssen Garantiemakelaars Druten,Druten,Gelderland,6651BH,81,Laureen Doesburg,info@hansjanssendruten.nl,NVM,Realworks,11-10-2017,okt.-2017,Nee,Sales,Philip,Jelle,✓,Ja compleet,Ja,Ja actief en compleet,Verstuurd,,,Ja,Ja JP,2-5-2018,,https://www.pararius.nl/,
1273,49659,Hans Janssen Garantiemakelaars Nijmegen,Nijmegen,Gelderland,6511TE,19H,Laureen Doesburg,info@hansjanssen.nl,NVM,Realworks,11-10-2017,okt.-2017,Nee,Sales,Philip,Jelle,✓,Ja compleet,Ja,Ja actief en compleet,Verstuurd,,,Ja,Ja JP,2-5-2018,,https://www.pararius.nl/,
1274,48938,Hans Janssen Garantiemakelaars Wijchen,Wijchen,Gelderland,6602AJ,89,Laureen Doesburg,wijchen@hansjanssen.nl,NVM,Realworks,11-10-2017,okt.-2017,Nee,Sales,Philip,Jelle,✓,Ja compleet,Ja,Ja actief en compleet,Verstuurd,,,Ja,Ja JP,2-5-2018,,https://www.pararius.nl/,
1275,54134,Hermsen Garantiemakelaars Huissen,Huissen,Gelderland,6851BB,19,Laureen Doesburg,huissen@hermsenmakelaars.nl,NVM,Realworks,11-10-2017,okt.-2017,Nee,Sales,Philip,Jelle,✓,Ja compleet,Ja,Ja actief en compleet,Verstuurd,,,Ja,Ja JP,2-5-2018,,https://www.pararius.nl/,
1276,59348,Hermsen Garantiemakelaars Nijmegen,Nijmegen,Gelderland,6522CC,174A,Laureen Doesburg,info@hermsenmakelaars.nl,NVM,Realworks,11-10-2017,okt.-2017,Nee,Sales,Philip,Jelle,✓,Ja gedeeltelijk,Ja,Ja nog niet compleet,Verstuurd,,,Ja,Ja JP,2-5-2018,,https://www.pararius.nl/,
1277,55834,Hillen Makelaardij,Hilversum,Noord-Holland,1215CS,272,Laureen Doesburg,info@hillenmakelaardij.nl,NVM,Realworks,11-10-2017,okt.-2017,Nee,Sales,JP,JP,✓,Ja geen aanbod,Nee,Ja nog niet actief,,,,Ja,Ja JP,2-5-2018,,https://www.pararius.nl/,
1278,54178,Hup & Fidom Garantiemakelaars Beilen,Beilen,Drenthe,9411KL,45,Laureen Doesburg,info@hupenfidombeilen.nl,NVM,Realworks,11-10-2017,okt.-2017,Nee,Sales,Philip,JP,✓,Ja geen aanbod,Nee,Ja nog niet actief,,,,Ja,Ja JP,2-5-2018,,https://www.pararius.nl/,
1279,52510,Hup & Fidom Garantiemakelaars Hoogeveen,Hoogeveen,Drenthe,7902LE,147,Laureen Doesburg,hoogeveen@hup-fidom.nl,NVM,Realworks,11-10-2017,okt.-2017,Nee,Sales,Philip,JP,✓,Ja compleet,Ja,Ja actief en compleet,Verstuurd,,,Ja,Ja JP,2-5-2018,,https://www.pararius.nl/,
1280,50480,Hup & Fidom Garantiemakelaars Meppel,Meppel,Drenthe,7941AL,88,Laureen Doesburg,info@hup-en-fidom.nl,NVM,Realworks,11-10-2017,okt.-2017,Nee,Sales,Philip,JP,✓,Ja compleet,Ja,Ja actief en compleet,Verstuurd,,,Ja,Ja JP,2-5-2018,,https://www.pararius.nl/,
1281,51165,Janssen & Van Dijk Garantiemakelaars,Veenendaal,Utrecht,3901EG,30,Laureen Doesburg,info@janssenvandijk.nl,NVM,Realworks,11-10-2017,okt.-2017,Nee,Sales,Jelle,Jelle,✓,Ja compleet,Ja,Ja actief en compleet,Verstuurd,,,Ja,Ja JP,2-5-2018,,https://www.pararius.nl/,
1282,50282,Jonkman Garantiemakelaars,Leek,Groningen,9351AP,18,Laureen Doesburg,leek@jonkmangarantiemakelaars.nl,NVM,Realworks,11-10-2017,okt.-2017,Nee,Sales,JP,JP,✓,Ja gedeeltelijk,Nee,Ja nog niet compleet,Verstuurd,,,Ja,Ja JP,2-5-2018,,https://www.pararius.nl/,
1283,55721,Kanters Garantiemakelaars,Dongen,Noord-Brabant,5103BD,nan,Laureen Doesburg,info@kanters.net,NVM,Realworks,11-10-2017,okt.-2017,Nee,Sales,Jelle,Jelle,✓,Ja compleet,Ja,Ja actief en compleet,Verstuurd,,,Ja,Ja JP,2-5-2018,,https://www.pararius.nl/,
1284,55963,Kee Garantiemakelaars,Krommenie,Noord-Holland,1561DG,91,Laureen Doesburg,info@keemakelaars.nl,NVM,Realworks,11-10-2017,okt.-2017,Nee,Sales,JP,JP,✓,Ja compleet,Ja,Ja actief en compleet,Verstuurd,,,Ja,Ja JP,2-5-2018,,https://www.pararius.nl/,
1285,60382,Keizer Garantiemakelaars Wezep,Wezep,Gelderland,8091AA,31,Laureen Doesburg,info@keizergarantiemakelaars.nl,NVM,Realworks,11-10-2017,okt.-2017,Nee,Sales,Philip,JP,✓,Ja compleet,Ja,Ja actief en compleet,Verstuurd,,,Ja,Ja JP,2-5-2018,,https://www.pararius.nl/,
1286,60380,Keizer Garantiemakelaars Zwolle,Zwolle,Overijssel,8011XA,nan,Laureen Doesburg,info@keizergarantiemakelaars.nl,NVM,Realworks,11-10-2017,okt.-2017,Nee,Sales,Philip,JP,✓,Ja compleet,Ja,Ja actief en compleet,Verstuurd,,,Ja,Ja JP,2-5-2018,,https://www.pararius.nl/,
1287,60379,Makelaarswerk,Drachten,Friesland,9206AL,1B,Laureen Doesburg,info@makelaarswerk.eu,NVM,Realworks,11-10-2017,okt.-2017,Nee,Sales,Jelle,Jelle,✓,Ja compleet,Ja,Ja actief en compleet,Verstuurd,,,Ja,Ja JP,2-5-2018,,https://www.pararius.nl/,
1288,50267,Markant Garantiemakelaars,Groningen,Groningen,9727KB,nan,Laureen Doesburg,Info@markantgarantiemakelaars.nl,NVM,Realworks,11-10-2017,okt.-2017,Nee,Sales,Jelle,Jelle,✓,Ja compleet,Ja,Ja nog niet compleet,Verstuurd,,,Ja,Ja JP,2-5-2018,,https://www.pararius.nl/,
1289,60378,Fijne Makelaar,Oisterwijk,Noord-Brabant,5061HB,50,Laureen Doesburg,info@fijnemakelaar.nl,NVM,Realworks,11-10-2017,okt.-2017,Nee,Sales,Jelle,Jelle,✓,Ja gedeeltelijk,Nee,Ja nog niet compleet,Verstuurd,,,Ja,Ja JP,2-5-2018,,https://www.pararius.nl/,
1290,60377,Moen Garantiemakelaars Nieuwegein,Nieuwegein,Utrecht,3431HH,nan,Laureen Doesburg,info@moenmakelaars.nl,NVM,Realworks,11-10-2017,okt.-2017,Nee,Sales,JP,JP,✓,Ja compleet,Ja,Ja actief en compleet,Verstuurd,,,Ja,Ja JP,2-5-2018,,https://www.pararius.nl/,
1291,60376,Naber Garantiemakelaars,Tilburg,Noord-Brabant,5038CG,400,Laureen Doesburg,info@naber.nl,NVM,Realworks,11-10-2017,okt.-2017,Nee,Sales,Jelle,Jelle,✓,Ja geen aanbod,Nee,Ja nog niet compleet,,,,Ja,Ja JP,2-5-2018,,https://www.pararius.nl/,
1292,50253,Plink Garantiemakelaars,Den Haag,Zuid-Holland,2582BT,59,Laureen Doesburg,info@plink.nl,NVM,Realworks,11-10-2017,okt.-2017,Nee,Sales,JP,JP,✓,Ja compleet,Nee,Ja nog niet compleet,Verstuurd,,,Ja,Ja JP,2-5-2018,,https://www.pararius.nl/,
1293,54543,Prinsen Zandbergen Garantiemakelaars,Steenwijk,Overijssel,8331GJ,17,Laureen Doesburg,info@prinsenzandbergen.nl,NVM,Realworks,11-10-2017,okt.-2017,Nee,Sales,JP,JP,✓,Ja gedeeltelijk,Nee,Ja nog niet compleet,Verstuurd,,,Ja,Ja JP,2-5-2018,,https://www.pararius.nl/,
1294,54549,Pronk en Van Der Wal,Hoorn (nh),Noord-Holland,1621HB,nan,Laureen Doesburg,info@pronkvanderwal.nl,NVM,Realworks,11-10-2017,okt.-2017,Nee,Sales,JP,JP,✓,Ja compleet,Nee,Ja actief en compleet,Verstuurd,,,Ja,Ja JH,2-5-2018,,https://www.pararius.nl/,
1295,55374,Reinerie Garantiemakelaars Amersfoort,Amersfoort,Utrecht,3824HB,166,Laureen Doesburg,info@reinerieamersfoort.nl,NVM,Realworks,11-10-2017,okt.-2017,Nee,Sales,Jelle,Jelle,✓,Ja compleet,Ja,Ja actief en compleet,Verstuurd,,,Ja,Ja JH,2-5-2018,,https://www.pararius.nl/,
1296,49340,Reinerie Garantiemakelaars Ijsselstein,IJsselstein (ut),Utrecht,3401DG,37,Laureen Doesburg,ijsselstein@reinerie.nl,NVM,Realworks,11-10-2017,okt.-2017,Nee,Sales,JP,JP,✓,Ja compleet,Ja,Ja actief en compleet,Verstuurd,,,Ja,Ja JH,2-5-2018,,https://www.pararius.nl/,
1297,54569,Reinerie Garantiemakelaars Houten,Houten,Utrecht,3995DW,11,Laureen Doesburg,houten@reinerie.nl,NVM,Realworks,11-10-2017,okt.-2017,Nee,Sales,Jelle,Jelle,✓,Ja compleet,Ja,Ja actief en compleet,Verstuurd,,,Ja,Ja JH,2-5-2018,,https://www.pararius.nl/,
1298,52358,Roel Willemsen Garantiemakelaars,Arnhem,Gelderland,6836DP,37,Laureen Doesburg,info@roelwillemsen.nl,NVM,Realworks,11-10-2017,okt.-2017,Nee,Sales,Philip,Jelle,✓,Ja compleet,Ja,Ja actief en compleet,Verstuurd,,,Ja,Ja JH,2-5-2018,,https://www.pararius.nl/,
1299,53006,Saen Garantiemakelaars,Koog aan de Zaan,Noord-Holland,1541CA,51,Laureen Doesburg,info@saenmakelaars.nl,NVM,Realworks,11-10-2017,okt.-2017,Nee,Sales,JP,JP,✓,Ja compleet,Ja,Ja actief en compleet,Verstuurd,,,Ja,Ja JH,2-5-2018,,https://www.pararius.nl/,
1300,49111,SchievenKeizer Garantiemakelaars Epe,Epe,Gelderland,8161EA,nan,Laureen Doesburg,epe@schievenkeizer.nl,NVM,Realworks,11-10-2017,okt.-2017,Nee,Sales,Philip,Jelle,✓,Ja compleet,Ja,Ja actief en compleet,Verstuurd,,,Ja,Ja JH,2-5-2018,,https://www.pararius.nl/,
1301,54690,Tromp Garantiemakelaars,Middenbeemster,Noord-Holland,1462HL,152,Laureen Doesburg,tromp@garantiemakelaars.nl,NVM,Realworks,11-10-2017,okt.-2017,Nee,Sales,JP,JP,✓,Ja compleet,Ja,Ja actief en compleet,Verstuurd,,,Ja,Ja JH,2-5-2018,,https://www.pararius.nl/,
1302,54702,Van Amsterdam Garantiemakelaars,Castricum,Noord-Holland,1901EM,64,Laureen Doesburg,info@vanamsterdam.nl,NVM,Realworks,11-10-2017,okt.-2017,Nee,Sales,JP,JP,✓,Ja geen aanbod,Ja,Ja actief en compleet,Verstuurd,,,Ja,Ja JH,2-5-2018,,https://www.pararius.nl/,
1303,51587,Van de Ven Garantiemakelaars,Uden,Noord-Brabant,5402KC,153,Laureen Doesburg,info@vandevengarantiemakelaars.nl,NVM,Realworks,11-10-2017,okt.-2017,Nee,Sales,Jelle,Jelle,✓,Ja compleet,Ja,Ja actief en compleet,Verstuurd,,,Ja,Ja JH,2-5-2018,,https://www.pararius.nl/,
1304,49405,Van Ek Garantiemakelaars,Arnhem,Gelderland,6811KC,29,Laureen Doesburg,vanek@vanekgarantiemakelaars.nl,NVM,Realworks,11-10-2017,okt.-2017,Nee,Sales,Philip,Jelle,✓,Ja compleet,Ja,Ja actief en compleet,Verstuurd,,,Ja,Ja JH,2-5-2018,,https://www.pararius.nl/,
1305,55600,Van Overbeek Amsterdam Centrum,Amsterdam,Noord-Holland,1054AM,27,Laureen Doesburg,info@vanoverbeekamsterdam.nl,NVM,Realworks,11-10-2017,okt.-2017,Nee,Sales,JP,JP,✓,Ja compleet,Ja,Ja actief en compleet,Verstuurd,,,Ja,Ja JH,2-5-2018,,https://www.pararius.nl/,
1306,61326,Van Overbeek Amsterdam Noord,Amsterdam,Noord-Holland,1025XE,377,Laureen Doesburg,info@vanoverbeekamsterdam.nl,NVM,Realworks,11-10-2017,okt.-2017,Nee,Sales,JP,JP,✓,Ja compleet,Ja,Ja actief en compleet,Verstuurd,,,Ja,Ja JH,2-5-2018,,,"Maar 1 domein voor twee vestigingen, toch aangezet omdat op de garantiemakelaars hoofdiste een link staat en ik die niet in dit doc verwerken kan"
1307,56247,Voerman Garantiemakelaars,Lelystad,Flevoland,8224BP,nan,Laureen Doesburg,info@voermangarantiemakelaars.nl,NVM,Realworks,11-10-2017,okt.-2017,Nee,Sales,JP,JP,✓,Ja geen aanbod,Nee,Ja nog niet compleet,,,,Ja,Ja JH,2-5-2018,,https://www.pararius.nl/,
1308,56252,Wilbrink & van der Vlugt Garantiemakelaars,Lisse,Zuid-Holland,2161BG,231,Laureen Doesburg,info@wilbrinkvandervlugt.nl,NVM,Realworks,11-10-2017,okt.-2017,Nee,Sales,JP,JP,✓,Ja gedeeltelijk,Nee,Ja nog niet compleet,Verstuurd,,,Ja,Ja JH,2-5-2018,,https://www.pararius.nl/,
1309,54903,Zwaan & Schouten Garantiemakelaars,Schagen,Noord-Holland,1741BR,nan,Laureen Doesburg,info@zwaanschouten.nl,NVM,Realworks,11-10-2017,okt.-2017,Nee,Sales,JP,JP,x,Nee,Nee,Ja nog niet compleet,,,,Ja,Ja JH,2-5-2018,,https://www.pararius.nl/,
1310,54505,Van den Buijs Garantiemakelaars,Nuenen,Noord-Brabant,5671GA,32,Laureen Doesburg,info@vandenbuijsmakelaars.nl,NVM,Realworks,11-10-2017,okt.-2017,Nee,Sales,Jelle,Jelle,✓,Ja compleet,Ja,Ja actief en compleet,Verstuurd,,,Nee,Ja JP,2-5-2018,https://www.vandenbuijsmakelaars.nl/33-da83/stap-voor-stap-verkopen,https://www.pararius.nl/,
1311,60057,De Geldersche Makelaar,Doorwerth,Gelderland,6865BE,25,Pascal Zuidwijk,contact@degelderschemakelaar.nl,VBO,Realworks,11-10-2017,okt.-2017,Nee,Sales,Philip,Jelle,✓,Ja compleet,Ja,Ja actief en compleet,Aangemeld,,,Nee,Ja DvD,13-9-2018,https://www.degelderschemakelaar.nl/,https://www.pararius.nl/,
1312,55627,t huis van Groningen,Groningen,Groningen,9717CC,10,Michiel van Dorsten ,info@huisvangroningen.nl,VBO,Goes&Roos,12-10-2017,okt.-2017,Nee,Sales,JP,JP,✓,Ja compleet,Ja,Ja actief en compleet,Aangemeld,,,Ja,Ja DvD,19-2-2018,http://www.huisvangroningen.nl/,https://www.pararius.nl/koopwoningen/groningen,14-12 JP zijn contact hier
1313,60115,Kiki Makelaardij,Breda,Noord-Brabant,4835JB,16,Kiki Thompson,kiki@kikimakelaardij.nl,VBO,Venum,12-10-2017,okt.-2017,Nee,Sales,Jelle,Jelle,✓,Ja compleet,Ja,Ja actief en compleet,Aangemeld,,,Ja,Ja JH,6-12-2017,https://kikimakelaardij.nl/,https://www.pararius.nl/,
1314,50485,Woonder Makelaardij,Maastricht,Limburg,6221CN,13,Charles Corten,info@woonder.nl,Onafhankelijk,Anders,12-10-2017,okt.-2017,Ja,Mailing,Jelle,Jelle,✓ Directe XML (niet via KA),Ja compleet,Ja,Ja actief en compleet,Aangemeld,Ja,,Nee,,,,,
1315,51619,Allround Housing,Amsterdam,Noord-Holland,1017KD,921 A,Donovan Wolfrat,info@allroundhousing.nl,Onafhankelijk,Pararius Office,12-10-2017,okt.-2017,Ja,Mailing,JP,JP,✓,Ja geen aanbod,Ja,Ja actief en compleet,,Ja,,Nee,,,,,
1316,56051,Amsterdam Real Estate,Amsterdam,Noord-Holland,1057BR,81-W,Ryan,r.luttinkhuizen@estateamsterdam.nl,Onafhankelijk,Pararius Office,12-10-2017,okt.-2017,Ja,Mailing,JP,JP,✓,Ja compleet,Ja,Ja actief en compleet,Aangemeld,Ja,,Nee,,,,,
1317,52111,Pinedo Makelaardij,Alkmaar,Noord-Holland,1811CG,249,Joshua Pinedo,info@pinedomakelaardij.nl,VBO,Venum,12-10-2017,okt.-2017,Nee,Sales,JP,JP,✓,Ja compleet,Ja,Ja actief en compleet,Aangemeld,,,Nee,,,,,
1318,60073,RegioMakelaer ,Bodegraven,Zuid-Holland,2411BB,nan,Marlies van der Weijden,info@regiomakelaer.nl,VBO,Venum,12-10-2017,okt.-2017,Nee,Sales,JP,JP,✓,Ja compleet,Ja,Ja actief en compleet,Aangemeld,,,Nee,,,,,
1319,60112,Dijkema Makelaardij,Dokkum,Friesland,9101JB,15,Dhr Dijkema,info@dijkemamakelaardij.nl,VBO,Venum,12-10-2017,okt.-2017,Nee,Sales,JP,Jelle,✓,Ja compleet,Ja,Ja actief en compleet,Aangemeld,,,Nee,,,,,
1320,57009,Willdoo Makelaardij,Bergambacht,Zuid-Holland,2861SW,29,Willem Willemsen,info@willdoomakelaardij.nl,VBO,Venum,12-10-2017,okt.-2017,Nee,Sales,JP,JP,✓,Ja compleet,Ja,Ja actief en compleet,Aangemeld,,,Ja,,,,,
1321,51258,Karens Vastgoed,Opheusden,Gelderland,4043LX,nan,Rene Karens,info@karens.nl,VBO,Venum,12-10-2017,okt.-2017,Nee,Sales,Philip,Jelle,✓,Ja compleet,Ja,Ja actief en compleet,Aangemeld,,,Nee,,,,,
1322,54101,Graal Makelaardij,Leiden,Zuid-Holland,2311EV,nan,Colinda Nijgh,admin@graalmakelaardij.nl,NVM,Realworks,12-10-2017,okt.-2017,Ja,Mailing,JP,JP,✓,Ja compleet,Ja,Ja actief en compleet,Aangemeld,Ja,,Nee,,,,,
1323,48863,Poels Makelaars,Venlo,Limburg,5913XH,160,Ed Faessen,info@poelsmakelaars.nl,VBO,Anders,13-10-2017,okt.-2017,Nee,Sales,Jelle,Jelle,x,Nee,Nee,Ja nog niet actief,,,,Nee,,,,,14-12 RJ status van PO gevraagd.
1324,48949,Huizenpartner,Venlo,Limburg,5913XH,160,Ed Faessen,info@huizenpartner.nl,VBO,Anders,13-10-2017,okt.-2017,Nee,Sales,Jelle,Jelle,x,Nee,Nee,Ja nog niet actief,,,,Nee,,,,,14-12 RJ status van PO gevraagd.
1325,50038,Kuijpers Makelaardij,Fijnaart,Noord-Brabant,4759CE,3a,Diana Kuijpers,diana@mathekuijpers.nl,VBO,Venum,13-10-2017,okt.-2017,Nee,Sales,Jelle,Jelle,✓,Ja compleet,Ja,Ja actief en compleet,Aangemeld,,,Ja,Ja DvD,11-5-2018,https://www.kuijpersmakelaardij.nl/16-3a20/website-links/links,https://www.pararius.nl/koopwoningen/,
1326,51401,Evers Makelaardij & Taxateurs,Amsterdam,Noord-Holland,1082AR,413,Mevrouw Evers,info@eversmakelaardij.nl,NVM,Goes&Roos,16-10-2017,okt.-2017,Ja,Mailing,JP,JP,✓,Ja compleet,Ja,Ja actief en compleet,Aangemeld,Ja,,Ja,Ja DvD,1-5-2018,http://www.eversmakelaardij.nl/index.html,https://www.pararius.nl/koopwoningen/amsterdam,
1327,60311,De Haan Makelaardij,De Rijp,Noord-Holland,1483BJ,nan,Kathelijne Kok,info@dehaanmakelaardij.nl,NVM,Realworks,17-10-2017,okt.-2017,Nee,Sales,JP,JP,✓,Ja compleet,Ja,Ja actief en compleet,Aangemeld,,,Ja,,,,,
1328,49551,WIJ Makelaars,Roermond,Limburg,6041GN,10,Patrick Stamminger,info@wijmakelaars.nl,NVM,Realworks,17-10-2017,okt.-2017,Nee,Sales,Jelle,Jelle,✓,Ja compleet,Ja,Ja actief en compleet,Aangemeld,,,Nee,,,,,
1329,52489,Ben Mordang Makelaardij,Maastricht,Limburg,6211PZ,50A,Louis Mordang,info@benmordang.nl,NVM,Realworks,17-10-2017,okt.-2017,Nee,Sales,Jelle,Jelle,✓,Ja compleet,Ja,Ja actief en compleet,Aangemeld,,,Ja,Ja DvD,16-8-2018,https://www.benmordang.nl/,https://www.pararius.nl/koopwoningen/,
1330,50132,Jenneskens Makelaardij,Cuijk,Noord-Brabant,5431DH,47,Josée Jenneskens,josee@jenneskensmakelaardij.nl,VBO,Venum,18-10-2017,okt.-2017,Nee,Sales,Jelle,Jelle,✓,Ja compleet,Ja,Ja actief en compleet,Aangemeld,,,Nee,,,,,
1331,49735,Kempen & Oberdorf Makelaardij,Sittard,Limburg,6134AA,121,Linda Quels-Fijen,linda@kempenoberdorf.nl,NVM,Realworks,18-10-2017,okt.-2017,Nee,Sales,Jelle,Jelle,✓,Ja compleet,Ja,Ja actief en compleet,Aangemeld,,,Ja,,,,,
1332,49686,Denis Makelaardij,Eindhoven,Noord-Brabant,5644EK,16,Marco Denis,info@denismakelaardij.nl,Onafhankelijk,Estate Ware,19-10-2017,okt.-2017,Nee,Sales,Jelle,Jelle,✓,Ja compleet,Ja,Ja actief en compleet,Aangemeld,,,Nee,,,,,
1333,49727,Mutters Makelaardij Vianen,Vianen (UT),Utrecht,4132BA,nan,Wessel,vianen@muttersmakelaardij.nl,VBO,Venum,19-10-2017,okt.-2017,Nee,Sales,Philip,Jelle,✓,Ja compleet,Ja,Ja actief en compleet,Aangemeld,,,Nee,,,,,
1334,52412,Home for Life,Rijnsburg,Zuid-Holland,2231SB,5a,Ans van Delft,info@homeforlife.nl,Onafhankelijk,Pararius Office,20-10-2017,okt.-2017,Nee,Sales,JP,JP,✓,Ja compleet,Ja,Ja actief en compleet,Aangemeld,,,Nee,Ja DvD,27-11-2018,https://www.homeforlife.nl/,https://www.pararius.nl/makelaars/rijnsburg/homeforlife,
1335,49570,Haulez Vastgoed,Hulst,Zeeland,4561AC,53,Pascal Haulez,info@haulzevastgoed.nl,Onafhankelijk,Venum,20-10-2017,okt.-2017,Nee,Sales,Jelle,Jelle,✓,Ja compleet,Ja,Ja actief en compleet,Aangemeld,,,Nee,,,,,"14-12 P:Ascal gesproken, had hem wel geactiverd, maar blijkbaar niet gelukt. Nu niet in Venum. Gaat er naar kijken en gaat ook Venum contacten hierover."
1336,49593,Adam Mostard en Hommes Makelaars,Maastricht,Limburg,6212ET,23,Ralph Delfos,info@amh-makelaars.nl,NVM,Realworks,20-10-2017,okt.-2017,Nee,Sales,Jelle,Jelle,✓,Ja gedeeltelijk,Ja,Ja actief en compleet,Aangemeld,,,Nee,,,,,
1337,55581,Smit & Heinen Makelaars,Amsterdam,Noord-Holland,1074AK,161,Sven Heinen,info@smitenheinen.nl,NVM,Realworks,20-10-2017,okt.-2017,Nee,Sales,JP,JP,✓,Ja compleet,Nee,Ja nog niet compleet,Aangemeld,,,Nee,,,,,
1338,50208,"Broekx Makelaardij, Hypotheken en Verzekeringen",Eindhoven,Noord-Brabant,5611SG,159,Stef Verhoeven,info@broekx.nl,NVM,Realworks,20-10-2017,okt.-2017,Nee,Sales,Jelle,Jelle,✓,Ja compleet,Ja,Ja actief en compleet,Aangemeld,,,Ja,,,,,
1339,54741,Makelaar Van der Linden Almere,Almere,Flevoland,1314BN,43123,Marian de Munnik,info.almere@vanderlinden.nl,NVM,Realworks,20-10-2017,okt.-2017,Nee,Sales,JP,JP,✓,Ja compleet,Ja,Ja actief en compleet,Aangemeld,,,Nee,,,,,
1340,54738,Makelaar Van der Linden Amsterdam,Amsterdam,Noord-Holland,1055RW,309-311,Marian de Munnik,info.amsterdam@vanderlinden.nl,NVM,Realworks,20-10-2017,okt.-2017,Nee,Sales,JP,JP,✓,Ja compleet,Ja,Ja actief en compleet,Aangemeld,,,Nee,,,,,
1341,54740,Makelaar Van der Linden Lelystad,Lelystad,Flevoland,8224BS,nan,Marian de Munnik,info.lelystad@vanderlinden.nl,NVM,Realworks,20-10-2017,okt.-2017,Nee,Sales,JP,JP,✓,Ja compleet,Ja,Ja actief en compleet,Aangemeld,,,Nee,,,,,
1342,60383,Makelaar Van der Linden Haarlem,Haarlem,Noord-Holland,2012DH,24,Marian de Munnik,info.haarlem@vanderlinden.nl,NVM,Realworks,20-10-2017,okt.-2017,Nee,Sales,JP,JP,✓,Ja gedeeltelijk,Nee,Ja nog niet actief,Aangemeld,,,Nee,,,,,
1343,60445,Internetmakelaars Bergen op Zoom-Roosendaal,Bergen op Zoom,Noord-Brabant,4624GM,40A,Arie,arie@brabantmakelaars.nl,NVM,Goes&Roos,23-10-2017,okt.-2017,Nee,Sales,Jelle,Jelle,✓,Ja compleet,Ja,Ja actief en compleet,Aangemeld,,,Nee,,,,,
1344,52464,Huysshop Internetmakelaar ,Eindhoven,Noord-Brabant,5613BH,54,Philip Koene,backoffice@huysshop.nl,NVM,Realworks,23-10-2017,okt.-2017,Nee,Sales,Jelle,Jelle,✓,Ja compleet,Ja,Ja actief en compleet,Aangemeld,,,Ja,,,,,
1345,49495,Koophuis Makelaars Maastricht,Maastricht,Limburg,6226GV,20,Ad Kwakkenbos,maastricht@koophuismakelaars.nl,Onafhankelijk,Direct,24-10-2017,okt.-2017,Nee,Sales,Jelle,Jelle,x,Nee,,,,,,Nee,,,,,14-12 Ad gesproken en hij verwacht die XML voor de kerst te hebben. Ligt bij zijn webbouwer die was ff met vakantie
1346,49135,Koophuis Makelaars Sittard,Sittard,Limburg,6133AM,16,Ad Kwakkenbos,koophuis.sittard@online.nl,Onafhankelijk,Direct,24-10-2017,okt.-2017,Nee,Sales,Jelle,Jelle,x,Nee,,,,,,Nee,,,,,14-12 Ad gesproken en hij verwacht die XML voor de kerst te hebben. Ligt bij zijn webbouwer die was ff met vakantie
1347,50281,Koophuis Makelaars Nieuw Vennep,Nieuw Vennep,Noord-Holland,2151AA,12,Ad Kwakkenbos,d.molenaar@vmp-advies.nl,Onafhankelijk,Direct,24-10-2017,okt.-2017,Nee,Sales,JP,JP,x,Nee,,,,,,Nee,,,,,
1348,50384,Koophuis Makelaars Hillegom,Hillegom,Zuid-Holland,2180AE,123,Ad Kwakkenbos,wilma@koophuismakelaars.nl,Onafhankelijk,Direct,24-10-2017,okt.-2017,Nee,Sales,JP,JP,x,Nee,,,,,,Nee,,,,,
1349,49043,Makelaarskantoor de Nooijer,Arnemuiden,Zeeland,4341ED,85,Jordy de Nooijer,info@denooijer-makelaars.nl,VBO,Venum,24-10-2017,okt.-2017,Nee,Sales,Jelle,Jelle,✓,Ja compleet,Ja,Ja actief en compleet,Aangemeld,,,Nee,,,,,
1350,54658,Taams Makelaardij,Spanbroek,Noord-Holland,1715VA,nan,Rob Taams,info@taamsmakelaardij.nl,NVM,Realworks,24-10-2017,okt.-2017,Nee,Sales,JP,JP,✓,Ja compleet,Ja,Ja actief en compleet,Aangemeld,,,Nee,,,,,
1351,50270,Lensink Gussinklo Makelaardij,Dinxperlo,Gelderland,7091AE,nan,Erwin Lensink,info@lensinkgussinklo.nl,NVM,Goes&Roos,26-10-2017,okt.-2017,Nee,Sales,Jelle,Jelle,✓,Ja compleet,Ja,Ja actief en compleet,Aangemeld,,,Nee,,,,,
1352,49764,Beekhuizen Makelaardij,Helvoirt,Noord-Brabant,5268EK,nan,Ingrid van Beek,info@beekhuizenmakelaardij.nl,NVM,Realworks,26-10-2017,okt.-2017,Nee,Sales,Jelle,Jelle,✓,Ja compleet,Ja,Ja actief en compleet,Aangemeld,,,Nee,,,,,
1353,48788,Iblue,Amsterdam,Noord-Holland,1087LC,nan,Alex ten Voorden,info@iblue.nl,NVM,Direct,31-10-2017,okt.-2017,Nee,Sales,JP,JP,x,IAV,,,,,,Nee,,,,,
1354,49645,Brandsma Vastgoed,Heerlen,Limburg,6411GW,25,Geert Brandsma,info@brandsma-vastgoed.nl,NVM,Realworks,31-10-2017,okt.-2017,Nee,Sales,Jelle,Jelle,✓,Ja compleet,Ja,Ja actief en compleet,Aangemeld,,,Nee,,,,,
1355,52022,De Makelaars van Altena - Sprang-Capelle,Sprang Capelle,Noord-Brabant,5161CG,37,Henk Jan Leijendekker,sprang-capelle@dmva.nl,VBO,Goes&Roos,1-11-2017,nov.-2017,Nee,Sales,Jelle,Jelle,✓,Ja compleet,Ja,Ja actief en compleet,Aangemeld,,,Nee,,,,,
1356,49031,De Makelaars van Altena - Woudrichem,Woudrichem,Noord-Brabant,4285BL,16a,Henk Jan Leijendekker,woudrichem@dmva.nl,VBO,Goes&Roos,1-11-2017,nov.-2017,Nee,Sales,Jelle,Jelle,✓,Ja compleet,Ja,Ja actief en compleet,Aangemeld,,,Nee,,,,,
1357,53913,Boonstra Makelaardij,Bolsward,Friesland,8701HL,nan,Douwe,info@boonstramakelaardij.nl,NVM,Realworks,1-11-2017,nov.-2017,Nee,Sales,JP,JP,✓,Ja compleet,Ja,Ja actief en compleet,Aangemeld,,,Nee,,,,,
1358,49040,Hendriks Makelaardij Amersfoort,Amersfoort,Utrecht,3812EB,161,Rob Arts,amersfoort@hendriks.nl,NVM,Direct,2-11-2017,nov.-2017,Nee,Sales,Jelle,Jelle,✓ Directe XML (niet via KA),Ja compleet,Ja,Ja actief en compleet,Verstuurd,,,Nee,,,,,
1359,48805,Hendriks Makelaardij Apeldoorn,Apeldoorn,Gelderland,7315GP,208,Rob Arts,Apeldoorn@hendriks.nl,NVM,Direct,2-11-2017,nov.-2017,Nee,Sales,Philip,Jelle,✓ Directe XML (niet via KA),Ja compleet,Ja,Ja actief en compleet,Verstuurd,,,Nee,,,,,
1360,49625,Hendriks Makelaardij Arnhem,Arnhem,Gelderland,6815BM,62,Rob Arts,Arnhem@hendriks.nl,NVM,Direct,2-11-2017,nov.-2017,Nee,Sales,Philip,Jelle,✓ Directe XML (niet via KA),Ja compleet,Ja,Ja actief en compleet,Verstuurd,,,Nee,,,,,
1361,49052,Hendriks Makelaardij Breda,Breda,Noord-Brabant,4811KB,329-A35,Rob Arts,breda@hendriks.nl,NVM,Direct,2-11-2017,nov.-2017,Nee,Sales,Jelle,Jelle,✓ Directe XML (niet via KA),Ja compleet,Ja,Ja actief en compleet,Verstuurd,,,Nee,,,,,
1362,48794,Hendriks Makelaardij Eindhoven,Eindhoven,Noord-Brabant,5615CA,nan,Rob Arts,eindhoven@hendriks.nl,NVM,Direct,2-11-2017,nov.-2017,Nee,Sales,Jelle,Jelle,✓ Directe XML (niet via KA),Ja compleet,Ja,Ja actief en compleet,Verstuurd,,,Nee,,,,,
1363,49630,Hendriks Makelaardij Den Bosch,Den Bosch,Noord-Brabant,5212XB,22,Rob Arts,shertogenbosch@hendriks.nl,NVM,Direct,2-11-2017,nov.-2017,Nee,Sales,Jelle,Jelle,✓ Directe XML (niet via KA),Ja compleet,Ja,Ja actief en compleet,Verstuurd,,,Nee,,,,,
1364,49003,Hendriks Makelaardij Nijmegen,Nijmegen,Gelderland,6511RJ,124,Rob Arts,nijmegen@hendriks.nl,NVM,Direct,2-11-2017,nov.-2017,Nee,Sales,Philip,Jelle,✓ Directe XML (niet via KA),Ja compleet,Ja,Ja actief en compleet,Verstuurd,,,Nee,,,,,
1365,48825,Hendriks Makelaardij Roermond,Roermond,Limburg,6041JS,43160,Rob Arts,roermond@hendriks.nl,NVM,Direct,2-11-2017,nov.-2017,Nee,Sales,Jelle,Jelle,✓ Directe XML (niet via KA),Ja compleet,Ja,Ja actief en compleet,Verstuurd,,,Nee,,,,,
1366,48812,Hendriks Makelaardij Tilburg,Tilburg,Noord-Brabant,5014HK,223,Rob Arts,tilburg@hendriks.nl,NVM,Direct,2-11-2017,nov.-2017,Nee,Sales,Jelle,Jelle,✓ Directe XML (niet via KA),Ja compleet,Ja,Ja actief en compleet,Verstuurd,,,Nee,,,,,
1367,49852,Hendriks Makelaardij Weert,Weert,Limburg,6001BC,34,Rob Arts,weert@hendriks.nl,NVM,Direct,2-11-2017,nov.-2017,Nee,Sales,Jelle,Jelle,✓ Directe XML (niet via KA),Ja compleet,Ja,Ja actief en compleet,Verstuurd,,,Nee,,,,,
1368,49952,Hoekstra & Van Eck Almere,Almere,Flevoland,1339NM,nan,Rob Arts,almere@hoekstraenvaneck.nl        ,NVM,Direct,2-11-2017,nov.-2017,Nee,Sales,JP,Jelle,✓ Directe XML (niet via KA),Ja compleet,Ja,Ja actief en compleet,Verstuurd,,,Nee,,,,,
1369,49328,Hoekstra & Van Eck Alkmaar,Alkmaar,Noord-Holland,1811BA,63-64,Rob Arts,alkmaar@hoekstraenvaneck.nl	,NVM,Direct,2-11-2017,nov.-2017,Nee,Sales,JP,Jelle,✓ Directe XML (niet via KA),Ja compleet,Ja,Ja actief en compleet,Verstuurd,,,Nee,,,,,
1370,48827,Hoekstra & Van Eck Amsterdam Centrum,Amsterdam,Noord-Holland,1017ZN,10,Rob Arts,amsterdam@hoekstraenvaneck.nl,NVM,Direct,2-11-2017,nov.-2017,Nee,Sales,JP,JP,✓ Directe XML (niet via KA),Ja compleet,Ja,Ja actief en compleet,Verstuurd,,,Nee,,,,,
1371,49206	,Hoekstra & Van Eck Amsterdam Noord,Amsterdam,Noord-Holland,1023BD,2,Rob Arts,amsterdamnoord@hoekstraenvaneck.nl	,NVM,Direct,2-11-2017,nov.-2017,Nee,Sales,JP,JP,✓ Directe XML (niet via KA),Ja compleet,Ja,Ja actief en compleet,Verstuurd,,,Nee,,,,,
1372,60510,Hoekstra & Van Eck Amsterdam West,Amsterdam,Noord-Holland,1068ZZ,82,Rob Arts,amsterdamwest@hoekstraenvaneck.nl,NVM,Direct,2-11-2017,nov.-2017,Nee,Sales,JP,JP,✓ Directe XML (niet via KA),Ja compleet,Ja,Ja actief en compleet,Verstuurd,,,Nee,,,,,
1373,48878,Hoekstra & Van Eck Enkhuizen,Enkhuizen,Noord-Holland,1601HA,23,Rob Arts,enkhuizen@hoekstraenvaneck.nl,NVM,Direct,2-11-2017,nov.-2017,Nee,Sales,JP,JP,✓ Directe XML (niet via KA),Ja compleet,Ja,Ja actief en compleet,Verstuurd,,,Nee,,,,,
1374,50222,Hoekstra & Van Eck Haarlem,Haarlem,Noord-Holland,2033JB,11B,Rob Arts,haarlem@hoekstraenvaneck.nl,NVM,Direct,2-11-2017,nov.-2017,Nee,Sales,JP,JP,✓ Directe XML (niet via KA),Ja compleet,Ja,Ja actief en compleet,Verstuurd,,,Nee,,,,,
1375,57153,Hoekstra & Van Eck Heerhugowaard,Heerhugowaard,Noord-Holland,1703WB,34-36,Rob Arts,heerhugowaard@hoekstraenvaneck.nl,NVM,Direct,2-11-2017,nov.-2017,Nee,Sales,JP,JP,✓ Directe XML (niet via KA),Ja compleet,Ja,Ja actief en compleet,Verstuurd,,,Nee,,,,,
1376,49488,Hoekstra & Van Eck Hoorn,Hoorn (nh),Noord-Holland,1621JC,28,Rob Arts,hoorn@hoekstraenvaneck.nl,NVM,Direct,2-11-2017,nov.-2017,Nee,Sales,JP,JP,✓ Directe XML (niet via KA),Ja compleet,Ja,Ja actief en compleet,Verstuurd,,,Nee,,,,,
1377,55673,Hoekstra & Van Eck Landsmeer,Landsmeer,Noord-Holland,1121CJ,nan,Rob Arts,landsmeer@hoekstraenvaneck.nl,NVM,Direct,2-11-2017,nov.-2017,Nee,Sales,JP,JP,✓ Directe XML (niet via KA),Ja compleet,Ja,Ja actief en compleet,Verstuurd,,,Nee,,,,,
1378,49416,Hoekstra & Van Eck Monnickendam,Monnickendam,Noord-Holland,1141BJ,64,Rob Arts,Monnickendam@hoekstraenvaneck.nl,NVM,Direct,2-11-2017,nov.-2017,Nee,Sales,JP,JP,✓ Directe XML (niet via KA),Ja compleet,Ja,Ja actief en compleet,Verstuurd,,,Nee,,,,,
1379,49496,Hoekstra & Van Eck Purmerend,Purmerend,Noord-Holland,1441MR,88,Rob Arts,purmerend@hoekstraenvaneck.nl,NVM,Direct,2-11-2017,nov.-2017,Nee,Sales,JP,JP,✓ Directe XML (niet via KA),Ja compleet,Ja,Ja actief en compleet,Verstuurd,,,Nee,,,,,
1380,49499,Hoekstra & Van Eck Zaandam,Zaandam,Noord-Holland,1506VA,nan,Rob Arts,zaandam@hoekstraenvaneck.nl,NVM,Direct,2-11-2017,nov.-2017,Nee,Sales,JP,JP,✓ Directe XML (niet via KA),Ja compleet,Ja,Ja actief en compleet,Verstuurd,,,Nee,,,,,
1381,53722,HOI Makelaars,Waalre,Noord-Brabant,5582HT,34,Leon,info@hoi-makelaars.nl,NVM,Realworks,2-11-2017,nov.-2017,Nee,Sales,Jelle,Jelle,✓,Ja compleet,Ja,Ja actief en compleet,Aangemeld,,,Nee,,,,,
1382,49124,Makelaardij van Oppen | Pelzer | Simons,Brunssum,Limburg,6418CB,75,Rody Simons,makelaardij@oppen.nl,NVM,Realworks,2-11-2017,nov.-2017,Nee,Sales,Jelle,Jelle,✓,Ja gedeeltelijk,Nee,Ja nog niet compleet,Aangemeld,,,Nee,,,,,
1383,49475,Paul Simons Assurantien en Makelaardij,Landgraaf,Limburg,6374KW,214,Rody Simons,makelaardij@paulsimons.info,NVM,Realworks,2-11-2017,nov.-2017,Nee,Sales,Jelle,Jelle,✓,Ja compleet,Ja,Ja actief en compleet,Aangemeld,,,Nee,,,,,
1384,50897,Appeldoorn van Erven Makelaars,Oisterwijk,Noord-Brabant,5062HD,nan,Nicolle Appeldoorn,info@appeldoornvanerven.nl,NVM,Realworks,2-11-2017,nov.-2017,Nee,Sales,Jelle,Jelle,✓,Ja compleet,Ja,Ja actief en compleet,Aangemeld,,,Nee,,,,,
1385,54297,Lex van Leeuwen NVM Makelaars,Den Haag,Zuid-Holland,2564EG,nan,Björn van Leeuwen,info@lexvanleeuwen.nl,NVM,Realworks,3-11-2017,nov.-2017,Nee,Sales,JP,JP,✓,Ja gedeeltelijk,Ja,Ja nog niet compleet,Aangemeld,,,Ja,Ja DvD,13-4-2018,https://www.lexvanleeuwen.nl/nl/home,https://www.pararius.nl/makelaars/den-haag/lex-van-leeuwen-nvm-makelaars,
1386,53973,De Bruin Makelaardij,Noordwijk (zh),Zuid-Holland,2202HT,214,Paul de Bruin,noordwijk@zekervia.nl,NVM,Realworks,3-11-2017,nov.-2017,Nee,Sales,JP,JP,✓,Ja gedeeltelijk,Nee,Ja nog niet actief,Aangemeld,,,Nee,,,,,
1387,50260,Emile Reuhl Makelaardij,Overasselt,Gelderland,6611KH,nan,Emile Reuhl,info@ermakdelaardij.nl,NVM,Realworks,3-11-2017,nov.-2017,Nee,Sales,Philip,Jelle,✓,Ja compleet,Ja,Ja actief en compleet,Aangemeld,,,Nee,,,,,
1388,56101,Expat Home Services,Den Haag,Zuid-Holland,2597XM,132,Irene Ruijs,info@expathomeservices.nl,Onafhankelijk,Pararius Office,6-11-2017,nov.-2017,Nee,Sales,JP,JP,✓,Ja compleet,Ja,Ja actief en compleet,Aangemeld,,,Nee,,,,,
1389,50197,Snijders & de Werdt Makelaars,Eindhoven,Noord-Brabant,5628KE,21,Heulene de Werdt,info@swmakelaars.nl,NVM,Realworks,6-11-2017,nov.-2017,Nee,Sales,Jelle,Jelle,✓,Ja compleet,Ja,Ja actief en compleet,Aangemeld,,,Nee,,,,,
1390,60764,Vd Lindeloof,Grijpskerke,Zeeland,4364RD,nan,Jca van de Lindeloof,lindeloof@zeelandnet.nl,Onafhankelijk,Anders,8-11-2017,nov.-2017,Nee,Sales,Jelle,JP,IAV,IAV,,,,,,Nee,,,,,
1391,49102,Dave Crolla Makelaardij,Maastricht,Limburg,6200AD,151,Dave Crolla,info@davecrolla.nl,Onafhankelijk,Goes&Roos,8-11-2017,nov.-2017,Nee,Sales,Jelle,Jelle,✓,Ja compleet,Ja,Ja nog niet compleet,Aangemeld,,,Nee,,,,,
1392,53226,Vos Makelaardij,Ouderkerk amstel,Noord-Holland,1191AG,nan,Saskia,info@vos-makelaardij.nl,NVM,Goes&Roos,8-11-2017,nov.-2017,Nee,Sales,JP,JP,✓,Ja compleet,Ja,Ja actief en compleet,Aangemeld,,,Nee,,,,,
1393,60779,Huizenbalie.nl,Berkel Enschot,Noord-Brabant,5056LM,93,Huib Kornet,info@huizenbalie.nl,Onafhankelijk,Pararius Office,8-11-2017,nov.-2017,Nee,Sales,Jelle,Jelle,✓,Ja compleet,Ja,Ja actief en compleet,Aangemeld,,,Ja,,,,,
1394,50097,Mia Makelaar,Oegstgeest,Zuid-Holland,2341GP,88,Barbara van Duren,info@miamakelaar.nl,Onafhankelijk,Venum,8-11-2017,nov.-2017,Nee,Sales,JP,JP,✓,Ja compleet,Ja,Ja actief en compleet,Aangemeld,,,Nee,,,,,
1395,58696,Arnout Verheij Woningmakelaardij,Eindhoven,Noord-Brabant,5631JV,33,Arnout Verheij,info@avwoningmakelaardij.nl,VastgoedPRo,Realworks,8-11-2017,nov.-2017,Nee,Sales,Jelle,JP,✓,Ja compleet,Ja,Ja actief en compleet,Aangemeld,,,Ja,Ja DvD,26-3-2018,http://www.avwoningmakelaardij.nl/,https://www.pararius.nl/,
1396,56762,LiVastGo Makelaardij,Sommelsdijk,Zuid-Holland,3245KE,19B,T. van der Linden,info@livastgo.nl,NVM,Realworks,8-11-2017,nov.-2017,Nee,Sales,Jelle,Jelle,✓,Ja compleet,Ja,Ja actief en compleet,Aangemeld,,,Nee,,,,,
1397,55877,Iets Anders Makelaars,Aalten,Gelderland,7122BV,16,Rebekka Lensink,r.lensink@ietsandersmakelaars.nl,NVM,Realworks,8-11-2017,nov.-2017,Nee,Sales,Philip,JP,✓,Ja compleet,Ja,Ja actief en compleet,Aangemeld,,,Nee,,,,,
1398,60765,Wijs Wonen,Amersfoort,Utrecht,3823EB,nan,Noelle Sanders,wijswonen@gmail.com,Onafhankelijk,Realworks,8-11-2017,nov.-2017,Nee,Sales,Jelle,Jelle,✓,Ja compleet,Ja,Ja actief en compleet,Aangemeld,,,Nee,,,,,14-12 Is gekoppeld alleen nog geen aanbod
1399,60778,Mark Teeuwissen Makelaardij,Huizen,Noord-Holland,1271NM,16,Mark Teeuwissen,info@markteeuwissen.nl,Onafhankelijk,Realworks,8-11-2017,nov.-2017,Nee,Sales,JP,JP,x,IAV,Ja,Ja nog niet actief,,,,Nee,,,,,
1400,48947,Makelaar1,Tilburg,Noord-Brabant,5000AT,751,Bas Pellis,info@makelaar1.nl,NVM,Direct,9-11-2017,nov.-2017,Nee,Sales,Jelle,Jelle,✓,Ja compleet,Ja,Ja actief en compleet,Verstuurd,,,Nee,,,,,14-12 gekoppeld!
1401,49084,Makelaarsbalie,Tilburg,Noord-Brabant,5000AT,751,Bas Pellis,info@makelaarsbalie.nl,NVM,Direct,9-11-2017,nov.-2017,Nee,Sales,Jelle,Jelle,✓,Ja compleet,Ja,Ja actief en compleet,Verstuurd,,,Nee,,,,,14-12 gekoppeld!
1402,53752,Peter van Bruggen Makelaardij,Heerlen,Limburg,6411BW,80,Martijn Timmers,info@petervanbruggen.nl,Onafhankelijk,Direct,9-11-2017,nov.-2017,Nee,Sales,Jelle,Jelle,✓,Ja compleet,Ja,Ja actief en compleet,Verstuurd,,,Ja,,,,,
1403,48781,Hallie & van Klooster Makelaardij,Amsterdam,Noord-Holland,1052HX,84,Stefan Broeke,stefan@hallie-vanklooster.nl,NVM,Goes&Roos,9-11-2017,nov.-2017,Nee,Sales,JP,JP,✓,Ja compleet,Ja,Ja actief en compleet,Verstuurd,,,Nee,,,,,
1404,56111,Friened,Leeuwarden,Friesland,8932EZ,114,Bennie Jurna,info@friened.nl,Onafhankelijk,Pararius Office,9-11-2017,nov.-2017,Nee,Sales,JP,JP,✓,Ja compleet,Ja,Ja actief en compleet,Verstuurd,,,,,,,,
1405,58697,Hamilton Vastgoed Amsterdam,Amsterdam,Noord-Holland,1046AH,39,Arjen Kik,amsterdam@hamiltonvastgoed.nl,Onafhankelijk,Pararius Office,9-11-2017,nov.-2017,Nee,Sales,JP,JP,✓,Ja compleet,Ja,Ja actief en compleet,Verstuurd,,,,,,,,
1406,50154,Makelaarshuis,Den Haag,Zuid-Holland,2582TZ,10,Martijn ,info@makelaarshuis.nl,Onafhankelijk,Venum,9-11-2017,nov.-2017,Nee,Sales,JP,JP,✓,Ja compleet,Ja,Ja actief en compleet,Verstuurd,,,Nee,,,,,
1407,55411,ABerg Makelaardij,Amersfoort,Utrecht,3853WC,81,Arie vd Berg,info@aberg.nl,VBO,Venum,9-11-2017,nov.-2017,Nee,Sales,Jelle,Jelle,x,Nee,Nee,Ja nog niet actief,,,,Nee,,,,,14-12 14-12 volgende week bellen had geen tijd gehad nog
1408,53874,Beaufort Makelaars,Nijmegen,Gelderland,6511NM,21,Frans Scholl,info@beaufortmakelaars.nl,NVM,Realworks,9-11-2017,nov.-2017,Nee,Sales,Philip,Jelle,✓,Ja compleet,Ja,Ja actief en compleet,Verstuurd,,,Nee,,,,,
1409,53121,Michiel van Maanen Makelaardij,Amsterdam,Noord-Holland,2121VA,nan,Monique van Maanen,monique@mvmmakelaardij.nl,NVM,Realworks,9-11-2017,nov.-2017,Nee,Sales,JP,JP,✓,Ja compleet,Ja,Ja actief en compleet,Verstuurd,,,Ja,,,,,
1410,52687,Het Wonen / Corpowonen,Hoogeveen,Drenthe,7901AE,nan,Jeroen Bos,info@hetwonen.nl,NVM,Direct,10-11-2017,nov.-2017,Nee,Sales,Philip,JP,✓,Ja compleet,Ja,Ja actief en compleet,Verstuurd,,,Nee,,,,,
1411,50037,Wooncheckpunt Makelaar,Landgraaf,Limburg,6374BB,78,Leo Pelsers,info@wooncheckpunt.nl,Onafhankelijk,Direct,10-11-2017,nov.-2017,Nee,Sales,Jelle,Jelle,x,Nee,Ja,Ja nog niet actief,,,,Nee,,,,,
1412,52460,Woonhuis Limburg,Nuth,Limburg,6361BH,30,Ruben,info@woonhuislimburg.nl,Onafhankelijk,Venum,10-11-2017,nov.-2017,Nee,Sales,Jelle,Jelle,✓,Ja compleet,Ja,Ja actief en compleet,Verstuurd,,,Nee,,,,,
1413,51444,Faasse & Fermont,Goes,Zeeland,4461HN,12,Danyel,info@fasse-fermont.nl,NVM,Yes-Co,10-11-2017,nov.-2017,Nee,Sales,Jelle,Jelle,IAV,IAV,,,,,,Nee,,,,,14-12 IAV Yesco
1414,52234,VRC - Veth Realty & Consultancy B.V.,Haarlem,Noord-Holland,2011EB,nan,Ryan,info@vethrealty.nl,Onafhankelijk,Goes&Roos,13-11-2017,nov.-2017,Nee,Sales,JP,JP,✓,Ja gedeeltelijk,Ja,Ja nog niet compleet,Aangemeld,,,Ja,,,,,
1415,56192,About Real Estate,Den Haag,Zuid-Holland,2596 AL,nan,Paul Zuiderwijk,info@aboutrealestate.nl,Onafhankelijk,Direct,13-11-2017,nov.-2017,Nee,Sales,JP,JP,✓ Directe XML (niet via KA),Ja compleet,Ja,Ja actief en compleet,Aangemeld,,,,,,,,
1416,49049,Van der Schaaf & Schievink,Kollum,Friesland,9291CA,17a,Douwe,info@vanderschaafschievink.nl,VBO,Venum,13-11-2017,nov.-2017,Nee,Sales,JP,Jelle,✓,Ja compleet,Ja,Ja actief en compleet,Verstuurd,,,Nee,,,,,
1417,51655,Corio Makelaars,Valkenburg (LB),Limburg,6301JA,19-A,Zita Jansen,info@coriomakelaars.nl,VBO,Venum,13-11-2017,nov.-2017,Nee,Sales,Jelle,Jelle,✓,Ja compleet,Ja,Ja actief en compleet,Verstuurd,,,Ja,,,,,
1418,60102,iSee Makelaars,Den Haag,Zuid-Holland,2595WP,nan,Robbert de Zeeuw,info@isee.nl,VBO,Venum,13-11-2017,nov.-2017,Nee,Sales,JP,JP,✓,Ja compleet,Ja,Ja actief en compleet,Aangemeld,,3,Ja,Ja DvD,10-12-2018,https://www.isee.nl/nl/home,https://www.pararius.nl/makelaars/den-haag/isee-makelaars,
1419,60884,Webshopmakelaar.com,Made,Noord-Brabant,4921DC,9-E,Anton Zopfi,info@webshopmakelaar.com,VBO,Venum,13-11-2017,nov.-2017,Nee,Sales,Jelle,Jelle,✓,Ja gedeeltelijk,Ja,Ja nog niet compleet,Aangemeld,,,Ja,,,,,
1420,56665,OGS-Utrecht,Utrecht,Utrecht,3581AA,11,Tim Hörters,tim@ogs-utrecht.nl,VBO,Venum,13-11-2017,nov.-2017,Nee,Koppeling,Jelle,Jelle,✓,Ja geen aanbod,Nee,Ja nog niet actief,,,,Nee,,,,,
1421,49761,RE/MAX Wonen,Heerhugowaard,Noord-Holland,1701ED,33,Jim Tesselaar,heerhugowaard@remax.nl,VBO,Venum,13-11-2017,nov.-2017,Nee,Sales,JP,JP,✓,Ja geen aanbod,Nee,Ja nog niet actief,,,,Nee,,,,,
1422,49331,Spijker Makelaardij,Almere,Flevoland,1315GA,45,Tijs Goudsmit,info@spijkermakelaardij.nl,NVM,Realworks,13-11-2017,nov.-2017,Nee,Sales,JP,JP,✓,Ja compleet,Ja,Ja actief en compleet,Verstuurd,,,Nee,,,,,
1423,52817,TW3 Strategie Marketing Makelaardij,Rotterdam,Zuid-Holland,3016CJ,nan,Stephanie,info@tw3.nl,NVM,Realworks,13-11-2017,nov.-2017,Nee,Sales,JP,JP,✓,Ja compleet,Ja,Ja actief en compleet,Verstuurd,,,Nee,,,,,
1424,55451,Hunink & Holtrigter makelaardij,Amersfoort,Utrecht,3811NJ,28,Marloes,info@hh-makelaardij.nl,NVM,Goes&Roos,14-11-2017,nov.-2017,Nee,Sales,Jelle,Jelle,✓,Ja compleet,Ja,Ja actief en compleet,Verstuurd,,,Nee,,,,,
1425,51693,B2 Makelaars & Taxateurs,Haarlem,Noord-Holland,2012CE,109,Coert van der Brink,info@b2makelaars.nl,VBO,Venum,14-11-2017,nov.-2017,Nee,Sales,JP,JP,✓,Ja gedeeltelijk,Ja,Ja nog niet compleet,Aangemeld,,,Nee,,,,,
1426,50214,Focusgroep Makelaardij,Maastricht,Limburg,6221BL,76,Annet Heus,info@focusgroep.nl,Onafhankelijk,Venum,14-11-2017,nov.-2017,Nee,Sales,Jelle,Jelle,✓,Ja compleet,Ja,Ja actief en compleet,Verstuurd,,,Nee,,,,,
1427,52112,Oost-West Makelaars,Den Haag,Zuid-Holland,2573LD,103,Hulya Ciftci,hulya@oostwestmakelaars.nl,NVM,Realworks,14-11-2017,nov.-2017,Nee,Sales,JP,JP,✓,Ja gedeeltelijk,Nee,Ja nog niet compleet,Aangemeld,,,Ja,Ja DvD,20-2-2018,https://www.oostwestmakelaars.nl/,https://www.pararius.nl/koopwoningen/den-haag,
1428,52531,Tysma Makelaardij,Deventer,Overijssel,7413CE,113,Arjen Tysma,info@tysma.nl,NVM,Realworks,14-11-2017,nov.-2017,Nee,Sales,Philip,Jelle,✓,Ja compleet,Ja,Ja actief en compleet,Verstuurd,,,Ja,,,,,
1429,49512,Bjornd Makelaardij,Delft,Zuid-Holland,2611BD,103,Irene,info@bjornd.nl,NVM,Realworks,14-11-2017,nov.-2017,Nee,Sales,JP,JP,✓,Ja compleet,Ja,Ja actief en compleet,Verstuurd,,,Nee,,,,,
1430,55429,JA! Jaap Admiraal Makelaardij,Amsterdam,Noord-Holland,1075EE,152,Jan Willem,info@jamakelaardij.nl,NVM,Realworks,14-11-2017,nov.-2017,Nee,Sales,JP,JP,✓,Ja compleet,Ja,Ja actief en compleet,Verstuurd,,,Nee,,,,,
1431,52522,Schonck Schul & Compagnie,Breda,Noord-Brabant,4834XT,nan,Pascal Groenendijk,p.groenendijk@schonckschul.com,NVM,Realworks,14-11-2017,nov.-2017,Nee,Sales,Jelle,Jelle,✓,Ja compleet,Ja,Ja actief en compleet,Verstuurd,,,Nee,,,,,
1432,54773,Van Maarschalkerwaart Makelaars,Amsterdam,Noord-Holland,1075BL,nan,David Vermeulen,info@van-maarschalkerwaart.nl,NVM,Realworks,14-11-2017,nov.-2017,Nee,Sales,JP,JP,✓,Ja compleet,Ja,Ja actief en compleet,Verstuurd,,,Nee,,,,,
1433,55551,4D Vastgoed,Eijsden,Limburg,6245HK,26,Jeannot Deckers,info@4dvastgoed.nl,Onafhankelijk,Direct,15-11-2017,nov.-2017,Nee,Sales,Jelle,Jelle,✓ Directe XML (niet via KA),Ja compleet,Ja,Ja actief en compleet,Verstuurd,,,Nee,,,,,
1434,55435,Makelaardij Schiphuis,Musselkanaal,Groningen,9581BA,1a,Dhr Schiphuis,info@makelaardijschiphuis.nl,VBO,Venum,15-11-2017,nov.-2017,Nee,Sales,Philip,Jelle,✓,Ja geen aanbod,Nee,Ja nog niet actief,,,,Nee,,,,,14-12 Gebeld maar hij zit in afspraakt. Tot 4 uur wel op kantoor. Later proberen
1435,52351,Cense Makelaars,Zandvoort,Noord-Holland,2042LM,16,Tjerk,info@censemakelaars.nl,NVM,Realworks,15-11-2017,nov.-2017,Nee,Sales,JP,JP,✓,Ja compleet,Ja,Ja actief en compleet,Verstuurd,,,Ja,Ja DvD,14-3-2018,https://www.censemakelaars.nl/,https://www.pararius.nl/koopwoningen/zandvoort,
1436,55701,MB Makelaars,Breda,Noord-Brabant,4835PS,118,Martijn Braat,info@mbmakelaars.nl,NVM,Realworks,15-11-2017,nov.-2017,Nee,Sales,Jelle,Jelle,✓,Ja compleet,Ja,Ja actief en compleet,Verstuurd,,,Ja,Ja DvD,19-3-2018,http://www.mbmakelaars.nl,https://www.pararius.nl/koopwoningen/breda,
1437,49047,VMG Makelaardij regio Eindhoven,Waalre,Noord-Brabant,5582JZ,100,Mohamed Moustati,regioeindhoven@vmg-makelaars.nl,NVM,Realworks,15-11-2017,nov.-2017,Nee,Sales,Jelle,Jelle,✓,Ja compleet,Ja,Ja actief en compleet,Verstuurd,,,Nee,,,,,
1438,60511,Djezz,Gorinchem,Zuid-Holland,4208BA,86,Digerto Biemans,info@djezzhelpt.nl,Onafhankelijk,Realworks,15-11-2017,nov.-2017,Nee,Sales,Jelle,Jelle,✓,Ja compleet,Ja,Ja actief en compleet,Verstuurd,,,Nee,,,,,
1439,60937,Morgen Makelaardij,Utrecht,Utrecht,3521EC,39,Marian Verhoef,marianverhoef@gmail.com,Onafhankelijk,Realworks,15-11-2017,nov.-2017,Nee,Sales,Jelle,Jelle,✓,Ja compleet,Nee,Ja actief en compleet,Verstuurd,,,Nee,,,,,
1440,49174,Weusthuis Makelaardij,Tubbergen,Overijssel,7651CX,nan,Luc Weusthuis,tubbergen@weusthuismakelaardij.nl,NVM,Realworks,16-11-2017,nov.-2017,Nee,Sales,Philip,Jelle,✓,Ja compleet,Ja,Ja actief en compleet,,,10+,Nee,,,,,
1441,60958,21 Zuid Makelaardij,Amsterdam,Noord-Holland,1076PL,322 hs,Bowie Le Clercq,info@21zuid.nl,Onafhankelijk,Direct,16-11-2017,nov.-2017,Nee,Sales,JP,JP,✓,Ja compleet,Ja,Ja actief en compleet,Verstuurd,,7,Nee,,,,,
1442,51971,Molenaar Cové Makelaars,Alblasserdam,Zuid-Holland,2952DD,307,Teuni Cové,info@molenaarcove.nl,VBO,Goes&Roos,16-11-2017,nov.-2017,Nee,Sales,JP,JP,✓,Ja compleet,Ja,Ja actief en compleet,Verstuurd,,,Nee,,,,,
1443,52327,F.E. Real Estate,Amsterdam,Noord-Holland,1043BS,127 III,Francis Etsiwah,info@fe-realestate.nl,VBO,Venum,16-11-2017,nov.-2017,Nee,Sales,JP,JP,✓,Ja compleet,Ja,Ja actief en compleet,Verstuurd,,,Ja,Ja DvD,3-7-2018,https://www.fe-realestate.nl/16-abbc/website-links/belangrijke-links,http://www.pararius.nl/,
1444,53801,Boekschoten & Van Lieshout Makelaars,Arnhem,Gelderland,6828CC,31,Petra Stap,info@bnvlmakelaars.nl,NVM,Realworks,16-11-2017,nov.-2017,Nee,Sales,Philip,Jelle,✓,Ja compleet,Ja,Ja actief en compleet,Verstuurd,,,Nee,,,,,
1445,54096,GeWOON Makelaars,Den Bosch,Noord-Brabant,5237BB,61,Frank Croonen,info@gewoonmakelaars.nl,NVM,Realworks,16-11-2017,nov.-2017,Nee,Sales,Jelle,Jelle,✓,Ja compleet,Ja,Ja actief en compleet,Verstuurd,,,Nee,,,,,
1446,50355,Makelaardij Olav Veldhuizen,Heeze,Noord-Brabant,5591HC,11,Olav Veldhuizen,info@makelaardijolav.nl,NVM,Realworks,16-11-2017,nov.-2017,Nee,Sales,Jelle,Jelle,✓,Ja geen aanbod,Nee,Ja nog niet actief,,,,Nee,,,,,
1447,54401,Huibers Makelaardij,Eindhoven,Noord-Brabant,5611CS,nan,Olav Veldhuizen,info@huibers.nl,NVM,Realworks,16-11-2017,nov.-2017,Nee,Sales,Jelle,Jelle,✓,Ja compleet,Ja,Ja actief en compleet,Verstuurd,,,Nee,,,,,
1448,50959,Adelbrecht Vastgoed ,Amsterdam,Noord-Holland,1062GZ,572,Rene van Zutphent,info@adelbrecht.nl,VBO,Venum,17-11-2017,nov.-2017,Nee,Sales,JP,JP,IAV,IAV,,,,,,Nee,,,,,
1449,61031,De wekker Makelaardij Zoetermeer,Zoetermeer,Zuid-Holland,2713RR,14,Cas,info@dewekkerzoetermeer.nl,VBO,Venum,17-11-2017,nov.-2017,Nee,Sales,JP,JP,✓,Ja gedeeltelijk,Ja,Ja nog niet compleet,Aangemeld,,,Ja,Ja DvD,20-4-2018,http://www.dewekkerzoetermeer.nl/,https://www.pararius.nl/makelaars/zoetermeer/de-wekker-makelaardij-zoetermeer,
1450,55861,Residential Real Estate,Amsterdam,Noord-Holland,1055VS,14-H,Shanin,info@residential.nl,VBO,Venum,17-11-2017,nov.-2017,Nee,Sales,JP,JP,✓,Ja compleet,Ja,Ja actief en compleet,Verstuurd,,,Ja,,,,,
1451,53845,Arcuris Makelaars,Almere,Flevoland,1315EZ,110,Floor,info@arcuris.eu,NVM,Realworks,17-11-2017,nov.-2017,Nee,Sales,JP,JP,✓,Ja compleet,Ja,Ja actief en compleet,Verstuurd,,,Ja,Ja DvD,21-2-2018,https://www.arcuris.eu/over-arcuris/faq/,https://www.pararius.nl/,
1452,60969,Lelieveld Makelaardij Oisterwijk,Oisterwijk,Noord-Brabant,5061HG,nan,Marjanna Vissers,info@lelieveldmakelaardij.nl,NVM,Realworks,17-11-2017,nov.-2017,Nee,Sales,Jelle,Jelle,✓,Ja compleet,Nee,Ja actief en compleet,Aangemeld,,,Nee,,,,,
1453,54292,Lelieveld Makelaardij Oirschot,Oirschot,Noord-Brabant,5688AE,10,Marjanna Vissers,info@lelieveldmakelaardij.nl,NVM,Realworks,17-11-2017,nov.-2017,Nee,Sales,Jelle,Jelle,✓,Ja gedeeltelijk,Nee,Ja nog niet compleet,Aangemeld,,,Nee,,,,,
1454,51085,Lelieveld Makelaardij Vught,Vught,Noord-Brabant,5263EC,183-c,Marjanna Vissers,info@lelieveldmakelaardij.nl,NVM,Realworks,17-11-2017,nov.-2017,Nee,Sales,Jelle,Jelle,✓,Ja compleet,Ja,Ja actief en compleet,Aangemeld,,,Nee,,,,,
1455,51534,Leenders Stoffels Makelaardij,Nijmegen,Gelderland,6515AS,1a,Wim Stoffels,info@leendersstoffels.nl,NVM,Realworks,17-11-2017,nov.-2017,Nee,Sales,Philip,Jelle,✓,Ja compleet,Ja,Ja actief en compleet,Aangemeld,,,Nee,,,,,
1456,54552,Puur makelaars Haarlem-Noord,Haarlem,Noord-Holland,2025MA,181,,haarlemnoord@puurmakelaars.nl,NVM,Realworks,17-11-2017,nov.-2017,Nee,Sales,JP,JP,✓,Ja geen aanbod,Nee,Ja nog niet actief,,,,Nee,,,,,
1457,61192,Puur Makelaars Amsterdam - Centrum,Amsterdam,Noord-Holland,1015SC,14hs,,jordaan@puurmakelaars.nl,NVM,Realworks,17-11-2017,nov.-2017,Nee,Sales,JP,JP,✓,Ja compleet,Ja,Ja actief en compleet,Verstuurd,,,Nee,,,,,
1458,54550,Puur Makelaars Amsterdam-Zuid,Amsterdam,Noord-Holland,1073EL,356,,amsterdam@puurmakelaars.nl,NVM,Realworks,17-11-2017,nov.-2017,Nee,Sales,JP,JP,✓,Ja compleet,Ja,Ja actief en compleet,Verstuurd,,,Nee,,,,,
1459,54554,Puur Makelaars Heemstede,Heemstede,Noord-Holland,2101JR,170A,,heemstede@puurmakelaars.nl,NVM,Realworks,17-11-2017,nov.-2017,Nee,Sales,JP,JP,✓,Ja compleet,Ja,Ja actief en compleet,Verstuurd,,,Nee,,,,,
1460,54551,Puur Makelaars Bloemendaal,Bloemendaal,Noord-Holland,2061CH,123B,,bloemendaal@puurmakelaars.nl,NVM,Realworks,17-11-2017,nov.-2017,Nee,Sales,JP,JP,✓,Ja compleet,Ja,Ja actief en compleet,Verstuurd,,,Nee,,,,,
1461,54553,Puur makelaars Haarlem,Haarlem,Noord-Holland,2013DJ,36,,haarlem@puurmakelaars.nl,NVM,Realworks,17-11-2017,nov.-2017,Nee,Sales,JP,JP,✓,Ja gedeeltelijk,Nee,Ja nog niet compleet,Aangemeld,,,Nee,,,,,
1462,61193,Puur Makelaars Bussum,Bussum,Noord-Holland,1402AJ,114,,bussum@puurmakelaars.nl,NVM,Realworks,17-11-2017,nov.-2017,Nee,Sales,JP,JP,✓,Ja compleet,Ja,Ja nog niet actief,Verstuurd,,,Nee,,,,,
1463,53346,Advice Makelaardij,Beuningen (GLD),Gelderland,6641AG,64 b,Machteld,info@advicemakelaardij.nl,NVM,Realworks,20-11-2017,nov.-2017,Nee,Sales,Philip,Jelle,✓,Ja compleet,Ja,Ja actief en compleet,Verstuurd,,,Nee,,,,,
1464,54650,Stoffels Makelaardij,Rosmalen,Noord-Brabant,5246AK,152,Marianne,info@stoffelsmakelaardij.nl,NVM,Realworks,20-11-2017,nov.-2017,Nee,Sales,Jelle,Jelle,✓,Ja compleet,Ja,Ja actief en compleet,Verstuurd,,,Nee,,,,,
1465,55467,B&L Makelaars,Deurne,Noord-Brabant,5751HH,94,Alex,info@blmakelaars.nl,NVM,Goes&Roos,21-11-2017,nov.-2017,Nee,Sales,Jelle,Jelle,✓,Ja compleet,Ja,Ja actief en compleet,Verstuurd,,,Ja,Ja DvD,21-2-2018,http://www.blmakelaars.nl/,https://www.pararius.nl/koopwoningen/deurne,
1466,49125,W. Heeren Makelaardij,Eersel,Noord-Brabant,5521AN,48,Priscilla,info@wheeren.nl,NVM,Realworks,21-11-2017,nov.-2017,Nee,Sales,Jelle,Jelle,✓,Ja compleet,Ja,Ja actief en compleet,Verstuurd,,,Nee,,,,,
1467,50887,Loggere Makelaardij,Laren (nh),Noord-Holland,1251RD,74,N. Loggere,info@loggeremakelaardij.nl,NVM,Realworks,21-11-2017,nov.-2017,Nee,Sales,JP,JP,✓,Ja compleet,Ja,Ja actief en compleet,Verstuurd,,,Nee,,,,,
1468,49139,Roijmans Makelaardij,Bladel,Noord-Brabant,5531BC,49,Peter Roijmans,info@roijmans.nl,NVM,Venum,22-11-2017,nov.-2017,Nee,Sales,Jelle,Jelle,✓,Ja compleet,Ja,Ja actief en compleet,Verstuurd,,,Ja,,,,,
1469,49234,Dina Kamsteeg Makelaardij,Opperdoes,Noord-Holland,1674PH,17,Dina Kamsteeg,info@dinakamsteegmakelaardij.nl,Onafhankelijk,Realworks,22-11-2017,nov.-2017,Nee,Sales,JP,JP,✓,Ja geen aanbod,Nee,Ja nog niet actief,,,,Nee,,,,,
1470,52699,Lupker Makelaardij,Tilburg,Noord-Brabant,5038NH,90,Tim Lupker,info@lupkermakelaardij.nl,NVM,Realworks,22-11-2017,nov.-2017,Nee,Sales,Jelle,Jelle,✓,Ja compleet,Ja,Ja actief en compleet,Verstuurd,,,Nee,,,,,
1471,48853,Hans van Berkel Makelaardij,Tilburg,Noord-Brabant,5014EB,91,Dennis van den Corput,dennis@hansvanberkel.nl,NVM,Realworks,22-11-2017,nov.-2017,Nee,Sales,Jelle,Jelle,✓,Ja compleet,Ja,Ja actief en compleet,Verstuurd,,,Nee,,,,,
1472,49723,Van Kaam Makelaardij,Bergen op Zoom,Noord-Brabant,4611HS,53-55,Marianne van Kaam,info@vankaammakelaardij.nl,NVM,Realworks,23-11-2017,nov.-2017,Nee,Sales,Jelle,Jelle,✓,Ja compleet,Ja,Ja nog niet compleet,Verstuurd,,5,Nee,Ja DvD,31-1-2019,https://www.vankaammakelaardij.nl/links/,https://www.pararius.nl/,
1473,51443,Foppe ten Broek Makelaardij,Panningen,Limburg,5981AH,11,Foppe ten Broek,info@foppetenbroek.nl,VastgoedPRo,Goes&Roos,23-11-2017,nov.-2017,Nee,Sales,Jelle,Jelle,✓,Ja compleet,Ja,Ja actief en compleet,Verstuurd,,,Ja,Ja DvD,3-8-2018,http://www.foppetenbroek.nl/,https://www.pararius.nl/makelaars/panningen/foppe-ten-broek-makelaardij,
1474,50239,Keupink Makelaardij en taxaties,Ootmarsum,Overijssel,7631BV,20,De heer Keupink,info@keupink.nl,VBO,Venum,23-11-2017,nov.-2017,Nee,Sales,Philip,Jelle,✓,Ja compleet,Ja,Ja actief en compleet,Aangemeld,,,Nee,,,,,
1475,54567,Reinders Makelaardij,Vlaardingen,Zuid-Holland,3131AG,66,,info@reindersmakelaardij.nl,NVM,Realworks,23-11-2017,nov.-2017,Nee,Sales,JP,JP,✓,Ja gedeeltelijk,Ja,Ja nog niet compleet,Aangemeld,,,Nee,,,,,
1476,54165,Hoogveldt Makelaardij,Eindhoven,Noord-Brabant,5642NC,359,Nicole,Info@hoogveldtmakelaardij.nl,NVM,Realworks,23-11-2017,nov.-2017,Nee,Sales,Jelle,Jelle,✓,Ja compleet,Ja,Ja actief en compleet,Verstuurd,,,Nee,,,,,
1477,53503,Ten Hove Makelaardij & Taxaties,Zuna,Overijssel,7462AX,39,Andries Slagman,info@tenhove.nl,VastgoedPRo,Realworks,23-11-2017,nov.-2017,Nee,Mailing,Philip,Jelle,✓,Ja compleet,Ja,Ja actief en compleet,Verstuurd,,,Nee,,,,,
1478,61085,Maison Makelaars Roermond,Roermond,Limburg,5981XC,94,Marielle Gerads,rmre@maisonmakelaars.nl,VBO,Goes&Roos,24-11-2017,nov.-2017,Nee,Sales,Jelle,Jelle,✓,Ja compleet,Ja,Ja actief en compleet,Verstuurd,,,Nee,,,,,was voorheen Vrijehuizenmarkt MG Makelaars
1479,49662,Cato Makelaars,Eindhoven,Noord-Brabant,5653MA,nan,Janien Heidenrath,info@catomakelaars.nl,NVM,Realworks,24-11-2017,nov.-2017,Nee,Sales,Jelle,Jelle,✓,Ja compleet,Ja,Ja actief en compleet,Verstuurd,,,Nee,,,,,
1480,53696,i4 Housing,Wassenaar,Zuid-Holland,2242HV,nan,Chita van Soest ,info@i4housing.nl,NVM,Realworks,27-11-2017,nov.-2017,Nee,Sales,JP,JP,✓,Ja compleet,Ja,Ja actief en compleet,Verstuurd,,,Nee,,,,,
1481,54542,Prins Makelaardij,Rotterdam,Zuid-Holland,3042BA,nan,Wouter Mook,info@prinsmakelaardij.nl,NVM,Realworks,27-11-2017,nov.-2017,Nee,Sales,JP,JP,✓,Ja compleet,Nee,Ja actief en compleet,Aangemeld,,,Nee,,,,,
1482,53369,Vlietlanden NVM Makelaars,Vlaardingen,Zuid-Holland,3131CS,59,Rene Prins,info@vlietlanden.info,NVM,Realworks,28-11-2017,nov.-2017,Nee,Sales,JP,JP,✓,Ja compleet,Ja,Ja actief en compleet,Verstuurd,,,Ja,Ja DvD,16-7-2018,https://www.vlietlanden.info/links,https://www.pararius.nl/,
1483,53379,Prins NVM Makelaars,Maassluis,Zuid-Holland,3142CH,15,Rene Prins,info@prinsnvmmakelaars.nl,NVM,Realworks,28-11-2017,nov.-2017,Nee,Sales,JP,JP,✓,Ja compleet,Ja,Ja actief en compleet,Verstuurd,,,Ja,,,,,
1484,49142,Makelaardij Thuis,Vlaardingen,Zuid-Holland,3131AB,14,Marco van Nimwegen,info@makelaardij-thuis.nl,NVM,Realworks,28-11-2017,nov.-2017,Nee,Sales,JP,JP,✓,Ja gedeeltelijk,Nee,Ja nog niet compleet,Aangemeld,,,Nee,,,,,
1485,50144,HR Makelaars,Purmerend,Noord-Holland,1447KD,71,Suzanne,info@hrmakelaars.nl,NVM,Realworks,28-11-2017,nov.-2017,Nee,Sales,JP,JP,✓,Ja compleet,Ja,Ja actief en compleet,Verstuurd,,,Nee,,,,,
1486,48807,Dijkstra Woningadvies,Brunssum,Limburg,6446SB,25,Dees Tacken,info@dijkstrawoningadvies.nl,NVM,Realworks,28-11-2017,nov.-2017,Nee,Sales,Jelle,Jelle,✓,Ja compleet,Ja,Ja actief en compleet,Verstuurd,,,Nee,,,,,
1487,54829,VMG makelaars regio Tilburg,Tilburg,Noord-Brabant,5045PH,95,Tijs Paijmans,tijs@vmg-makelaars.nl,NVM,Realworks,28-11-2017,nov.-2017,Nee,Sales,Jelle,Jelle,✓,Ja gedeeltelijk,Ja,Ja actief en compleet,Aangemeld,,,Nee,,,,,
1488,57129,Vastburg Woning- en Bedrijfsmakelaardij,Amsterdam,Noord-Holland,1066VH,761-763 a,Egon van der Burg,info@vastburg.nl,NVM,Goes&Roos,29-11-2017,nov.-2017,Nee,Sales,JP,JP,✓,Ja compleet,Ja,Ja actief en compleet,Aangemeld,,,Nee,,,,,
1489,53416,Zinger Vastgoed,Westerbork,Drenthe,9431BB,8A,J.H. Zinger,info@zingervastgoed.nl,Onafhankelijk,Yes-Co,29-11-2017,nov.-2017,Ja,Sales,Philip,JP,✓,Ja compleet,Ja,Ja actief en compleet,Aangemeld,Ja,,Nee,,,,,
1490,49067,Makelaardij Lankhuijzen ,Rotterdam,Zuid-Holland,3031EP,570,Pieter,info@lankhuijzen.nl,NVM,Realworks,29-11-2017,nov.-2017,Nee,Sales,JP,JP,✓,Ja compleet,Ja,Ja actief en compleet,Verstuurd,,,Nee,,,,,
1491,54037,Duterloo Makelaardij,Helmond,Noord-Brabant,5707CL,93,John,info@duterloo.nl,NVM,Realworks,29-11-2017,nov.-2017,Nee,Sales,Jelle,Jelle,✓,Ja compleet,Ja,Ja actief en compleet,Verstuurd,,,Nee,,,,,
1492,49246,Mathilde Waslander Makelaardij,Tilburg,Noord-Brabant,5011EB,nan,Mathilde,info@mwmakelaardij.nl,NVM,Realworks,30-11-2017,nov.-2017,Nee,Sales,Jelle,Jelle,✓,Ja compleet,Ja,Ja actief en compleet,Aangemeld,,,Nee,,,,,
1493,54822,Visch & van Zeggelaar,Bussum,Noord-Holland,1404EK,13,Olivier Schel,info@visch-vanzeggelaar.nl,NVM,Realworks,30-11-2017,nov.-2017,Nee,Sales,JP,JP,✓,Ja gedeeltelijk,Ja,Ja nog niet compleet,Aangemeld,,,Nee,,,,,
1494,55958,Mijnhuisverkoopikzelf.nl,Tilburg,Noord-Brabant,5015BC,1C,Sven,info@mijnhuisverkoopikzelf.nl,Onafhankelijk,Direct,1-12-2017,dec.-2017,Nee,Sales,Jelle,Jelle,✓ Directe XML (niet via KA),Ja compleet,Ja,Ja actief en compleet,Verstuurd,,,Nee,,,,,
1495,55432,Michel Makelaardij,Echt,Limburg,6101EV,67,Sandra,info@michel-makelaardij,NVM,Realworks,1-12-2017,dec.-2017,Nee,Sales,Jelle,Jelle,✓,Ja compleet,Ja,Ja actief en compleet,Verstuurd,,,Ja,Ja DvD,9-8-2018,https://www.michel-makelaardij.nl/,https://www.pararius.nl/makelaars/echt/michel-makelaardij,
1496,49379,Heintz Makelaars,Vlaardingen,Zuid-Holland,3134BC,67,Koen van Schooten,info@heintz.nl,NVM,Realworks,5-12-2017,dec.-2017,Nee,Sales,JP,JP,✓,Ja compleet,Ja,Ja actief en compleet,Verstuurd,,,Nee,,,,,
1497,49271,Baaij Makelaardij,Bergen (NH),Noord-Holland,1861KS,43192,Kees Baaij,kees@baaijmakelaardij.nl,Onafhankelijk,Goes&Roos,8-12-2017,dec.-2017,Nee,Mailing,JP,JP,✓,Ja compleet,Ja,Ja actief en compleet,Verstuurd,,,Nee,,,,,
1498,51399,Dehypothekenmakelaar.nl,Den Dungen,Noord-Brabant,5275HP,26,Marcel J.F. van Bijsterveld,info@dehypothekenmakelaar.nl,Onafhankelijk,Anders,8-12-2017,dec.-2017,Nee,Mailing,Jelle,Jelle,IAV,IAV,,,,,,Nee,,,,,
1499,50580,Cornelisse Woonadvies,Vlissingen,Zeeland,4381EE,28,Rene Cornelisse,renecornelisse@outlook.com,Onafhankelijk,Anders,8-12-2017,dec.-2017,Nee,Sales,Jelle,Jelle,✓,Ja compleet,Ja,Ja actief en compleet,Verstuurd,,,Ja,,,http://www.cornelisseadvies.nl/#!/home/,https://www.pararius.nl/,
1500,53332,Van de Ven Wonen,Schinveld,Limburg,6451CL,1c,Remy van de Ven,info@vandevenwonen.nl,Onafhankelijk,Direct,8-12-2017,dec.-2017,Nee,Mailing,Jelle,Jelle,✓,Ja compleet,Ja,Ja actief en compleet,Verstuurd,,,Nee,Ja NB,13-8-2018,http://www.vandevenwonen.nl/,https://www.pararius.nl/makelaars/schinveld/van-de-ven-wonen,
1501,55304,Eemland Makelaardij,Amersfoort,Utrecht,3811HC,49,Arie J.G. Baars,info@eemlandmakelaardij,Onafhankelijk,Goes&Roos,8-12-2017,dec.-2017,Nee,Mailing,Jelle,Jelle,✓,Ja compleet,Ja,Ja actief en compleet,Verstuurd,,,Ja,Ja JH,14-12-2017,http://www.eemlandmakelaardij.nl/,https://www.pararius.nl/,
1502,50122,Brakus Makelaardij & Consultancy,Rijswijk (zh),Zuid-Holland,2282EP,93,Toon Brakus,info@brakusmakelaardij.nl,VBO,Venum,8-12-2017,dec.-2017,Nee,Mailing,JP,JP,✓,Ja compleet,Ja,Ja actief en compleet,Verstuurd,,,Ja,Ja DvD,31-8-2018,https://www.brakusmakelaardij.nl/,https://www.pararius.nl/koopwoningen/,
1503,50705,Bert Adema,Damwoude,Friesland,9104JS,nan,Bert Adema,bert@adema-damwoude.nl,VastgoedPRo,Realworks,8-12-2017,dec.-2017,Nee,Mailing,JP,JP,✓,Ja compleet,Ja,Ja actief en compleet,Verstuurd,,,Ja,Ja DvD,15-3-2018,http://www.adema-damwoude.nl/,https://www.pararius.nl/koopwoningen/damwald,
1504,52976,Coppelmans Makelaardij,Waalre,Noord-Brabant,5582HP,61 B,Erik Coppelmans,info@coppelmansmakelaardij.nl,NVM,Realworks,8-12-2017,dec.-2017,Nee,Mailing,Jelle,Jelle,✓,Ja compleet,Ja,Ja actief en compleet,Verstuurd,,,Ja,Ja JH,12-12-2017,https://www.coppelmansmakelaardij.nl/,https://www.pararius.nl/,
1505,56997,Raadsheer Baart,Amsterdam,Noord-Holland,1054TM,64 hs,Martijn W. Baart,info@raadsheerbaart.nl,NVM,Realworks,8-12-2017,dec.-2017,Nee,Mailing,JP,JP,✓,Ja compleet,Ja,Ja actief en compleet,Verstuurd,,,Ja,Ja JP,14-12-2017,https://www.raadsheerbaart.nl/,http://www.pararius.nl/koopwoningen/amsterdam,
1506,54612,Schouten + Van der Giezen Makelaars,Groningen,Groningen,9718AV,nan,Chris Schouten,info@svdg.nl,NVM,Realworks,8-12-2017,dec.-2017,Nee,Mailing,JP,JP,✓,Ja gedeeltelijk,Ja,Ja nog niet compleet,Aangemeld,,,Nee,,,,,
1507,61337,Wooncontent,Amersfoort,Utrecht,3812RS,nan,Peter van Griensven,amersfoort@wooncontent.nl,NVM,Realworks,8-12-2017,dec.-2017,Nee,Mailing,Jelle,Jelle,✓,Ja compleet,Ja,Ja actief en compleet,Verstuurd,,,Nee,Ja NB,2-8-2018,https://www.wooncontent.nl/,https://www.pararius.nl/makelaars/amersfoort/wooncontent,
1508,53984,De Koning Makelaardij,Sint Oedenrode,Noord-Brabant,5492BL,23,N.M.H.M. van de Biggelaar,info@dekoningmakelaardij.nl,NVM,Realworks,8-12-2017,dec.-2017,Nee,Mailing,Jelle,Jelle,✓,Ja compleet,Ja,Ja actief en compleet,Verstuurd,,,Nee,,,,,
1509,56751,Carré Makelaars,Sprang Capelle,Noord-Brabant,5161TN,23,Marcello Klaase,marcello.klaasse@carremakelaars.nl,VastgoedPRo,Realworks,8-12-2017,dec.-2017,Nee,Mailing,Jelle,Jelle,✓,Ja compleet,Ja,Ja actief en compleet,Verstuurd,,,Nee,,,,,
1510,56643,XLCASA Makelaars,Leeuwarden,Friesland,8939AA,nan,Dennis Metz,bedrijven@xlcasa.nl,NVM,Pyber,8-12-2017,dec.-2017,Nee,Mailing,JP,JP,✓,Ja compleet,Ja,Ja actief en compleet,Verstuurd,,,Nee,,,,,
1511,55672,Hallo Makelaar,Amsterdam,Noord-Holland,1016DG,54,F. Vos,info@hallomakelaar.nl,NVM,Realworks,11-12-2017,dec.-2017,Nee,Mailing,JP,JP,✓,Ja compleet,Ja,Ja actief en compleet,Verstuurd,,,Ja,Ja DvD,1-2-2018,http://hallomakelaar.nl/,https://www.pararius.nl/koopwoningen,
1512,54067,Fick Makelaardij,Leiden,Zuid-Holland,2311GZ,21,Koen Fick,info@fick.nl,NVM,Realworks,11-12-2017,dec.-2017,Nee,Sales,JP,JP,✓,Ja compleet,Ja,Ja actief en compleet,Verstuurd,,,Ja,Ja JP,08-01-2018,https://www.fick.nl/,https://www.pararius.nl/koopwoningen/leiden,
1513,49620,Goessens & Goessens Makelaardij,Eijsden,Limburg,6245CA,23,Boy Goessens,info@goessens-makelaardij.nl,Onafhankelijk,Realworks,11-12-2017,dec.-2017,Nee,Mailing,Jelle,Jelle,✓,Ja compleet,Ja,Ja actief en compleet,Verstuurd,,,Nee,,,,,
1514,56844,Giesbers & De Kort,Veldhoven,Noord-Brabant,5503BP,38,Monique de Kort,info@giesbersdekort.nl,Onafhankelijk,Realworks,11-12-2017,dec.-2017,Nee,Mailing,Jelle,Jelle,✓,Ja compleet,Ja,Ja actief en compleet,Verstuurd,,,Nee,,,,,
1515,61388,Van Reenen Makelaardij,Dinteloord,Noord-Brabant,4671CN,74,,info@vanreenenmakelaardij.nl,VBO,Venum,12-12-2017,dec.-2017,Nee,Koppeling,Jelle,Jelle,✓,Ja compleet,Ja,Ja actief en compleet,Verstuurd,,,Ja,Ja DvD,16-4-2018,http://vanreenenmakelaardij.nl/,https://www.pararius.nl/koopwoningen/dinteloord,
1516,49252,Moerland Makelaardij,Amsterdam,Noord-Holland,1069DZ,286,Hans Moerland,info@moerland.nl,NVM,Goes&Roos,12-12-2017,dec.-2017,Nee,Sales,JP,JP,✓,Ja gedeeltelijk,Nee,Ja nog niet compleet,Aangemeld,,,Nee,,,,,
1517,54250,Kolpa Makelaars,Rotterdam,Zuid-Holland,3051BL,94,,info@kolpa.nl,NVM,Realworks,12-12-2017,dec.-2017,Nee,Sales,JP,JP,✓,Ja compleet,Ja,Ja actief en compleet,Verstuurd,,,Nee,,,,,
1518,48930,Woonvisie Makelaars,Rotterdam,Zuid-Holland,3051GN,151,Linda,info@woonvisie.nl,VBO,Realworks,12-12-2017,dec.-2017,Nee,Sales,JP,JP,✓,Ja compleet,Ja,Ja actief en compleet,Verstuurd,,,Nee,,,,,
1519,61420,Internetmakelaars Raamsdonksveer,Raamsdonksveer,Noord-Brabant,4921BG,4a,,raamsdonksveer@internetmakelaars.nl,NVM,Goes&Roos,13-12-2017,dec.-2017,Nee,Sales,Jelle,Jelle,✓,Ja geen aanbod,Nee,Ja nog niet actief,,,,Nee,,,,,
1520,52277,Fidus Makelaardij Maastricht,Maastricht,Limburg,6221BP,14,M. Wilson,m.wilson@fidus.nu,Onafhankelijk,Realworks,13-12-2017,dec.-2017,Nee,Mailing,Jelle,Jelle,✓,Ja compleet,Ja,Ja actief en compleet,Verstuurd,,,Nee,,,,,
1521,61498,Fidus Makelaardij Geleen,Geleen,Limburg,6162AM,100,M. Wilson,m.wilson@fidus.nu,Onafhankelijk,Realworks,13-12-2017,dec.-2017,Nee,Mailing,Jelle,Jelle,✓,Ja compleet,Ja,Ja actief en compleet,Verstuurd,,,Nee,,,,,
1522,54186,Immo Arie van der Lee,Almere,Flevoland,1315KW,nan,Denis Teinveld,info@immo.nl,NVM,Realworks,13-12-2017,dec.-2017,Nee,Mailing,JP,JP,✓,Ja compleet,Ja,Ja actief en compleet,Verstuurd,,,Nee,,,,,
1523,58566,Internetmakelaars Eindhoven,Eindhoven,Noord-Brabant,6511ZB,130,,eindhoven@internetmakelaars.nl,NVM,Goes&Roos,15-12-2017,dec.-2017,Nee,Sales,Jelle,Jelle,✓,Ja compleet,Ja,Ja actief en compleet,Verstuurd,,,Nee,,,,,
1524,52603,Tretze Bemiddeling,Zwijndrecht,Zuid-Holland,3332RA,59,Toos van Weverwijk,info@tretze.nl,VBO,Venum,23-12-2017,dec.-2017,Ja,Mailing,Jelle,Jelle,IAV,IAV,,,,Ja,,Nee,,,,,
1525,49033,Coen Absil Onroerende Zaken,Broekhuizen (LB),Limburg,5872AA,37,Coen Absil,info@coenabsil.nl,VBO,Venum,2-1-2018,jan.-2018,Nee,Sales,Jelle,Jelle,✓,Ja compleet,Ja,Ja actief en compleet,Verstuurd,,,Ja,Ja DvD,4-4-2018,https://www.coenabsil.nl/,https://www.pararius.nl/koopwoningen/,
1526,49796,Hoogedeure Makelaars Taxateurs,Oostkapelle,Zeeland,4356AH,41,Jan-Willem Hoogedeure,info@hoogedeuremakelaars.nl,NVM,Goes&Roos,2-1-2018,jan.-2018,Nee,Sales,Jelle,JP,✓,Ja compleet,Ja,Ja actief en compleet,Verstuurd,,,Nee,,,,,
1527,61493,Woonconsult,Heerlen,Limburg,6411HG,nan,Roy Lemmens,info@woonconsult.nl,VBO,Venum,2-1-2018,jan.-2018,Nee,Sales,Jelle,Jelle,✓,Ja compleet,Ja,Ja actief en compleet,Verstuurd,,,Nee,,,,,
1528,61481,Mansion Makelaardij Breda,Breda,Noord-Brabant,4818CL,16,Reg,breda@mansionmakelaardij.nl,VBO,Venum,2-1-2018,jan.-2018,Nee,Sales,Jelle,Jelle,✓,Ja compleet,Ja,Ja actief en compleet,Verstuurd,,,Nee,,,,,
1529,61320,Stenfert Makelaardij,Ochten,Gelderland,4051BR,1-A,,info@stenfertmakelaars.nl,VBO,Venum,2-1-2018,jan.-2018,Nee,Koppeling,Philip,Jelle,✓,Ja compleet,Ja,Ja actief en compleet,Aangemeld,,,Nee,,,,,
1530,49856,Bliek vastgoed,Oosterhout (nb),Noord-Brabant,4904ZK,17,Dhr Bliek,info@bliekvastgoed.nl,VBO,Venum,2-1-2018,jan.-2018,Nee,Sales,Jelle,Jelle,✓,Ja compleet,Ja,Ja actief en compleet,Verstuurd,,,Nee,,,,,
1531,61494,Eerenbeemt Makelaardij,Woudenberg,Utrecht,3931ED,nan,Bart-Jan,info@eerenbeemtmakelaardij.nl,NVM,Realworks,2-1-2018,jan.-2018,Nee,Sales,Jelle,Jelle,✓,Ja compleet,Ja,Ja actief en compleet,Verstuurd,,,Ja,Ja JH,1-2-2018,https://www.eerenbeemtmakelaardij.nl/,https://www.pararius.nl/koopwoningen/nederland,https://www.eerenbeemtmakelaardij.nl
1532,48921,Rijnland Makelaars Voorschoten,Voorschoten,Zuid-Holland,2251EA,22 s,Caroline Ouwerkerk,C.Ouwerkerk@rijnland-makelaars.nl,NVM,Realworks,2-1-2018,jan.-2018,Nee,Sales,JP,JP,✓,Ja compleet,Ja,Ja actief en compleet,Verstuurd,,,Nee,,,,,
1533,48975,Rijnland Makelaars Leiderdorp,Leiderdorp,Zuid-Holland,2352VN,212,Caroline Ouwerkerk,C.Ouwerkerk@rijnland-makelaars.nl,NVM,Realworks,2-1-2018,jan.-2018,Nee,Sales,JP,JP,✓,Ja compleet,Ja,Ja actief en compleet,Verstuurd,,,Nee,,,,,
1534,54428,Meesters Makelaardij,Oudewater,Utrecht,3421AT,25,Jan Meesters,info@meesters.nl,NVM,Realworks,2-1-2018,jan.-2018,Nee,Sales,JP,JP,✓,Ja compleet,Ja,Ja actief en compleet,Verstuurd,,,Ja,,link van huur,http://www.meesters.nl/,https://www.pararius.nl/,
1535,51518,Capital Plan,Den Haag,Zuid-Holland,2524HA,21,Shoaib Akmal,info@capitalplan.nl,Onafhankelijk,Anders,3-1-2018,jan.-2018,Nee,Sales,JP,JP,IAV,IAV,Nee,,,,,Nee,,,,,
1536,53017,Localhome,Hilversum,Noord-Holland,1217AG,42,Robert van Berkel,info@localhome.nl,Onafhankelijk,Direct,3-1-2018,jan.-2018,Nee,Sales,JP,JP,IAV,IAV,,,,,,Nee,,,,,
1537,50865,Select Makelaardij Zwolle,Zwolle,Overijssel,8011CM,nan,Raymond,info@selectmakelaardij.nl,Onafhankelijk,Direct,3-1-2018,jan.-2018,Nee,Sales,Philip,JP,IAV,IAV,,,,,,Nee,,,,,
1538,50756,Lilit Home Makelaardij,Rotterdam,Zuid-Holland,3073DT,72A,Jafaar,kantoor@lilithome.nl,Onafhankelijk,Pararius Office,3-1-2018,jan.-2018,Nee,Sales,JP,JP,✓,Ja compleet,Ja,Ja actief en compleet,Verstuurd,,,Nee,,,,,
1539,50653,PAM Makelaardij en Financieel Advies,Dordrecht,Zuid-Holland,3319HW,nan,Martin Ballegooien,martin@pammakelaardij.nl,VBO,Goes&Roos,3-1-2018,jan.-2018,Nee,Sales,Jelle,Jelle,✓,Ja compleet,Ja,Ja actief en compleet,Verstuurd,,,Nee,,,,,
1540,51657,Makelaarskantoor Wolters,Venlo,Limburg,5913VE,nan,Dhr Wolters,info@makelaarwolters.nl,VBO,Venum,3-1-2018,jan.-2018,Nee,Sales,Jelle,Jelle,✓,Ja compleet,Ja,Ja actief en compleet,Verstuurd,,,Nee,,,,,
1541,48945,Van Santen Makelaars,Capelle aan den ijssel,Zuid-Holland,2907XA,nan,Marieke,vansanten@vansantenmakelaars.nl,NVM,Realworks,3-1-2018,jan.-2018,Nee,Sales,JP,JP,✓,Ja compleet,Ja,Ja actief en compleet,Verstuurd,,,Ja,Ja DvD,3-4-2018,https://www.vansantenmakelaars.nl/,https://www.pararius.nl/,
1542,49904,EHP Makelaardij Breda,Breda,Noord-Brabant,4823JT,55,Dhr Egan,info@ehp-makelaardij.nl,NVM,Realworks,3-1-2018,jan.-2018,Nee,Sales,Jelle,Jelle,✓,Ja compleet,Ja,Ja actief en compleet,Verstuurd,,,Nee,,,,,
1543,51650,MHG Advies / DBBMakelaar,Muiden,Noord-Holland,1398ED,14,Marion,info@mhg-advies.nl,VBO,Venum,4-1-2018,jan.-2018,Nee,Sales,JP,Jelle,✓,Ja compleet,Ja,Ja actief en compleet,Verstuurd,,,Ja,Ja DvD,19-2-2018,http://www.mhg-advies.nl/,https://www.pararius.nl/koopwoningen,
1544,50576,Ridder Huizen,Ridderkerk,Zuid-Holland,2983GA,85a,Arjen Jansen,info@ridderhuizen.nl,VBO,Venum,4-1-2018,jan.-2018,Nee,Sales,JP,JP,✓,Ja compleet,Ja,Ja actief en compleet,Verstuurd,,,Nee,,,,,
1545,50057,Aldem Makelaardij ,Utrecht,Utrecht,3532HR,230,Dhr Aldem,info@aldem.nl,VBO,Venum,4-1-2018,jan.-2018,Nee,Sales,Jelle,Jelle,x,Nee,Nee,Ja nog niet actief,,,,Nee,,,,,
1546,50638,Wessels Makelaardij,Den Haag,Zuid-Holland,2592BM,212,Michael Wessels,info@wesselsmakelaardij.nl,VBO,Venum,4-1-2018,jan.-2018,Nee,Sales,JP,JP,IAV,IAV,,,,,,Nee,,,,,
1547,57399,Makelaarswinkel,Utrecht,Utrecht,3552EX,72,Luuk,info@makelaarswinkel.nl,VBO,Venum,4-1-2018,jan.-2018,Nee,Sales,Jelle,Jelle,✓,Ja geen aanbod,Nee,Ja nog niet actief,,,,Nee,,,,,
1548,51716,Klaverblad Makelaars,Drachten,Friesland,9202TL,65,Jacob Meek,info@klaverbladmakelaars.nl,Onafhankelijk,Yes-Co,4-1-2018,jan.-2018,Nee,Sales,JP,JP,✓,Ja compleet,Ja,Ja actief en compleet,Verstuurd,,,Nee,,,,,
1549,56364,Visie Makelaardij,Amersfoort,Utrecht,3811HS,252,Ard Bax,info@visiemakelaardij.nl,VBO,Realworks,4-1-2018,jan.-2018,Nee,Sales,Jelle,Jelle,✓,Ja compleet,Ja,Ja actief en compleet,Verstuurd,,,Ja,Ja DvD,22-2-2018,https://www.visiemakelaardij.nl/,https://www.pararius.nl/koopwoningen/amersfoort/,
1550,55401,Brouwer Vastgoedbeheer,Heerlen,Limburg,6417CW,109,Taco Brouwer,info@brouwer-vastgoedbeheer.nl,Onafhankelijk,Realworks,4-1-2018,jan.-2018,Nee,Sales,Jelle,Jelle,x,Nee,Ja,Ja actief en compleet,Verstuurd,,,Ja,,,,,
1551,61477,James uw Internetmakelaar,Vianen (ut),Utrecht,4132BA,nan,,info@jamesmakelaar.nl,VBO,Venum,5-1-2018,jan.-2018,Nee,Koppeling,Philip,Jelle,✓,Ja compleet,Ja,Ja actief en compleet,Verstuurd,,,Ja,Ja JH,1-2-2018,https://www.jamesmakelaar.nl,https://www.pararius.nl/,
1552,61500,Maison Makelaars Graafschap-Midden,Doetinchem,Gelderland,7007LX,nan,Andre Lankveld,gm@maisonmakelaars.nl,VBO,Goes&Roos,5-1-2018,jan.-2018,Nee,Sales,Philip,Jelle,✓,Ja compleet,Ja,Ja actief en compleet,Verstuurd,,,Nee,,,,,
1553,56789,Uniecker Wonen Makelaars,Ermelo,Gelderland,3851GA,15b,Romy Olthof,info@unieckerwonenmakelaars.nl,VBO,Venum,5-1-2018,jan.-2018,Nee,Sales,Jelle,Jelle,✓,Ja compleet,Ja,Ja actief en compleet,Verstuurd,,,Nee,,,,,
1554,52571,Woonburo Flevoland,Lelystad,Flevoland,8243ND,43256,,info@woonburo-flevoland.nl,VBO,Venum,8-1-2018,jan.-2018,Nee,Sales,JP,JP,✓,Ja geen aanbod,Ja,Ja nog niet compleet,,,,Nee,,,,,
1555,53309,Nextup Makelaars,Enschede,Overijssel,7544 RT,100,Rabi Toma,info@directkopenmakelaar,VBO,Venum,8-1-2018,jan.-2018,Nee,Sales,Philip,Jelle,✓,Ja compleet,Ja,Ja actief en compleet,Aangemeld,,,Ja,Ja DvD,9-10-2018,https://www.nextupmakelaars.nl/,https://www.pararius.nl/,
1556,58886,Mansion Makelaardij Rotterdam,Rotterdam,Zuid-Holland,3062ME,102,Dennis,info@mansionmakelaardij.nl,VBO,Venum,8-1-2018,jan.-2018,Nee,Sales,JP,JP,✓,Ja compleet,Ja,Ja actief en compleet,Verstuurd,,,Nee,,,,,
1557,51670,Mangré Makelaars,Amsterdam,Noord-Holland,1042AL,64-G,,info@mangre.nl,VBO,Venum,8-1-2018,jan.-2018,Nee,Sales,JP,JP,✓,Ja compleet,Ja,Ja actief en compleet,Verstuurd,,,Nee,,,,,
1558,49808,Verheul Makelaardij,Wieringerwerf,Noord-Holland,1771AN,37,Ilona,makelaardij@phverheul.nl,NVM,Estate Ware,9-1-2018,jan.-2018,Nee,Sales,JP,JP,IAV,IAV,,,,,,Nee,,,,,
1559,49755,Huis en Zekerheid Bunschoten Spakenburg,Bunschoten Spakenburg,Utrecht,3752GS,nan,Wouter,info@topwonen.nl,VBO,Kolibri,9-1-2018,jan.-2018,Nee,Sales,Jelle,Jelle,✓,Ja compleet,Ja,Ja actief en compleet,Verstuurd,,,Nee,,,,,
1560,49597,Moerman & De Jong makelaars,Schiedam,Zuid-Holland,3111NR,80B,Leonieke,info@moerman-dejong.nl,VBO,Venum,9-1-2018,jan.-2018,Nee,Sales,JP,JP,✓,Ja compleet,Ja,Ja actief en compleet,Verstuurd,,,Nee,,,,,
1561,50285,Maasstreek makelaardij,Echt,Limburg,6101CC,27,Lianne Janssen,info@maasstreek.nl,VBO,Venum,9-1-2018,jan.-2018,Nee,Sales,Jelle,Jelle,✓,Ja gedeeltelijk,Nee,Ja nog niet compleet,Aangemeld,,,Nee,,,,,
1562,49089,Kooyman Eigen Huis Oud Alblas,Oud Alblas,Zuid-Holland,2969AJ,nan,Ingeborg,oudalblas@kooyman.com,VBO,Yes-Co,9-1-2018,jan.-2018,Nee,Sales,JP,JP,✓,Ja compleet,Nee,Ja nog niet compleet,Verstuurd,,,Ja,,,,,
1563,55318,Kooyman Eigen Huis Sliedrecht,Sliedrecht,Zuid-Holland,3361BL,134,,sliedrecht@kooyman.com,VBO,Yes-Co,9-1-2018,jan.-2018,Nee,Sales,Jelle,Jelle,✓,Ja compleet,Nee,Ja nog niet compleet,Verstuurd,,,,,,,,
1564,55319,Kooyman Eigen Huis Alblasserdam,Alblasserdam,Zuid-Holland,2951GA,81,,alblasserdam@kooyman.com,VBO,Yes-Co,9-1-2018,jan.-2018,Nee,Sales,JP,JP,✓,Ja compleet,Nee,Ja nog niet compleet,Verstuurd,,,,,,,,
1565,54771,Van Leeuwen Makelaardij Nieuwerkerk aan den ijssel,Nieuwerkerk aan den ijssel,Zuid-Holland,2912CK,38B,Ewoud,info@vanleeuwenmak.nl,NVM,Realworks,9-1-2018,jan.-2018,Nee,Sales,JP,JP,✓,Ja compleet,Ja,Ja actief en compleet,Verstuurd,,,Nee,,,,,
1566,50105,Ben Straatman Makelaardij,Reusel,Noord-Brabant,5541CZ,68,Ben Straatman,info@benstraatman.nl,NVM,Realworks,9-1-2018,jan.-2018,Nee,Sales,Jelle,Jelle,✓,Ja compleet,Ja,Ja actief en compleet,Verstuurd,,,Nee,,,,,
1567,55453,Knoop Makelaardij,Breukelen (ut),Utrecht,3620AD,159,Bas Knoop,info@iknoop.nl,Onafhankelijk,Goes&Roos,10-1-2018,jan.-2018,Nee,Sales,JP,JP,✓,Ja gedeeltelijk,Ja,Ja nog niet compleet,Aangemeld,,,Ja,Ja DvD,14-5-2018,https://www.iknoop.nl/members,https://www.pararius.nl/koopwoningen/,
1568,52385,Vastgoedconcept,Veenendaal,Utrecht,3905JH,51-J,Roy Dillen,info@vastgoedconcept.nl,VBO,Venum,10-1-2018,jan.-2018,Nee,Sales,Jelle,Jelle,✓,Ja compleet,Ja,Ja actief en compleet,Verstuurd,,,Nee,,,,,
1569,55857,Mark Janssen Vastgoed,Zevenaar,Gelderland,6903CV,19,Mark Janssen,info@mjvastgoed.nl,VBO,Venum,10-1-2018,jan.-2018,Nee,Sales,Philip,Jelle,✓,Ja compleet,Ja,Ja actief en compleet,Verstuurd,,,Nee,,,,,
1570,50837,Huis en Co Makelaardij,Haarlem,Noord-Holland,2023VB,45,Jacqueline Schouten,info@huisco.nl,VBO,Venum,10-1-2018,jan.-2018,Nee,Sales,JP,JP,✓,Ja compleet,Ja,Ja actief en compleet,Verstuurd,,,Nee,,,,,
1571,54205,Johan uw Makelaar,Roosendaal,Noord-Brabant,4702GK,28,Johan,info@johanuwmakelaar.nl,NVM,Realworks,10-1-2018,jan.-2018,Nee,Sales,Jelle,Jelle,✓,Ja compleet,Ja,Ja actief en compleet,Verstuurd,,,Nee,,,,,
1572,48895,Synchro Wonen,Hoogvliet Rotterdam,Zuid-Holland,3191EK,124,Eric Hogendoorn,info@synchrowonen.nl,NVM,Realworks,10-1-2018,jan.-2018,Nee,Sales,JP,JP,x,Nee,Ja,Ja nog niet actief,,,,Nee,,,,,
1573,49313,B & L Vastgoed,Alphen aan den Rijn,Zuid-Holland,2405AH,91,Jurian Jansen,info@benlvastgoed.nl,VBO,Venum,11-1-2018,jan.-2018,Nee,Sales,JP,JP,✓,Ja compleet,Ja,Ja actief en compleet,Verstuurd,,,Nee,,,,,
1574,51654,Hameeteman Makelaardij,Ouddorp (zh),Zuid-Holland,3253AR,31,Jeroen ,info@hameetemanmakelaardij.nl,VBO,Venum,11-1-2018,jan.-2018,Nee,Sales,Jelle,Jelle,✓,Ja compleet,Ja,Ja actief en compleet,Verstuurd,,,Nee,,,,,
1575,60167,Home in Holland,Rotterdam,Zuid-Holland,3056RD,50,Gerlof,info@homeinholland.nl,VBO,Venum,11-1-2018,jan.-2018,Nee,Sales,JP,JP,✓,Ja compleet,Ja,Ja actief en compleet,Verstuurd,,,Nee,,,,,
1576,61507,Willems Makelaars,Breda,Noord-Brabant,4811HG,34,Joep Willems,info@willemsmakelaars.nl,NVM,Realworks,11-1-2018,jan.-2018,Nee,Sales,Jelle,Jelle,✓,Ja compleet,Ja,Ja actief en compleet,Verstuurd,,,Nee,,,,,
1577,49695,Fontein Makelaardij,Nijmegen,Gelderland,6521AE,11,Maarten Fontein,info@fonteinmakelaardij.nl,NVM,Realworks,11-1-2018,jan.-2018,Nee,Sales,Philip,Jelle,✓,Ja compleet,Ja,Ja actief en compleet,Verstuurd,,,Nee,,,,,
1578,49909,Langen & Partners,Nijmegen,Gelderland,6521AP,17a,,info@langenenpartners.nl,Onafhankelijk,Goes&Roos,12-1-2018,jan.-2018,Nee,Koppeling,Philip,Jelle,✓,Ja gedeeltelijk,Ja,Ja actief en compleet,Verstuurd,,,Nee,,,,,
1579,59277,Gert-Jan Scholten Makelaardij,Eerbeek,Gelderland,6961CP,121,Gert-Jan Scholten,info@gjsmakelaardij.nl,VBO,Venum,12-1-2018,jan.-2018,Nee,Sales,Philip,Jelle,✓,Ja compleet,Ja,Ja actief en compleet,Verstuurd,,,Nee,,,,,
1580,53387,Bij Brigitte Makelaardij en Taxaties,Valkenswaard,Noord-Brabant,5552GW,nan,Brigitte,welkom@bijbrigitte.nl,NVM,Realworks,12-1-2018,jan.-2018,Nee,Sales,Jelle,Jelle,✓,Ja compleet,Ja,Ja actief en compleet,Verstuurd,,,Ja,Ja DvD,1-3-2018,http://www.bijbrigitte.nl/,https://www.pararius.nl/koopwoningen/valkenswaard,
1581,55769,Vast Goed Makelaardij de Stijl,Nijmegen,Gelderland,6524DC,34,Gijs Utberg,info@destijlmakelaars.nl,NVM,Realworks,12-1-2018,jan.-2018,Nee,Sales,Philip,Jelle,✓,Ja gedeeltelijk,Ja,Ja nog niet compleet,Aangemeld,,,Ja,Ja DvD,10-4-2018,http://www.vgmdestijl.nl/,https://www.pararius.nl/koopwoningen/nijmegen,
1582,50443,Meerland Makelaardij,Veldhoven,Noord-Brabant,5581JT,5a,Nandy Goedan,info@meerland.nl,Onafhankelijk,Goes&Roos,15-1-2018,jan.-2018,Nee,Sales,Jelle,Jelle,✓,Ja compleet,Ja,Ja actief en compleet,Aangemeld,,,Nee,,,,,
1583,49732,Twan Zebregs ,Goirle,Noord-Brabant,5051NR,30-19,Twan,twan@zebregs.nl,Onafhankelijk,Goes&Roos,15-1-2018,jan.-2018,Nee,Sales,Jelle,Jelle,✓,Ja compleet,Ja,Ja actief en compleet,Verstuurd,,,Ja,Ja DvD,20-2-2018,http://www.zebregs.nl/,https://www.pararius.nl/koopwoningen/,
1584,50672,Van der Post Makelaars,Den Haag,Zuid-Holland,2545AM,398P,Dhr van der Post,info@makelaar-denhaag.nl,Onafhankelijk,Goes&Roos,15-1-2018,jan.-2018,Nee,Sales,JP,JP,✓,Ja gedeeltelijk,Nee,Ja actief en compleet,Aangemeld,,,Nee,,,,,
1585,61514,WoningVerkoop Garantiefonds,Lieshout,Noord-Brabant,5737PG,5B,Dennis,dennis@woningverkoop.nl,Onafhankelijk,Goes&Roos,15-1-2018,jan.-2018,Nee,Sales,Jelle,Jelle,✓,Ja compleet,Ja,Ja actief en compleet,Verstuurd,,,Nee,,,,,
1586,59130,Nultien Makelaars,Rotterdam,Zuid-Holland,3022HP,66,Coert Reenes,info@nultienmakelaars.nl,VBO,Venum,15-1-2018,jan.-2018,Nee,Sales,JP,JP,✓,Ja compleet,Ja,Ja actief en compleet,Aangemeld,,,Nee,,,,,
1587,56780,Wiesell Makelaardij,Alkmaar,Noord-Holland,1811NJ,nan,Randy Wiesell,info@wiesell.nl,VBO,Venum,15-1-2018,jan.-2018,Nee,Sales,JP,JP,✓,Ja compleet,Ja,Ja actief en compleet,Verstuurd,,,Nee,,,,,
1588,56435,Makelaardij Reinette,Marum,Groningen,9363CB,17,Reinette,info@makelaardijreinette.nl,VBO,Venum,15-1-2018,jan.-2018,Nee,Sales,JP,Jelle,✓,Ja compleet,Ja,Ja actief en compleet,Verstuurd,,,Nee,,,,,
1589,51755,Oviron Makelaars en Taxateurs,Zoetermeer,Zuid-Holland,2729NJ,186,Ronald Schumacher,info@oviron.nl,VBO,Realworks,15-1-2018,jan.-2018,Nee,Sales,JP,JP,✓,Ja compleet,Ja,Ja actief en compleet,Verstuurd,,,Nee,,,,,
1590,57420,De Buurtmakelaar,Amsterdam,Noord-Holland,1018AD,62-A,Marjoleine de Hengst,info@de-buurtmakelaar.nl,VBO,Realworks,15-1-2018,jan.-2018,Nee,Sales,JP,JP,x,Nee,,,,,,Nee,,,,,
1591,52453,Zomer Vastgoed,Zwolle,Overijssel,8025BK,108,Meindert Zomer,info@zomermakelaars.com,VBO,Realworks,15-1-2018,jan.-2018,Nee,Sales,Philip,JP,✓,Ja compleet,Ja,Ja actief en compleet,Verstuurd,,,Nee,,,,,
1592,56787,C&R Makelaars,Roosendaal,Noord-Brabant,4707DX,nan,Rachell,info@crmakelaars.nl,VBO,Realworks,15-1-2018,jan.-2018,Nee,Sales,Jelle,Jelle,✓,Ja compleet,Ja,Ja actief en compleet,Verstuurd,,,Nee,,,,,
1593,50567,Animo Makelaars,Heerlen,Limburg,6417BG,nan,Marijn Aarts,info@animomakelaars.nl,Onafhankelijk,Venum,16-1-2018,jan.-2018,Nee,Sales,Jelle,Jelle,✓,Ja compleet,Ja,Ja actief en compleet,Verstuurd,,,Ja,Ja DvD,12-2-2018,https://www.animomakelaars.nl/,https://www.pararius.nl/koopwoningen/heerlen,
1594,49901,Hoogervorst Makelaardij,Lisserbroek,Noord-Holland,2165VT,120,Maurice Hoogervorst,info@hoogervorstmakelaardij.nl,Onafhankelijk,Goes&Roos,16-1-2018,jan.-2018,Nee,Sales,JP,JP,✓,Ja compleet,Ja,Ja actief en compleet,Verstuurd,,,Nee,,,,,
1595,56002,Noorderborg Makelaars,Groningen,Groningen,9713AD,37,Gea Veenstra,info@noorderborgmakelaars.nl,NVM,Goes&Roos,16-1-2018,jan.-2018,Nee,Sales,JP,JP,✓,Ja compleet,Ja,Ja actief en compleet,Verstuurd,,,Nee,,,,,
1596,59290,Regio Makelaars,Zwanenburg,Noord-Holland,1161CK,25B,Dennis,info@regiomakelaars.nl,NVM,Goes&Roos,16-1-2018,jan.-2018,Nee,Sales,JP,JP,✓,Ja compleet,Ja,Ja actief en compleet,Verstuurd,,,Nee,,,,,
1597,55387,Vosters Onroerend Goed,Bladel,Noord-Brabant,5531BA,5a,Joost,info@vostersonroerendgoed.nl,Onafhankelijk,Skarabee,16-1-2018,jan.-2018,Nee,Sales,Jelle,Jelle,✓,Ja compleet,Ja,Ja actief en compleet,Verstuurd,,,Nee,,,,,
1598,48910,Reham Makelaars | Taxateurs,Zaamslag,Zeeland,4543BN,10,Fabian du Puy,info@reham.nl,VBO,Realworks,16-1-2018,jan.-2018,Nee,Sales,Jelle,Jelle,✓,Ja compleet,Ja,Ja actief en compleet,Verstuurd,,,Nee,,,,,
1599,58533,NL Wonen Makelaars en Taxateurs,Den Bosch,Noord-Brabant,5216BW,198 A,Mark Nieuwenhoven,mark@nl-wonen.nl,NVM,Realworks,16-1-2018,jan.-2018,Nee,Sales,Jelle,Jelle,✓,Ja compleet,Ja,Ja actief en compleet,Verstuurd,,,Nee,Ja NB,9-8-2018,https://www.nl-wonen.nl/,https://www.pararius.nl/makelaars/den-bosch/nl-wonen-makelaars-en-taxateurs,
1600,48961,Rob Disbergen Makelaardij,Nijmegen,Gelderland,6533AS,126,Karin van den Heuvel,info@robdisbergen.nl,NVM,Realworks,16-1-2018,jan.-2018,Nee,Sales,Philip,Jelle,✓,Ja compleet,Ja,Ja actief en compleet,Verstuurd,,,Nee,,,,,
1601,61515,Vivre Adviesgroep,Sittard,Limburg,6131HC,10,Christel Schneiders,info@vivre-adviesgroep.nl,Onafhankelijk,Realworks,16-1-2018,jan.-2018,Nee,Sales,Jelle,Jelle,✓,Ja compleet,Ja,Ja actief en compleet,Verstuurd,,,Nee,,,,,
1602,50301,Buitenwonen Oost,Schalkhaar,Overijssel,7433AA,nan,Sari,info@buitenwonen.nl,NVM,Realworks,16-1-2018,jan.-2018,Nee,Sales,Philip,Jelle,✓,Ja gedeeltelijk,Nee,Ja nog niet compleet,Aangemeld,,,Nee,,,,,
1603,53941,Buitenwonen Noord,Assen,Drenthe,9405BL,14,Sari,info@buitenwonen.nl,NVM,Realworks,16-1-2018,jan.-2018,Nee,Sales,Philip,JP,✓,Ja gedeeltelijk,Nee,Ja nog niet compleet,Aangemeld,,,Nee,,,,,
1604,51487,Vrielink Makelaars,Schalkhaar,Overijssel,7433AA,nan,Sari,info@vrielinkmakelaars.nl,NVM,Realworks,16-1-2018,jan.-2018,Nee,Sales,Philip,Jelle,✓,Ja compleet,Ja,Ja actief en compleet,Verstuurd,,,Nee,,,,,
1605,50611,Ter Tanje Vastgoed,Hoensbroek,Limburg,6431HK,240,Dhr Ter Tanje,contact@tertanjevastgoed.nl,Onafhankelijk,Realworks,16-1-2018,jan.-2018,Nee,Sales,Jelle,Jelle,✓,Ja compleet,Ja,Ja actief en compleet,Verstuurd,,,Nee,,,,,
1606,55456,Bos Makelaars,Wormerveer,Noord-Holland,1521DH,nan,Marly,info@bosmakelaars.nl,NVM,Goes&Roos,17-1-2018,jan.-2018,Nee,Sales,JP,JP,✓,Ja compleet,Ja,Ja actief en compleet,Verstuurd,,,Ja,,,,,
1607,48862,Verbeek Makelaars,Nijmegen,Gelderland,6522AV,nan,Denise Boeijen,info@verbeek-makelaars.nl,NVM,Realworks,17-1-2018,jan.-2018,Nee,Sales,Philip,Jelle,✓,Ja compleet,Ja,Ja actief en compleet,Verstuurd,,,Ja,Ja DvD,13-4-2018,https://www.verbeekmakelaars.nl/,https://www.pararius.nl/makelaars/nijmegen/verbeek-makelaars,
1608,54312,Maat Makelaars,Roermond,Limburg,6041KH,19,Nick Bouten,info@maatmakelaars.nl,NVM,Realworks,17-1-2018,jan.-2018,Nee,Sales,Jelle,Jelle,✓,Ja compleet,Ja,Ja actief en compleet,Verstuurd,,,Nee,,,,,
1609,51034,De Huizenbemiddelaar Leiden,Leiden,Zuid-Holland,2321JW,157,Aad Schipper,leiden@dehuizenbemiddelaar.nl,VBO,Direct,18-1-2018,jan.-2018,Nee,Sales,JP,JP,✓,Ja compleet,Ja,Ja actief en compleet,Verstuurd,,,Nee,,,,,
1610,49711,Hooghiemster Makelaars,Grou,Friesland,9001AS,nan,Martin Hooghiemster,info@hooghiemstermakelaars.nl,NVM,Goes&Roos,18-1-2018,jan.-2018,Nee,Sales,JP,JP,✓,Ja compleet,Ja,Ja actief en compleet,Verstuurd,,,Ja,,,,,
1611,61510,Lucas Klamer Makelaardij,Groningen,Groningen,9723JJ,43161,Lucas,info@lucasklamer.nl,NVM,Realworks,18-1-2018,jan.-2018,Nee,Sales,JP,JP,✓,Ja compleet,Ja,Ja actief en compleet,Verstuurd,,,Ja,,,,,
1612,51366,Petterson Makelaardij,Uden,Noord-Brabant,5402GE,30,Dhr Petterson,info@petterson.nl,NVM,Realworks,18-1-2018,jan.-2018,Nee,Sales,Jelle,Jelle,✓,Ja compleet,Ja,Ja actief en compleet,Verstuurd,,,Nee,,,,,
1613,53675,Marcel Dassen Makelaars,Goirle,Noord-Brabant,5051AH,16,Marcel Dassen,info@marceldassenmakelaars.nl,NVM,Realworks,18-1-2018,jan.-2018,Nee,Sales,Jelle,Jelle,✓,Ja compleet,Ja,Ja actief en compleet,Verstuurd,,,Ja,Ja DvD,16-2-2018,https://www.marceldassenmakelaars.nl/,https://www.pararius.nl/koopwoningen/goirle,
1614,50781,Makelaardij van Meerveld Burger,Voorthuizen,Gelderland,3781GR,11,Anja van Meerveld,info@mvmb.nl,NVM,Goes&Roos,19-1-2018,jan.-2018,Nee,Sales,Jelle,Jelle,✓,Ja compleet,Ja,Ja actief en compleet,Verstuurd,,,Ja,,,,,
1615,61519,NIEUW! Makelaardij,Zwanenburg,Noord-Holland,1161TS,45,Erwin van Eeden,info@nieuwmakelaardij.nl,NVM,Goes&Roos,19-1-2018,jan.-2018,Nee,Sales,JP,JP,✓,Ja compleet,Ja,Ja actief en compleet,Verstuurd,,,Nee,,,,,
1616,49116,Overspaern Makelaardij,Haarlem,Noord-Holland,2036NE,1 A,Joren,info@overspaern.nl,NVM,Realworks,19-1-2018,jan.-2018,Nee,Sales,JP,JP,✓,Ja compleet,Ja,Ja actief en compleet,Verstuurd,,,Ja,Ja DvD,3-4-2018,https://www.overspaern.nl/,https://www.pararius.nl/,
1617,55674,Goos woning- en bedrijfsmakelaars,Apeldoorn,Gelderland,7322JK,67,Dirk Jan van Woerden,goos@goos.nl,NVM,Realworks,19-1-2018,jan.-2018,Nee,Sales,Philip,Jelle,✓,Ja compleet,Ja,Ja actief en compleet,Verstuurd,,,Ja,,,,,
1618,55460,Jules Jansen Makelaardij,Schoonhoven,Zuid-Holland,2871CN,22,Jules Jansen,info@julesjansen.nl,NVM,Goes&Roos,22-1-2018,jan.-2018,Nee,Sales,JP,JP,✓,Ja compleet,Ja,Ja actief en compleet,Verstuurd,,,Ja,Ja DvD,5-3-2018,http://www.julesjansen.nl/,https://www.pararius.nl/koopwoningen/schoonhoven,
1619,52859,Hopmans wonen,Bergen op Zoom,Noord-Brabant,4611AK,50,Ralph Hopmans,ralph@hopmanswonen.nl,Onafhankelijk,Direct,23-1-2018,jan.-2018,Nee,Sales,Jelle,Jelle,x,IAV,,,,,,Nee,,,,,
1620,51373,Benink Makelaardij,Leersum,Utrecht,3956CT,132,Eric Benink,info@beninkmakelaardij.nl,VBO,Goes&Roos,23-1-2018,jan.-2018,Nee,Sales,Jelle,Jelle,x,IAV,,,,,,Nee,,,,,
1621,50741,Makelaardij het Accent,Zelhem,Gelderland,7021KK,17,Marit van Woudenberg,info@makelaardijhetaccent.nl,Onafhankelijk,Goes&Roos,23-1-2018,jan.-2018,Nee,Sales,Philip,Jelle,✓,Ja compleet,Ja,Ja actief en compleet,Verstuurd,,,,,,,,
1622,48814,Seesink Makelaardij,Dinxperlo,Gelderland,7091CE,60,Chris Seesink,info@seesink.nl,NVM,Goes&Roos,23-1-2018,jan.-2018,Nee,Sales,Philip,Jelle,✓,Ja gedeeltelijk,Ja,Ja nog niet compleet,Aangemeld,,,Nee,,,,,
1623,53258,Voogd Makelaardij,Amsterdam,Noord-Holland,1071AR,53,Thomas Goudsmit,thomas@voogd.nl,NVM,Goes&Roos,23-1-2018,jan.-2018,Ja,Mailing,JP,JP,✓,Ja compleet,Ja,Ja actief en compleet,Verstuurd,Ja,,Nee,,,,,
1624,56699,123wonen Leiden,Leiden,Zuid-Holland,2161BZ,30,Niels Duivenvoorden,leiden@123wonen.nl,Onafhankelijk,MediaZo!,23-1-2018,jan.-2018,Ja,Sales,JP,JP,✓,Ja compleet,Ja,Ja nog niet actief,Aangemeld,Ja,,Nee,,,,,
1625,61534,Jenter Real Estate,Rijswijk (zh),Zuid-Holland,2285XC,50,Mevr. T. de Hilster,info@jenterrealestate.nl,Onafhankelijk,Venum,23-1-2018,jan.-2018,Ja,Sales,JP,JP,✓,Ja compleet,Ja,Ja actief en compleet,Aangemeld,Ja,,Ja,,,,,
1626,61537,Makelaardij Ijsselstein,IJsselstein (ut),Utrecht,3401PH,17,M.van Schaikwijk,welkom@makelaardij-ijsselstein.nl,VBO,Venum,23-1-2018,jan.-2018,Ja,Mailing,JP,JP,x,IAV,,,,Ja,,Nee,,,,,
1627,49850,Vreeman Makelaardij,Gendringen,Gelderland,7081EB,nan,Herman Vreeman,info@vreemanmakelaardij.nl,VBO,Venum,23-1-2018,jan.-2018,Nee,Sales,Philip,Jelle,x,Nee,Nee,Ja nog niet actief,,,,Nee,,,,,
1628,57105,DB Makelaars,Bergschenhoek,Zuid-Holland,2662SB,nan,Dominique Blom,info@dbmakelaars.nl,NVM,Realworks,23-1-2018,jan.-2018,Nee,Sales,JP,JP,✓,Ja compleet,Ja,Ja actief en compleet,Verstuurd,,,Ja,Ja JP,23-03-2018,https://www.dbmakelaars.nl/nl/home,https://www.pararius.nl/koopwoningen/bergschenhoek,
1629,56837,Homecrew,Utrecht,Utrecht,3521GH,150,Roy van der Steen,roy@homecrew.nl,Onafhankelijk,Realworks,23-1-2018,jan.-2018,Ja,Sales,Jelle,JP,✓,Ja compleet,Ja,Ja actief en compleet,Verstuurd,Ja,,Nee,,,,,
1630,61536,Wouter Makelaardij,Haarlem,Noord-Holland,2014VR,175,Wouter,info@woutermakelaardij.nl,NVM,Realworks,23-1-2018,jan.-2018,Ja,Sales,JP,JP,✓,Ja compleet,Ja,Ja actief en compleet,Verstuurd,Ja,,Nee,,,,,
1631,61533,Immoscope,Breda,Noord-Brabant,4818GD,21,Aart,aart@immoscope.nl,Onafhankelijk,Goes&Roos,24-1-2018,jan.-2018,Nee,Sales,Jelle,Jelle,✓,Ja compleet,Ja,Ja actief en compleet,Verstuurd,,,Ja,Ja DvD,15-3-2018,http://www.immoscope.nl/,https://www.pararius.nl/,
1632,55651,Vuurtoren | Demakelaars.nl,Weesp,Noord-Holland,1381BA,36,Tjardon Morreau,welkom@demakelaars.nl,NVM,Eye Move,24-1-2018,jan.-2018,Nee,Sales,JP,JP,IAV,IAV,,,,,,,,,,,
1633,55506,Schipper Makelaardij,Dordrecht,Zuid-Holland,3312GE,84,mevrouw Schipper,info@schippermakelaardij.nl,NVM,Goes&Roos,24-1-2018,jan.-2018,Nee,Sales,Jelle,Jelle,✓,Ja compleet,Ja,Ja actief en compleet,Verstuurd,,,,,,,,
1634,49109,Van Dongen makelaardij,Made,Noord-Brabant,4921JH,nan,Harold van Dongen,mail@vandongenmakelaardij.nl,Onafhankelijk,Goes&Roos,24-1-2018,jan.-2018,Nee,Sales,Jelle,Jelle,✓,Ja compleet,Ja,Ja actief en compleet,Verstuurd,,,Nee,,,,,
1635,54484,Oolders Omaco,Haarlem,Noord-Holland,2022DA,43381,Martin Hoohiemster,omaco@oolders-omaco.nl,NVM,Venum,24-1-2018,jan.-2018,Nee,Sales,JP,JP,✓,Ja gedeeltelijk,Ja,Ja nog niet compleet,Aangemeld,,,Nee,,,,,
1636,55629,AVT Makelaars,Diemen,Noord-Holland,1111AG,19,Danny ,info@avtmakelaars.nl,NVM,Realworks,24-1-2018,jan.-2018,Nee,Sales,JP,JP,✓,Ja compleet,Ja,Ja actief en compleet,Verstuurd,,,Nee,,,,,
1637,50036,HG Makelaars,Valkenswaard,Noord-Brabant,5554PR,73,Walter Huijnen,info@hgmakelaars.nl,Onafhankelijk,Realworks,24-1-2018,jan.-2018,Nee,Sales,Jelle,Jelle,x,IAV,Ja,Ja nog niet actief,,,,Nee,,,,,
1638,53539,Xtra Makelaardij,Hellevoetsluis,Zuid-Holland,3222KA,29,Xander Schneider,info@xtramakelaardij.nl,NVM,Realworks,24-1-2018,jan.-2018,Nee,Sales,Jelle,Jelle,✓,Ja compleet,Ja,Ja actief en compleet,Verstuurd,,,Nee,,,,,
1639,53198,Van der Laarse Makelaardij,Aalsmeer,Noord-Holland,1431EG,nan,Derk,info@vanderlaarse-makelaardij.nl,NVM,Realworks,24-1-2018,jan.-2018,Nee,Sales,JP,JP,✓,Ja compleet,Ja,Ja actief en compleet,Verstuurd,,,Nee,,,,,
1640,61541,2M Makelaars Dordrecht,Dordrecht,Zuid-Holland,3311HM,348,Tiemen Witvliet,dordrecht@2mmakelaars.nl,NVM,Goes&Roos,25-1-2018,jan.-2018,Nee,Sales,Jelle,Jelle,✓,Ja compleet,Ja,Ja actief en compleet,Verstuurd,,,Nee,,,,,
1641,55436,2M Makelaars Papendrecht,Papendrecht,Zuid-Holland,3351GG,2H,Tiemen Witvliet,papendrecht@2mmakelaars.nl,NVM,Goes&Roos,25-1-2018,jan.-2018,Nee,Sales,Jelle,Jelle,✓,Ja compleet,Ja,Ja actief en compleet,Verstuurd,,,Nee,,,,,
1642,48960,Home 4 You Makelaars,Dordrecht,Zuid-Holland,3312XP,nan,Vincent Mulder,info@home4you.nu,Onafhankelijk,Goes&Roos,25-1-2018,jan.-2018,Nee,Sales,Jelle,Jelle,✓,Ja compleet,Ja,Ja actief en compleet,Verstuurd,,,Nee,,,,,
1643,50232,Jan Huisman Makelaardij en Hypotheken,Leusden,Utrecht,3834XR,25,Jan Huisman,info@janhuismanmakelaardij.nl,NVM,Goes&Roos,25-1-2018,jan.-2018,Nee,Sales,Jelle,Jelle,✓,Ja compleet,Ja,Ja actief en compleet,Verstuurd,,,Ja,Ja DvD,22-2-2018,http://www.janhuismanmakelaardij.nl/,https://www.pararius.nl/koopwoningen/,
1644,55503,Makelaardij Ing. H.H. Smit,Zuidbroek,Groningen,9636AC,42a,Henriette,info@makelaardijsmit.nl,NVM,Goes&Roos,25-1-2018,jan.-2018,Nee,Sales,JP,JP,✓,Ja compleet,Ja,Ja actief en compleet,Verstuurd,,,Nee,,,,,
1645,56960,Von Poll Real Estate,Amsterdam,Noord-Holland,1017DJ,433 BEL,Jim,info@von-poll.nl,NVM,Realworks,25-1-2018,jan.-2018,Nee,Sales,JP,JP,✓,Ja compleet,Ja,Ja actief en compleet,Verstuurd,,,Ja,,,,,
1646,51449,Bestbuymakelaars.nl,Harderwijk,Gelderland,3843DD,30,Francois de Winter,info@bestbuymakelaars.nl,Onafhankelijk,Direct,26-1-2018,jan.-2018,Nee,Sales,Jelle,Jelle,✓,Ja compleet,Ja,Ja actief en compleet,Verstuurd,,,Ja,,,,,
1647,56030,Dirk Makelaars Taxateurs,Zeist,Utrecht,3701HD,11,Dirk Boon,welkom@dirkmakelaars.nl,NVM,Goes&Roos,26-1-2018,jan.-2018,Nee,Sales,Jelle,Jelle,✓,Ja compleet,Ja,Ja actief en compleet,Verstuurd,,,Nee,,,,,
1648,49115,Leo Zonnenberg Vastgoed,Sliedrecht,Zuid-Holland,3361BP,nan,Leo Zonnenberg,info@leozonnenberg.nl,Onafhankelijk,Goes&Roos,26-1-2018,jan.-2018,Nee,Sales,Jelle,Jelle,✓,Ja compleet,Ja,Ja actief en compleet,Verstuurd,,,Nee,,,,,
1649,54652,Streefkerk Makelaars,Muiden,Noord-Holland,1398XD,2a,Dirk Streefkerk,info@streefkerk.com,NVM,Realworks,26-1-2018,jan.-2018,Nee,Sales,JP,JP,✓,Ja gedeeltelijk,Ja,Ja nog niet compleet,Aangemeld,,,Nee,,,,,
1650,61552,NSR Apartments,Rotterdam,Zuid-Holland,3039RP,145 B,Robert Nasser,nsrrotterdam@gmail.com,Onafhankelijk,Realworks,28-1-2018,jan.-2018,Ja,Koppeling,JP,JP,✓,Ja compleet,Ja,Ja actief en compleet,Verstuurd,Ja,,Ja,,,,,
1651,53238,PB Makelaars,Amsterdam,Noord-Holland,1016RA,31,Dorien Peters,info@pbmakelaars.nl,NVM,Goes&Roos,29-1-2018,jan.-2018,Nee,Sales,JP,JP,✓,Ja compleet,Ja,Ja actief en compleet,Verstuurd,,,Nee,,,,,
1652,52080,HouseHunting Breda,Breda,Noord-Brabant,4811AG,nan,Sergio van Heeswijk,breda@househunting.nl,Onafhankelijk,Venum,29-1-2018,jan.-2018,Nee,Sales,Jelle,Jelle,✓,Ja compleet,Ja,Ja actief en compleet,Aangemeld,,,Nee,,,,,
1653,52081,HouseHunting Parkstad,Kerkrade,Limburg,6461CS,66,Dhr Engels,parkstad@househunting.nl,Onafhankelijk,Venum,29-1-2018,jan.-2018,Nee,Sales,Jelle,JP,✓,Ja compleet,Ja,Ja actief en compleet,Verstuurd,,,Nee,,,,,
1654,56468,HouseHunting Apeldoorn,Apeldoorn,Gelderland,7361GX,nan,Maarten,maarten@househunting.nl,Onafhankelijk,Venum,29-1-2018,jan.-2018,Nee,Sales,Philip,JP,✓,Ja compleet,Ja,Ja actief en compleet,Verstuurd,,,Nee,,,,,
1655,56019,Househunting Noord Holland Noord,Zwaag,Noord-Holland,1689AN,27-F,Dirk de Wit,dirk.de.wit@househunting.nl,Onafhankelijk,Venum,29-1-2018,jan.-2018,Nee,Sales,JP,JP,✓,Ja compleet,Ja,Ja actief en compleet,Aangemeld,,,Nee,,,,,
1656,61544,Househunting Waterweg,Maassluis,Zuid-Holland,3144BA,92304,Kirsten van de Have,kirstendvhave@househunting.nl,Onafhankelijk,Pararius Office,29-1-2018,jan.-2018,Nee,Sales,JP,JP,✓,Ja compleet,Ja,Ja actief en compleet,Verstuurd,,,Nee,,,,,
1657,57824,Househunting 't Gooi,Bussum,Noord-Holland,1401VR,nan,A. Kuiper,akuiper@househunting.nl,Onafhankelijk,Venum,29-1-2018,jan.-2018,Nee,Sales,JP,JP,✓,Ja compleet,Ja,Ja actief en compleet,Verstuurd,,,Nee,,,,,
1658,61522,Ynte Hettema ,Zurich,Friesland,8751TJ,18,Ynte Hettema,yhettema@live.com,Onafhankelijk,Goes&Roos,30-1-2018,jan.-2018,Nee,Sales,JP,JP,✓,Ja compleet,Ja,Ja actief en compleet,Verstuurd,,,Nee,,,,,
1659,61545,Makelaardij Rijnmond,Rotterdam,Zuid-Holland,3031CK,400,Nermin Yantur-Koc,info@makelaardijrijnmond.nl,Onafhankelijk,Realworks,30-1-2018,jan.-2018,Nee,Sales,JP,JP,✓,Ja compleet,Ja,Ja actief en compleet,Verstuurd,,,Ja,Ja DvD,26-2-2018,https://www.makelaardijrijnmond.nl/,https://www.pararius.nl/koopwoningen/rotterdam,
1660,61546,IMMOLAND,Almere,Flevoland,1315KW,nan,Elly Oudhoff,info@immo.nl,NVM,Realworks,30-1-2018,jan.-2018,Nee,Sales,JP,JP,✓,Ja compleet,Ja,Ja actief en compleet,Verstuurd,,,Nee,,,,,
1661,57893,Molenkamp Makelaardij,Breukelen (UT),Utrecht,3621AA,16,Carla Molenkamp,info@molenkampmakelaardij.nl,Onafhankelijk,Goes&Roos,31-1-2018,jan.-2018,Nee,Sales,JP,JP,✓,Ja compleet,Nee,Ja actief en compleet,Verstuurd,,,Nee,,,,,
1662,49140,Koppes Makelaardij,Alphen aan den Rijn,Zuid-Holland,2405CG,133,Mirjam,info@koppes.nl,NVM,Realworks,31-1-2018,jan.-2018,Nee,Sales,JP,JP,✓,Ja compleet,Ja,Ja actief en compleet,Verstuurd,,,Nee,,,,,
1663,49224,Mijn Huis Verkopen,Den Haag,Zuid-Holland,2498EL,46,Wilko van den Berg,info@mijnhuisverkopen.nl,Onafhankelijk,Direct,1-2-2018,feb.-2018,Nee,Sales,JP,Jelle,✓,Ja compleet,Ja,Ja actief en compleet,Verstuurd,,,Ja,Ja JH,2-2-2018,https://www.mijnhuisverkopen.nl/links,https://www.pararius.nl/,
1664,55595,Advema Makelaardij,Dordrecht,Zuid-Holland,3315LG,12,Rianne Korteweg,rianne@advema.nl,NVM,Goes&Roos,1-2-2018,feb.-2018,Nee,Sales,Jelle,Jelle,✓,Ja compleet,Ja,Ja actief en compleet,Verstuurd,,,Nee,,,,,
1665,61526,Rene Doornbos Makelaardij,Scherpenzeel (GLD),Gelderland,3925WC,nan,Manon Doornbos,manon@renedoornbosmakelaardij.nl,NVM,Goes&Roos,1-2-2018,feb.-2018,Nee,Sales,Jelle,Jelle,✓,Ja compleet,Ja,Ja actief en compleet,Verstuurd,,,Nee,,,,,
1666,55787,Van den Belt Makelaars,Twello,Gelderland,7391DC,19,Mariska Mölder,mariska@vdbeltmakelaars.nl,NVM,Goes&Roos,1-2-2018,feb.-2018,Nee,Sales,Philip,Jelle,✓,Ja compleet,Ja,Ja actief en compleet,Verstuurd,,,Nee,,,,,
1667,61551,EHP Makelaardij Oosterhout,Oosterhout (nb),Noord-Brabant,4901KN,35,Robbert Poell,robbert@ehp-makelaardij.nl,NVM,Realworks,1-2-2018,feb.-2018,Nee,Sales,Jelle,Jelle,✓,Ja gedeeltelijk,Ja,Ja nog niet compleet,Aangemeld,,,Nee,,,,,
1668,58757,Internetmakelaars Breda,Breda,Noord-Brabant,4811EM,36,,breda@internetmakelaars.nl,NVM,Goes&Roos,2-2-2018,feb.-2018,Nee,Sales,Jelle,Jelle,✓,Ja geen aanbod,Nee,Ja nog niet actief,,,,Nee,,,,,
1669,49132,Wijk-Regio Makelaardij,Oud Gastel,Noord-Brabant,4751AL,nan,Cynthia van Overveld,info@wijk-regio.nl,NVM,Realworks,2-2-2018,feb.-2018,Nee,Sales,Jelle,Jelle,✓,Ja compleet,Ja,Ja actief en compleet,Verstuurd,,,Nee,,,,,
1670,55851,Gimbrere makelaars,Breda,Noord-Brabant,4835JA,21,Danielle Tusschenbroek,info@gimbreremakelaars.nl,NVM,Realworks,2-2-2018,feb.-2018,Nee,Sales,Jelle,Jelle,x,IAV,Ja,,,,,Nee,,,,,
1671,59438,Steverink en Partners,Breda,Noord-Brabant,4811NN,47,Heleen Steverink,Heleen@steverinkmakelaardij.nl,NVM,Realworks,2-2-2018,feb.-2018,Nee,Sales,Jelle,Jelle,✓,Ja compleet,Ja,Ja actief en compleet,Verstuurd,,,Nee,,,,,
1672,50159,Sanders Makelaardij,Ochten,Gelderland,4051EW,nan,Chantal Sanders,info@sandersmakelaardij,NVM,Realworks,2-2-2018,feb.-2018,Nee,Sales,Philip,Jelle,✓,Ja compleet,Ja,Ja actief en compleet,Verstuurd,,,Ja,,,,,
1673,54184,IJsselstreek Makelaars,Ijsselstein (ut),Utrecht,3401DL,16,Wendy van der Bunt,ijsselstein@ijsselstreek.nl,NVM,Realworks,5-2-2018,feb.-2018,Nee,Sales,JP,Jelle,✓,Ja compleet,Ja,Ja actief en compleet,Verstuurd,,,Ja,,,,,
1674,50125,Merwelanden Makelaardij,Dordrecht,Zuid-Holland,3311TV,179,Dhr Roeters,roeters@merwelanden-makelaardij.nl,NVM,Realworks,5-2-2018,feb.-2018,Nee,Sales,Jelle,Jelle,✓,Ja compleet,Ja,Ja actief en compleet,Verstuurd,,,Nee,,,,,
1675,53813,10+ Makelaars,Den Bosch,Noord-Brabant,5233AP,37a,Marck van Litsenburg,info@10plusmakelaars.nl,NVM,Realworks,5-2-2018,feb.-2018,Nee,Sales,Jelle,Jelle,✓,Ja compleet,Ja,Ja actief en compleet,Verstuurd,,,Ja,,,,,
1676,49683,Brabant Makelaardij (Woonaccent),Bergen op Zoom,Noord-Brabant,4624GM,40a,Arie de Man,info@brabantmakelaardij.nl,NVM,Realworks,6-2-2018,feb.-2018,Nee,Sales,Jelle,Jelle,✓,Ja compleet,Ja,Ja actief en compleet,Verstuurd,,,Ja,Ja JH,12-04-2018,https://www.brabantmakelaardij.nl/,https://www.pararius.nl/makelaars/bergen-op-zoom/brabant-makelaardij-bergen-op-zoom,
1677,49454,Maes Makelaars,Bergen op Zoom,Noord-Brabant,4611BE,198,Jurgen Kuijlen,info@maesgroep.nl,NVM,Realworks,6-2-2018,feb.-2018,Nee,Sales,Jelle,Jelle,✓,Ja compleet,Ja,Ja actief en compleet,Verstuurd,,,Nee,,,,,
1678,49720,Van der Werf Makelaars,Vianen (UT),Utrecht,4132BJ,nan,Sietse van der Werf,info@vanderwerfmakelaars.nl,NVM,Realworks,6-2-2018,feb.-2018,Nee,Sales,Philip,Jelle,✓,Ja compleet,Ja,Ja actief en compleet,Verstuurd,,,Ja,,,,,
1679,49905,Dé Register Makelaar,Hoevelaken,Gelderland,3871AD,nan,Maurits Kamphorst,info@deregistermakelaar.nl,NVM,Realworks,6-2-2018,feb.-2018,Nee,Sales,Jelle,Jelle,✓,Ja compleet,Ja,Ja actief en compleet,Verstuurd,,,Nee,,,,,
1680,61560,Stephan Kramer Vastgoed,Hulsberg,Limburg,6336PA,nan,Stephan Kramer,info@stephankramer.nl,Onafhankelijk,Goes&Roos,7-2-2018,feb.-2018,Nee,Sales,Jelle,Jelle,✓,Ja compleet,Ja,Ja actief en compleet,Verstuurd,,,Nee,,,,,
1681,50824,Van Maanen Vastgoed,Opijnen,Gelderland,4184EH,5,Dhr van Maanen,info@vanmaanenvastgoed.nl,VastgoedPRo,Skarabee,7-2-2018,feb.-2018,Nee,Sales,Philip,Jelle,✓,Ja compleet,Ja,Ja actief en compleet,Verstuurd,,,Nee,,,,,
1682,50257,De Pagter Vastgoed,Middelburg,Zeeland,4331SB,nan,Arjen de Pagter,uriel@depagtervastgoed.nl,Onafhankelijk,Skarabee,7-2-2018,feb.-2018,Nee,Sales,Jelle,Jelle,✓,Ja gedeeltelijk,Ja,Ja nog niet compleet,Aangemeld,,,Nee,,,,,
1683,49274,Jonker HuisWerk,Beusichem,Gelderland,4112JD,17,Angela Jonker,info@jonkerhuiswerk.nl,Onafhankelijk,Yes-Co,7-2-2018,feb.-2018,Nee,Sales,Philip,Jelle,IAV,IAV,,,,,,Nee,,,,,
1684,49941,Ronald Zwolle Makelaars,Heinkenszand,Zeeland,4451ND,nan,Ronald Zwolle,mail@ronaldzwolle.nl,Onafhankelijk,Realworks,7-2-2018,feb.-2018,Nee,Sales,Jelle,Jelle,IAV,IAV,,,,,,Nee,,,,,
1685,49793,Hommes Homes Makelaardij,Leeuwarden,Friesland,8934BT,nan,Baukje,info@hommeshomes.nl,VBO,Realworks,8-2-2018,feb.-2018,Nee,Sales,JP,Jelle,x,Nee,Nee,,Verstuurd,,,Ja,Ja DvD,23-3-2018,https://www.hommeshomes.nl/,https://www.pararius.nl/koopwoningen/leeuwarden,
1686,61563,Via Paul Makelaardij,Tilburg,Noord-Brabant,5017DX,nan,Paul ter Wolbeek,paul@viapaulmakelaardij.nl,VBO,Venum,9-2-2018,feb.-2018,Nee,Sales,Jelle,Jelle,✓,Ja compleet,Ja,Ja actief en compleet,Verstuurd,,,Ja,Ja DvD,19-2-2018,http://www.mhg-advies.nl/,https://www.pararius.nl/koopwoningen,
1687,50134,Correct Makelaars,Geesteren (gld),Gelderland,7678VJ,119,Bas Bussink,info@correctmakelaars.nl,VBO,Venum,9-2-2018,feb.-2018,Nee,Sales,Philip,Jelle,✓,Ja compleet,Ja,Ja actief en compleet,Verstuurd,,,Ja,Ja DvD,1-3-2018,http://correctmakelaars.nl/,https://www.pararius.nl/,
1688,61497,Noordsij Makelaardij,Westerbork,Drenthe,9431AV,14,Wilco Noordsij,info@noordsijmakelaardij.nl,VBO,Venum,9-2-2018,feb.-2018,Nee,Sales,Philip,Jelle,✓,Ja compleet,Ja,Ja actief en compleet,Verstuurd,,,Ja,Ja DvD,19-4-2018,https://www.noordsijmakelaardij.nl/,https://www.pararius.nl/koopwoningen/,
1689,53716,Ab Gaasbeek Makelaardij,Renswoude,Utrecht,3927BB,73,Ab Gaasbeek,renswoude@abgaasbeekmakelaardij.nl,NVM,Realworks,9-2-2018,feb.-2018,Nee,Sales,Jelle,Jelle,✓,Ja compleet,Ja,Ja actief en compleet,Verstuurd,,,Ja,,,,,
1690,50859,Van Dijk Makelaardij,Waarde,Zeeland,4414AW,17,Mevr Van Dijk,info@vandijkmakelaardij.com,Onafhankelijk,Realworks,9-2-2018,feb.-2018,Nee,Sales,Jelle,Jelle,✓,Ja gedeeltelijk,Ja,Ja nog niet compleet,Aangemeld,,,Ja,,,,,
1691,61566,Internetmakelaars Schiedam,Schiedam,Zuid-Holland,3111NW,50,,schiedam@internetmakelaars.nl,NVM,Goes&Roos,12-2-2018,feb.-2018,Nee,Sales,JP,Jelle,✓,Ja compleet,Ja,Ja actief en compleet,Verstuurd,,,Nee,,,,,
1692,52520,Trieling & Jacobs Makelaars,Beek en Donk,Noord-Brabant,5741JK,28,Boudewijn Trieling,info@trielingjacobs.nl,NVM,Realworks,12-2-2018,feb.-2018,Nee,Sales,Jelle,Jelle,✓,Ja compleet,Ja,Ja actief en compleet,Verstuurd,,,Nee,,,,,
1693,61565,Statig Wonen,Beek en Donk,Noord-Brabant,5741JK,28,Boudewijn Trieling,info@statigwonen.nl,NVM,Realworks,12-2-2018,feb.-2018,Nee,Sales,Jelle,Jelle,✓,Ja gedeeltelijk,Ja,Ja nog niet compleet,Aangemeld,,,Nee,,,,,
1694,52072,HousingXL,Eindhoven,Noord-Brabant,5612CK,90A,Thijs van Herpen,info@housingxl.nl,VBO,Direct,13-2-2018,feb.-2018,Nee,Sales,Jelle,Jelle,,IAV,,,,,,,,,,,
1695,49879,Kindt & Biesbroeck Makelaardij Hulst,Hulst,Zeeland,4561AL,3,Guido Tolhoek,info@kindtenbiesbroeck.nl,VBO,Venum,14-2-2018,feb.-2018,Nee,Sales,Jelle,Jelle,✓,Ja compleet,Ja,Ja actief en compleet,Verstuurd,,,Nee,,,,,
1696,49421,Kindt & Biesbroeck Makelaardij Terneuzen,Terneuzen,Zeeland,4537AJ,nan,Guido Tolhoek,info@kindtenbiesbroeck.nl,VBO,Venum,14-2-2018,feb.-2018,Nee,Sales,Jelle,Jelle,✓,Ja compleet,Ja,Ja actief en compleet,Verstuurd,,,Nee,,,,,
1697,53717,Jeroen van den Boogaard Makelaardij,Nieuw Vennep,Noord-Holland,2153LT,1332 a,Jasper van den Boogaard,info@jeroenvandenboogaard.nl,NVM,Realworks,15-2-2018,feb.-2018,Nee,Sales,JP,Jelle,✓,Ja compleet,Ja,Ja actief en compleet,Verstuurd,,,Ja,,,,,
1698,50215,ISM Makelaars,Goes,Zeeland,4471BJ,43,Imre Schaafsma,info@imreschaafsma.nl,Onafhankelijk,Realworks,15-2-2018,feb.-2018,Nee,Sales,Jelle,Jelle,✓,Ja compleet,Ja,Ja actief en compleet,Verstuurd,,,Nee,,,,,
1699,50557,VDB Vastgoed,Wanneperveen,Overijssel,7946LX,292 A,Mike,info@vdbvastgoed.nl,VBO,Venum,16-2-2018,feb.-2018,Nee,Sales,Philip,Jelle,✓,Ja compleet,Ja,Ja actief en compleet,Verstuurd,,,Ja,Ja DvD,22-2-2018,https://www.vdbvastgoed.nl/8-3fd5/website-links/links,https://www.pararius.nl/koopwoningen/,
1700,55743,Van der Duim Makelaardij,Helmond,Noord-Brabant,5708GC,11,Chris van der Duim,info@vanderduimmakelaardij.nl,NVM,Yes-Co,16-2-2018,feb.-2018,Nee,Sales,Jelle,Jelle,IAV,IAV,,,,,,Nee,,,,,
1701,61573,Maison Makelaars Deventer,Deventer,Overijssel,5981XC,94,Ruby Overbeeke,deventer@maisonmakelaars.nl,VBO,Goes&Roos,19-2-2018,feb.-2018,Nee,Sales,Philip,Jelle,✓,Ja compleet,Ja,Ja actief en compleet,Verstuurd,,,Nee,,,,,
1702,58873,De Haas Makelaardij,Maasdijk,Zuid-Holland,2676DK,35,Jill de Haas,info@dehaas-makelaardij.nl,Onafhankelijk,Pararius Office,19-2-2018,feb.-2018,Nee,Sales,JP,Dave,✓,Ja compleet,Ja,Ja actief en compleet,Verstuurd,,,Nee,,,,,
1703,61501,Plek Makelaardij,Rotterdam,Zuid-Holland,3011LC,47 A,Elbert van Donselaar,info@plekmakelaardij.nl,NVM,Realworks,19-2-2018,feb.-2018,Nee,Sales,JP,Jelle,✓,Ja compleet,Ja,Ja actief en compleet,Verstuurd,,,Ja,Ja DvD,1-6-2018,https://www.plekmakelaardij.nl/,https://www.pararius.nl/koopwoningen/,
1704,55561,Huisman Makelaardij,Amsterdam,Noord-Holland,1054AN,31,Hein Kostering,info@huisman-makelaardij.nl,NVM,Goes&Roos,20-2-2018,feb.-2018,Nee,Sales,JP,Jelle,✓,Ja gedeeltelijk,Ja,Ja nog niet compleet,Aangemeld,,,Ja,,,https://huisman-makelaardij.nl/,https://www.pararius.nl/,
1705,53470,Househunting Groningen,Haren (GN),Groningen,9753AX,nan,Huub Bleeker,huubbleker@househunting.nl,VBO,Venum,20-2-2018,feb.-2018,Nee,Sales,JP,Jelle,IAV,IAV,,,,,,,,,,,
1706,50071,Puntman Makelaardij,Arnhem,Gelderland,6845JB,50,Claudia Puntman,info@puntman.nl,NVM,Realworks,20-2-2018,feb.-2018,Nee,Sales,Philip,Jelle,✓,Ja compleet,Ja,Ja actief en compleet,Verstuurd,,,Ja,Ja DvD,23-3-2018,https://www.puntman.nl/,https://www.pararius.nl/koopwoningen/arnhem,
1707,57041,Zandvoort Makelaars,Zandvoort,Noord-Holland,2042KV,42-44,Jolanda Terol,info@zandvoortmakelaars.nl,NVM,Realworks,20-2-2018,feb.-2018,Nee,Sales,JP,Jelle,✓,Ja compleet,Ja,Ja actief en compleet,Verstuurd,,,Ja,Ja DvD,14-3-2018,http://www.haarlemmakelaars.nl/,https://www.pararius.nl/koopwoningen/,
1708,61576,Haarlem Makelaars,Haarlem,Noord-Holland,2042KV,42 44,Jolanda Terol,info@haarlemmakelaars.nl,NVM,Realworks,20-2-2018,feb.-2018,Nee,Sales,JP,Jelle,✓,Ja compleet,Ja,Ja actief en compleet,Verstuurd,,,Ja,Ja DvD,14-3-2018,https://www.zandvoortmakelaars.nl/,https://www.pararius.nl/koopwoningen/,
1709,53948,Rentmeester Makelaardij,Tilburg,Noord-Brabant,5038BA,19,Bas Rentmeester,bas@rentmeestermakelaardij.nl,NVM,Realworks,20-2-2018,feb.-2018,Nee,Sales,Jelle,Jelle,✓,Ja compleet,Ja,Ja actief en compleet,Verstuurd,,,Ja,Ja JH,21-2-2018,http://www.rentmeestermakelaardij.nl/,https://www.pararius.nl/koopwoningen,
1710,49792,Uw Makelaar Site,Rotterdam,Zuid-Holland,3033BA,1a,N. Erdem,info@uwmakelaarsite.nl,VastgoedPRo,Realworks,20-2-2018,feb.-2018,Nee,Koppeling,JP,Dave,✓,Ja compleet,Ja,Ja actief en compleet,Verstuurd,,,Ja,Ja DvD,20-4-2018,https://www.uwmakelaarsite.nl/,https://www.pararius.nl/koopwoningen/,
1711,54192,Jacobs Makelaardij,Nijmegen,Gelderland,6511SC,58,Sergej Jacobs,info@jacobs-makelaardij.nl,NVM,Realworks,21-2-2018,feb.-2018,Nee,Sales,Philip,Jelle,✓,Ja geen aanbod,,Ja nog niet compleet,,,,Ja,Ja DvD,3-4-2018,http://www.jacobs-makelaardij.nl/,https://www.pararius.nl/koopwoningen/nijmegen,
1712,61578,Erwin Thoonen Makelaardij,Nijmegen,Gelderland,6511MX,13,Erwin Thoonen,info@demakelaarvannijmegen.nl,NVM,Realworks,21-2-2018,feb.-2018,Nee,Sales,Philip,Jelle,✓,Ja compleet,Ja,Ja actief en compleet,Verstuurd,,,Ja,Ja DvD,28-3-2018,https://www.demakelaarvannijmegen.nl/,https://www.pararius.nl/koopwoningen/nijmegen,
1713,54756,Van Engelen de Wilde Makelaardij,Waalre,Noord-Brabant,5582JZ,84,Martijn Prinssen,info@vanengelendewilde.nl,NVM,Realworks,21-2-2018,feb.-2018,Nee,Sales,Jelle,Jelle,✓,Ja gedeeltelijk,Ja,Ja nog niet compleet,Aangemeld,,,Nee,,,,,
1714,51578,Ton van Lanen & Partners,Uden,Noord-Brabant,5401BE,nan,Mirjam van Lanen,info@vanlanen.nl,NVM,Realworks,22-2-2018,feb.-2018,Nee,Sales,Jelle,Jelle,✓,Ja gedeeltelijk,Ja,Ja nog niet compleet,Aangemeld,,,Nee,,,,,
1715,51510,ASA Groep Makelaardij,Maastricht,Limburg,6217EK,46,Henri Borgignons,makelaardij@asagroep.nl,NVM,Realworks,22-2-2018,feb.-2018,Nee,Sales,Jelle,Jelle,✓,Ja compleet,Ja,Ja actief en compleet,Verstuurd,,,Nee,,,,,
1716,54703,Van Anken Makelaardij,Nijmegen,Gelderland,6524HA,nan,Onno Disveld,info@vananken.nl,NVM,Realworks,22-2-2018,feb.-2018,Nee,Sales,Philip,Jelle,✓,Ja compleet,Ja,Ja actief en compleet,Verstuurd,,,Ja,,,,,
1717,61586,Roeters.pro,Sittard,Limburg,6131KR,32,Henri Pepels,info@roeters.pro,Onafhankelijk,MediaZo!,23-2-2018,feb.-2018,Nee,Sales,Jelle,Jelle,✓,Ja compleet,Ja,Ja actief en compleet,Verstuurd,,,Ja,Ja DvD,23-3-2018,https://www.roeters.pro/,https://www.pararius.nl/koopwoningen/sittard,
1718,61547,Bimi Vastgoed,Amsterdam,Noord-Holland,1016AH,370,,info@bimivastgoed.nl,Onafhankelijk,Venum,23-2-2018,feb.-2018,Nee,Koppeling,JP,Dave,✓,IAV,,,,,,Ja,Ja DvD,23-2-2018,https://www.bimivastgoed.nl/,https://www.pararius.nl/,
1719,61587,De Huizenbemiddelaar Klasens,Sint Oedenrode,Noord-Brabant,5492SM,15,Peter Klasens,klasens@dehuizenbemiddelaar.nl,VBO,Direct,23-2-2018,feb.-2018,Nee,Sales,Jelle,Jelle,✓ Directe XML (niet via KA),Ja compleet,Ja,Ja actief en compleet,Verstuurd,,,Nee,,,,,
1720,49855,RE/MAX Connect,Bovenkarspel,Noord-Holland,1611KR,23,Jacqueline van Wijk,connectbovenkarspel@remax.nl,VBO,Venum,23-2-2018,feb.-2018,Nee,Sales,JP,Jelle,✓,Ja compleet,Ja,Ja actief en compleet,Verstuurd,,,Nee,,,,,
1721,61607,RE/MAX Direct,Hoorn (nh),Noord-Holland,1621KC,36,Lois,manondeboer@remax.nl,VBO,Venum,23-2-2018,feb.-2018,Nee,Sales,JP,Jelle,✓,Ja compleet,Ja,Ja actief en compleet,Verstuurd,,,Nee,,,,,
1722,52242,RE/MAX Plus,Rotterdam,Zuid-Holland,1300BG,1266,Tolga Kocer,tolgakocer@remax.nl,VBO,Venum,23-2-2018,feb.-2018,Nee,Sales,JP,Jelle,✓,Ja compleet,Ja,Ja actief en compleet,Verstuurd,,,Nee,,,,,
1723,57033,Thuismakelaars.nl,Goes,Zeeland,4463AD,13,Elmar de Kok,info@thuismakelaars.nl,Onafhankelijk,Realworks,23-2-2018,feb.-2018,Nee,Sales,Jelle,Jelle,x,Nee,Ja,Ja nog niet actief,,,,Nee,,,,,
1724,50828,Die Twee Hertoghen,Eindhoven,Noord-Brabant,5644RB,195,Dennis Verstralen,mail@dietweehertoghen.nl,Onafhankelijk,Estate Ware,26-2-2018,feb.-2018,Nee,Sales,Jelle,Jelle,IAV,IAV,,,,,,Nee,,,,,
1725,48813,T.A. Makelaardij,Wissenkerke,Zeeland,4491EV,37,Tisha Abuys,info@tamakelaardij.nl,Onafhankelijk,Skarabee,26-2-2018,feb.-2018,Nee,Sales,Jelle,Jelle,✓,Ja compleet,Ja,Ja actief en compleet,Verstuurd,,,Nee,,,,,
1726,49054,RE/MAX Adviseurs,Leidschendam,Zuid-Holland,2265AM,47,Bert van der Krogt,bertvanderkrogt@remax.nl,VBO,Venum,26-2-2018,feb.-2018,Nee,Sales,JP,Jelle,✓,Ja compleet,Ja,Ja actief en compleet,Verstuurd,,,Nee,,,,,
1727,52432,HousingNow,Almere,Flevoland,1322AC,nan,Maya,info@housingnow.nl,VBO,Pararius Office,26-2-2018,feb.-2018,Nee,Sales,JP,Jelle,✓,Ja compleet,Ja,Ja actief en compleet,Verstuurd,,,Nee,,,,,
1728,53149,Santos Makelaardij,Schiedam,Zuid-Holland,3117AB,251,,info@santosmakelaardij.nl,Onafhankelijk,Pararius Office,27-2-2018,feb.-2018,Nee,Koppeling,JP,Dave,✓,Ja compleet,Ja,Ja actief en compleet,Verstuurd,,,Nee,,,,,
1729,48896,Kolmeijer Makelaars Nijmegen,Nijmegen,Gelderland,6522AC,27,Danielle de Haas,wonen@kolmeiernijmegen.nl,NVM,Realworks,27-2-2018,feb.-2018,Nee,Sales,Philip,Jelle,✓,Ja compleet,Ja,Ja actief en compleet,Aangemeld,,,Nee,,,,,
1730,61574,Fransen & Kroes Makelaars,Amsterdam,Noord-Holland,1032KT,7 B,Marijn Kroes,info@fransenkroes.nl,NVM,Realworks,27-2-2018,feb.-2018,Nee,Sales,JP,Jelle,✓,Ja compleet,Ja,Ja actief en compleet,Verstuurd,,,Ja,Ja DvD,17-7-2018,https://www.fransenkroes.nl/,https://www.pararius.nl,
1731,49198,Zonnenberg Makelaardij,Veenendaal,Utrecht,3904JG,108,Ankicka Hensen,info@zonnenbergmakelaardij.nl,VBO,Venum,28-2-2018,feb.-2018,Nee,Sales,Jelle,Jelle,✓,Ja compleet,Ja,Ja actief en compleet,Verstuurd,,,Ja,Ja DvD,19-3-2018,https://www.zonnenbergmakelaardij.nl/,https://www.pararius.nl/koopwoningen/,
1732,52445,RE/MAX Action,Medemblik,Noord-Holland,1671BA,11,Arnold Goedegebure,info@goedegebure.nl,VBO,Venum,28-2-2018,feb.-2018,Nee,Sales,JP,Jelle,✓,Ja compleet,Ja,Ja actief en compleet,Verstuurd,,,Nee,,,,,
1733,61580,Vermunt Makelaardij,Roosendaal,Noord-Brabant,4701AD,57,Nanda Vermunt-Wilbrink,info@vermunt-makelaardij.nl,NVM,Realworks,28-2-2018,feb.-2018,Nee,Sales,Jelle,Jelle,✓,Ja compleet,Ja,Ja actief en compleet,Verstuurd,,,Nee,,,,,
1734,61623,Aelmans Margraten,Margraten,Limburg,6269DA,78,Kiara Vandeberg,margraten@aelmans.com,NVM,Realworks,28-2-2018,feb.-2018,Nee,Sales,Jelle,Jelle,✓,Ja compleet,Ja,Ja actief en compleet,Verstuurd,,,Nee,,,,,
1735,49960,Aelmans Voerendaal,Voerendaal,Limburg,6367TV,nan,Kiara Vandeberg,info@aelmans.com,NVM,Realworks,28-2-2018,feb.-2018,Nee,Sales,Jelle,Jelle,✓,Ja compleet,Ja,Ja actief en compleet,Verstuurd,,,Nee,,,,,
1736,50315,Aelmans Baexem,Baexem,Limburg,6095BE,nan,Kiara Vandeberg,baexem@aelmans.com,NVM,Realworks,28-2-2018,feb.-2018,Nee,Sales,Jelle,Jelle,✓,Ja compleet,Ja,Ja actief en compleet,Verstuurd,,,Nee,,,,,
1737,61624,Aelmans Vught,Vught,Noord-Brabant,5261LR,21,Kiara Vandeberg,vught@aelmans.com,NVM,Realworks,28-2-2018,feb.-2018,Nee,Sales,Jelle,Jelle,✓,Ja compleet,Ja,Ja actief en compleet,Verstuurd,,,Nee,,,,,
1738,55873,Zagers Makelaars-Taxateurs,Breda,Noord-Brabant,4811AB,24,Sandra Grootenboer,info@zagers.nl,NVM,Realworks,28-2-2018,feb.-2018,Nee,Sales,Jelle,Jelle,✓,Ja compleet,Ja,Ja actief en compleet,Verstuurd,,,Nee,,,,,
1739,61599,Wittewoning Makelaars Rotterdam-Rijnmond,Hoogvliet Rotterdam,Zuid-Holland,3191VA,2 a,,rotterdamrijnmond@wittewoningmakelaars.nl,Onafhankelijk,Pararius Office,1-3-2018,mrt.-2018,Nee,Koppeling,JP,Dave,✓,IAV,,,,,,,,,,,
1740,61598,Bouka Makelaars,Den Haag,Zuid-Holland,2542JG,243,,info@bouka.nl,Onafhankelijk,Pararius Office,1-3-2018,mrt.-2018,Nee,Koppeling,JP,Dave,✓,Ja compleet,Ja,Ja nog niet compleet,Aangemeld,,,Ja,Ja NB,20-7-2018,https://www.bouka-makelaars.nl/nl,https://www.pararius.nl/,
1741,61597,Listings Amsterdam,Amsterdam,Noord-Holland,1013CP,180,,info@listingsamsterdam.nl,Onafhankelijk,Pararius Office,1-3-2018,mrt.-2018,Nee,Koppeling,JP,Dave,✓,IAV,,,,,,Nee,,,,,
1742,50740,Linders Adviesbureau,Puth,Limburg,6155KP,74,,info@lindersadvies.nl,Onafhankelijk,Pararius Office,1-3-2018,mrt.-2018,Nee,Koppeling,Jelle,Dave,✓,Ja compleet,Ja,Ja actief en compleet,Verstuurd,,,Nee,,,,,
1743,52092,Amstel Housing Haarlem,Haarlem,Noord-Holland,2130AB,62,,haarlem@amstelhousing.nl,Onafhankelijk,Pararius Office,1-3-2018,mrt.-2018,Nee,Koppeling,JP,Dave,✓,Ja compleet,Ja,Ja nog niet compleet,Aangemeld,,,Nee,,,,,
1744,53800,Blaauwendraad makelaardij,Scherpenzeel (GLD),Gelderland,3925GC,64,Pieter Blaauwendraad,info@blaauwendraad-makelaardij.nl,Onafhankelijk,Goes&Roos,2-3-2018,mrt.-2018,Nee,Sales,Jelle,Jelle,✓,Ja gedeeltelijk,Ja,Ja nog niet compleet,Aangemeld,,,Nee,,,,,
1745,52791,RE/MAX Pro,Amsterdam,Noord-Holland,1075XT,214hs,Hans Koppes,amsterdam@remax.nl,VBO,Pararius Office,2-3-2018,mrt.-2018,Nee,Sales,JP,Jelle,IAV,IAV,,,,,,,,,,,
1746,61600,House to Sell,Den Bosch,Noord-Brabant,5215HM,43344,Carola van der Krabben,info@housetosell.nl,Onafhankelijk,Yes-Co,2-3-2018,mrt.-2018,Nee,Sales,Jelle,Jelle,✓,Ja compleet,Ja,Ja actief en compleet,Aangemeld,,,Nee,,,,,
1747,49600,Baas Makelaars,Halsteren,Noord-Brabant,4661HM,57,Tanja Rooijmans,info@baasmakelaars.nl,NVM,Realworks,2-3-2018,mrt.-2018,Nee,Sales,Jelle,Jelle,✓,Ja compleet,Ja,Ja actief en compleet,Verstuurd,,,Ja,Ja DvD,20-7-2018,http://www.baasmakelaars.nl/,https://www.pararius.nl/,
1748,49065,Peters & Jacobs Makelaardij,Echt,Limburg,6102AD,nan,Marij Jacobs,info@peters-jacobs.nl,VBO,Venum,6-3-2018,mrt.-2018,Nee,Sales,Jelle,Jelle,✓,Ja compleet,Ja,Ja actief en compleet,Verstuurd,,,Nee,,,,,
1749,52088,Struijk & Struijk Makelaardij,Middelharnis,Zuid-Holland,3241KA,2A,Tim Wiggers,tim@struijstruijk.nl,NVM,Realworks,6-3-2018,mrt.-2018,Nee,Sales,Jelle,Jelle,✓,Ja compleet,Ja,Ja actief en compleet,Verstuurd,,,Nee,,,,,
1750,54683,Timmermans Makelaardij,Waalwijk,Noord-Brabant,5141GG,74,Karin Meijs,info@timmermansmakelaardij.nl,NVM,Realworks,6-3-2018,mrt.-2018,Nee,Sales,Jelle,Jelle,✓,Ja compleet,Ja,Ja actief en compleet,Verstuurd,,,Nee,,,,,
1751,49696,Klavis Makelaardij,Maasdijk,Zuid-Holland,2676BP,72,Tessa van Dongen,info@klavis-makelaardij.nl,VBO,Venum,7-3-2018,mrt.-2018,Nee,Sales,JP,Dave,✓,Ja compleet,,Ja actief en compleet,Verstuurd,,,Ja,Ja DvD,26-3-2018,https://www.klavis-makelaardij.nl/,https://www.pararius.nl/,
1752,55442,Huis Expert Makelaardij,Schoonebeek,Drenthe,7761AL,124,Bianca Levelink,info@huisexpert.nl,NVM,Goes&Roos,7-3-2018,mrt.-2018,Nee,Sales,Philip,Jelle,✓,Ja compleet,Ja,Ja actief en compleet,Verstuurd,,,Nee,,,,,
1753,56104,Expata,Den Haag,Zuid-Holland,2582XG,90,,info@expata.nl,Onafhankelijk,Pararius Office,7-3-2018,mrt.-2018,Nee,Koppeling,JP,Dave,✓,Ja compleet,Ja,Ja actief en compleet,Aangemeld,,,Ja,,,,,
1754,61604,InterMakelaars Horst-Venray,Horst,Limburg,5961AA,11 -A,Remy Beuskens,horst@intermakelaars.com,NVM,Realworks,7-3-2018,mrt.-2018,Nee,Sales,Jelle,Jelle,✓,Ja compleet,Ja,Ja actief en compleet,Verstuurd,,,Nee,,,,,
1755,55657,ACM InterMakelaars Venlo,Venlo,Limburg,5914CH,98,Remy Beuskens,venlo@acm-intermakelaars.com,NVM,Realworks,7-3-2018,mrt.-2018,Nee,Sales,Jelle,Jelle,✓,Ja compleet,Ja,Ja actief en compleet,Verstuurd,,,Nee,,,,,
1756,61625,Aelmans InterMakelaars Panningen,Panningen,Limburg,5981AJ,50 B,Kiara Vandeberg,panningen@aelmans.com,NVM,Realworks,7-3-2018,mrt.-2018,Nee,Sales,Jelle,Jelle,✓,Ja compleet,Ja,Ja actief en compleet,Verstuurd,,,Nee,,,,,
1757,54286,LBB Naber Makelaars,Tilburg,Noord-Brabant,5038KG,190,Angelique de Kort-Verduijn,angelique@lbb-naber.nl,NVM,Realworks,8-3-2018,mrt.-2018,Nee,Sales,Jelle,Jelle,✓,Ja gedeeltelijk,Ja,Ja nog niet compleet,Aangemeld,,,Nee,,,,,
1758,53386,Ilse Vastgoed,Ossendrecht,Noord-Brabant,4641HD,133,Ilse Hendrickx,info@ilsevastgoed.nl,NVM,Realworks,9-3-2018,mrt.-2018,Nee,Sales,Jelle,Jelle,✓,Ja compleet,Ja,Ja actief en compleet,Verstuurd,,,Ja,Ja DvD,20-3-2018,http://www.ilsevastgoed.nl/,https://www.pararius.nl/koopwoningen/ossendrecht,
1759,50238,Makelaardij Goes,Goes,Zeeland,4463WS,10,Jack van Riet,info@makelaardijgoes.com,Onafhankelijk,Realworks,9-3-2018,mrt.-2018,Nee,Sales,Jelle,Jelle,x,IAV,,,,,,,,,,,
1760,53402,Makelaar Tom,Hulst,Zeeland,4561HL,26,Tom,info@makelaartom.nl,Onafhankelijk,Direct,12-3-2018,mrt.-2018,Nee,Sales,Jelle,Jelle,✓,Ja compleet,Ja,Ja actief en compleet,Verstuurd,,,Nee,,,,,
1761,50791,Wilms Vastgoed,Sittard,Limburg,6137SK,40,Dhr Wilms,info@wilmsvastgoed.nl,Onafhankelijk,Estate Ware,13-3-2018,mrt.-2018,Nee,Sales,Jelle,Jelle,✓,Ja compleet,Ja,Ja actief en compleet,Verstuurd,,,Ja,Ja DvD,22-3-2018,http://www.wilmsvastgoed.nl/,https://www.pararius.nl/koopwoningen/sittard,
1762,50983,Van Loo Hypotheken en Assurantien,Bergen op Zoom,Noord-Brabant,4611BV,26,Marc van Loo,info@vanloohypotheken.nl,Onafhankelijk,Direct,13-3-2018,mrt.-2018,Nee,Sales,Jelle,Jelle,x,IAV,,,,,,,,,,,
1763,50608,Munninghof Makelaardij,Borne,Overijssel,7621SZ,14,Rob Munninghof,info@m-makelaardij.nl,VBO,Venum,13-3-2018,mrt.-2018,Nee,Sales,Philip,Jelle,IAV,IAV,,,,,,Nee,,,,,
1764,48848,Charles Nagelkerke Makelaardij,Breda,Noord-Brabant,4811EN,3,Dhr Nagelkerke,info@makelaarinbreda.nl,NVM,Realworks,13-3-2018,mrt.-2018,Nee,Sales,Jelle,Jelle,✓,Ja compleet,Ja,Ja actief en compleet,Verstuurd,,,Ja,,,,,
1765,49556,A18 Makelaardij,Doetinchem,Gelderland,7000AD,182,Nick Kok,info@a18makelaardij.nl,NVM,Realworks,13-3-2018,mrt.-2018,Nee,Sales,Philip,Jelle,x,Nee,Ja,,Verstuurd,,,Nee,,,,,
1766,53418,Lenaers Makelaardij,Roosendaal,Noord-Brabant,4701CR,nan,Oscar van de Water,info@lenaers.nl,NVM,Realworks,13-3-2018,mrt.-2018,Nee,Sales,Jelle,Jelle,✓,Ja gedeeltelijk,Nee,Ja nog niet compleet,Aangemeld,,,Ja,Ja DvD,17-4-2018,https://www.lenaers.nl/,https://www.pararius.nl/koopwoningen/,
1767,51019,Makelaardij Maat,Goes,Zeeland,4461CC,nan,Davey Maat,info@makelaardijmaat.nl,Onafhankelijk,Realworks,13-3-2018,mrt.-2018,Nee,Sales,Jelle,Jelle,✓,Ja gedeeltelijk,Nee,Ja nog niet compleet,Aangemeld,,,Nee,,,,,
1768,58754,Internetmakelaars Apeldoorn-Epe,Apeldoorn,Gelderland,8171BS,60A,,apeldoorn@internetmakelaars.nl,NVM,Goes&Roos,14-3-2018,mrt.-2018,Nee,Sales,Philip,Jelle,✓,Ja geen aanbod,Nee,Ja nog niet actief,,,,Nee,,,,,
1769,56425,Pasklaar Wonen,Weert,Limburg,6001GJ,54,Wendy Pas,info@pasklaarwonen.nl,Onafhankelijk,Goes&Roos,14-3-2018,mrt.-2018,Nee,Sales,Jelle,Jelle,✓,Ja compleet,Ja,Ja actief en compleet,Verstuurd,,,Ja,Ja DvD,30-7-2018,http://www.pasklaarwonen.nl/,https://www.pararius.nl/,
1770,61550,Die andere makelaar,Bergen op Zoom,Noord-Brabant,4625DA,29,Robert Kuijk,info@dieanderemakelaar.com,Onafhankelijk,Direct,14-3-2018,mrt.-2018,Nee,Sales,Jelle,Jelle,✓,Ja compleet,Ja,Ja actief en compleet,Verstuurd,,,Nee,,,,,
1771,55266,Woonvisie IJsselmonde,Rotterdam,Zuid-Holland,3079NC,123,Rebecca de Jong - van Jole,info@woonvisiemakelaars.nl,NVM,Realworks,14-3-2018,mrt.-2018,Ja,Sales,JP,Dave,✓,Ja compleet,Ja,Ja actief en compleet,Verstuurd,Ja,,Ja,,,,,
1772,55924,BuitengeWOON Makelaars,Arnhem,Gelderland,6836HL,15,Dirk van Bladeren,info@bgwoon.nl,Onafhankelijk,Yes-Co,15-3-2018,mrt.-2018,Nee,Sales,Philip,Jelle,✓,Ja compleet,Ja,Ja actief en compleet,Aangemeld,,,Nee,,,,,
1773,49913,Dian Clarijs Makelaardij,Goes,Zeeland,4461KZ,11,Dian Clarijs,info@dianclarijs.nl,NVM,Realworks,15-3-2018,mrt.-2018,Nee,Sales,Jelle,Jelle,✓,Ja compleet,Ja,Ja actief en compleet,Verstuurd,,,Ja,,,,,
1774,61639,A naar B Makelaars,Heeswijk Dinther,Noord-Holland,5473EL,nan,Edwin van Tilburg,makelaars@a-naar-b.nl,Onafhankelijk,Realworks,15-3-2018,mrt.-2018,Nee,Sales,Jelle,Jelle,x,Nee,Ja,Ja nog niet actief,Verstuurd,,,Nee,,,,,
1775,49949,Somers & Brabant makelaardij,Simpelveld,Limburg,6369AA,3 - 7,David Oberije,vastgoed@somersbrabant.nl,Onafhankelijk,Pararius Office,16-3-2018,mrt.-2018,Nee,Sales,Jelle,Jelle,✓,Ja compleet,Ja,Ja actief en compleet,Verstuurd,,,Nee,,,,,
1776,61643,Passies Bouwadvies en Makelaardij,Sleen,Drenthe,7841GG,15,Karl Passies,info@passies-makelaardij.nl,Onafhankelijk,Realworks,16-3-2018,mrt.-2018,Nee,Sales,Philip,Jelle,✓,Ja compleet,Ja,Ja actief en compleet,Verstuurd,,,Ja,Ja DvD,13-4-2018,http://www.passies-makelaardij.nl/,https://www.pararius.nl/koopwoningen/,
1777,54875,WOON Makelaars,Grave,Noord-Brabant,5361GR,nan,Anita Klomp,info@woonmakelaars.nl,NVM,Realworks,16-3-2018,mrt.-2018,Nee,Sales,Jelle,Jelle,✓,Ja compleet,Ja,Ja actief en compleet,Verstuurd,,,Ja,Ja DvD,5-4-2018,https://www.woonmakelaars.nl/,https://www.pararius.nl/koopwoningen/,
1778,56668,072 wonen,Alkmaar,Noord-Holland,1811LP,16,Hans van Beuzekom,info@072huren.nl,VBO,Venum,20-3-2018,mrt.-2018,Nee,Sales,JP,JP,✓,Ja compleet,,Ja actief en compleet,Verstuurd,,,Ja,,,https://www.072wonen.nl/,https://www.pararius.com/english,
1779,61666,Eshuis Makelaar,Terheijden,Noord-Brabant,4844HR,36,Sander Eshuis,sander@eshuismakelaar.nl,VBO,Venum,20-3-2018,mrt.-2018,Nee,Sales,Jelle,Jelle,✓,Ja compleet,Ja,Ja actief en compleet,Verstuurd,,,Nee,,,,,
1780,49258,Broere Makelaars,Heeze,Noord-Brabant,5591EN,nan,Jeroen Broere,info@broere.com,Onafhankelijk,Goes&Roos,20-3-2018,mrt.-2018,Nee,Sales,Jelle,Jelle,✓,Ja compleet,Ja,Ja actief en compleet,Verstuurd,,,Nee,,,,,
1781,56429,Finsafe Makelaardij,Maastricht,Limburg,6221CM,40,Hans Migchielsen,info@finsafemakelaardij.nl,Onafhankelijk,Pyber,20-3-2018,mrt.-2018,Nee,Sales,Jelle,Jelle,✓,Ja compleet,,,Aangemeld,,,,,,,,
1782,50336,Vijgen Makelaardij,Heerlen,Limburg,6411HK,nan,Marcel Vijgen,info@vijgen.nl,Onafhankelijk,Pararius Office,21-3-2018,mrt.-2018,Nee,Sales,Jelle,Jelle,✓,Ja compleet,Ja,Ja actief en compleet,Verstuurd,,,Nee,,,,,
1783,55406,Euregio Makelaardij,Roermond,Limburg,6042AX,16,Janou Sangers,info@euregiomakelaardij.com,Onafhankelijk,Realworks,21-3-2018,mrt.-2018,Nee,Sales,Jelle,Jelle,✓,Ja compleet,Ja,Ja actief en compleet,,,,,,,,,
1784,49526,Schildvoorde NVM Makelaardij,Rotterdam,Zuid-Holland,3085EX,170,A.E. van der Plas,info@schildtvoorde.nl,NVM,Realworks,21-3-2018,mrt.-2018,Nee,Sales,JP,JP,✓,Ja compleet,Ja,Ja actief en compleet,Verstuurd,,,Ja,Ja DvD,1-5-2018,https://www.schildtvoorde.nl/,https://www.pararius.nl/,
1785,50656,Domus Makelaardij,Dalen,Drenthe,7751GE,nan,Leo Greiner,leo@domusbv.nl,VBO,Venum,22-3-2018,mrt.-2018,Nee,Sales,Philip,Jelle,✓,Ja compleet,Ja,Ja actief en compleet,Verstuurd,,,Ja,Ja DvD,3-4-2018,https://www.domusmakelaardij.nl/,https://www.pararius.nl/koopwoningen/,
1786,49854,Sleipner Makelaardij,Valkenburg (lb),Limburg,6300AA,31,Rob Graus,makelaardij@sleipner.nl,Onafhankelijk,Estate Ware,22-3-2018,mrt.-2018,Nee,Sales,Jelle,Jelle,✓,Ja compleet,Ja,Ja actief en compleet,Verstuurd,,,Nee,,,,,
1787,53409,Richard Huizer Makelaardij,Hapert,Noord-Brabant,5527HE,nan,Richard Huizer,richard@rhmakelaardij.nl,VBO,Skarabee,22-3-2018,mrt.-2018,Nee,Sales,Jelle,Jelle,✓,Ja compleet,Ja,Ja actief en compleet,Verstuurd,,,Ja,,,,,
1788,53796,Makelaardij Bauer,Heerlen,Limburg,6416CB,60,Ralph Bauer,info@makelaardijbauer.eu,Onafhankelijk,Realworks,22-3-2018,mrt.-2018,Nee,Sales,Jelle,Jelle,✓,Ja compleet,Ja,Ja actief en compleet,Verstuurd,,,Ja,Ja DvD,11-4-2018,https://www.makelaardijbauer.eu/,https://www.pararius.nl/koopwoningen/heerlen,
1789,51377,Van Ekeren Kuiper Leerdam,Leerdam,Zuid-Holland,4142DA,5 A,Miranda van Lith,info@vanekerenkuiper.nl,NVM,Realworks,22-3-2018,mrt.-2018,Nee,Sales,Philip,Jelle,✓,Ja compleet,Ja,Ja actief en compleet,Verstuurd,,,Nee,,,,,
1790,61678,Van Ekeren Kuiper Gorinchem,Dalem,Zuid-Holland,4213CJ,2a,Miranda van Lith,info@vanekerenkuiper.nl,NVM,Realworks,22-3-2018,mrt.-2018,Nee,Sales,Jelle,Jelle,✓,Ja compleet,Ja,Ja actief en compleet,Verstuurd,,,Nee,,,,,
1791,49383,Seijsener Makelaardij,Hillegom,Zuid-Holland,2181LR,111,Els Seijsener,elsseijsener@casema.nl,Onafhankelijk,Skarabee,23-3-2018,mrt.-2018,Nee,Sales,JP,JP,✓,Ja gedeeltelijk,Ja,Ja nog niet compleet,Verstuurd,,,Nee,,,,,
1792,50339,VanderSlikke Rentmeester,Ellemeet,Zeeland,4323TC,nan,,info@vdslikke.nl,VastgoedPRo,Skarabee,26-3-2018,mrt.-2018,Nee,Koppeling,Jelle,Dave,✓,Ja compleet,Ja,Ja actief en compleet,Verstuurd,,,Nee,,,,,
1793,61688,WONEN Makelaars,Den Bosch,Noord-Brabant,2500AA,nan,Rob Schaart,info@wonenmakelaars.nl,Onafhankelijk,Realworks,26-3-2018,mrt.-2018,Nee,Sales,Jelle,Jelle,✓,Ja compleet,Ja,Ja actief en compleet,Verstuurd,,,Ja,Ja DvD,11-4-2018,https://www.wonenmakelaars.nl/,https://www.pararius.nl/,
1794,56984,Woonbemiddeling Rivierenland,Gorinchem,Zuid-Holland,4201JV,40,Jeff,info@woonbemiddeling-rivierenland.nl,VBO,Realworks,26-3-2018,mrt.-2018,Nee,Sales,Jelle,Jelle,✓,Ja compleet,Ja,Ja actief en compleet,Verstuurd,,,Ja,Ja DvD,18-9-2018,https://www.woonbemiddeling-rivierenland.nl/,https://www.pararius.nl/,
1795,50172,De Makelaars Maatschap,Veldhoven,Noord-Brabant,5502DD,18,Mijntje Vissers,mv@makelaarsmaatschap.nl,Onafhankelijk,Realworks,26-3-2018,mrt.-2018,Nee,Sales,Jelle,Jelle,x,Nee,Ja,Ja nog niet actief,,,,Ja,Ja DvD,24-4-2018,https://makelaarsmaatschap.nl/,https://www.pararius.nl/,
1796,61689,De Lokale Makelaar,Tilburg,Noord-Brabant,5000AA,37,S. Pellis,welkom@delokalemakelaar.nl,Onafhankelijk,Venum,27-3-2018,mrt.-2018,Nee,Sales,Jelle,Jelle,✓,Ja compleet,Ja,Ja actief en compleet,Verstuurd,,,Ja,Ja DvD,4-4-2018,https://www.delokalemakelaar.nl/,https://www.pararius.nl/,
1797,49107,Rodenhuis Makelaardij,Leeuwarden,Friesland,8915HL,60,Peter Rodenhuis,info@rodenhuismakelaardij.nl,Onafhankelijk,Venum,27-3-2018,mrt.-2018,Nee,Sales,JP,JP,✓,Ja geen aanbod,Nee,,,,,Ja,,,,,
1798,61690,De Nisse Makelaardij,Spijkenisse,Zuid-Holland,3201DB,1,Richard Monster,richard@miw-advies.nl,VBO,Venum,27-3-2018,mrt.-2018,Nee,Sales,Jelle,Jelle,✓,Ja compleet,Ja,Ja actief en compleet,Aangemeld,,1,Ja,Ja DvD,17-12-2018,http://denissemakelaardij.nl/,https://www.pararius.nl/,
1799,61665,De Voordeel Makelaar Tilburg,Tilburg,Noord-Brabant,5037DR,449,Nick Van Summeren,info@voordeelmakelaartilburg.nl,Onafhankelijk,Realworks,27-3-2018,mrt.-2018,Nee,Sales,Jelle,Jelle,x,Nee,Ja,Ja actief en compleet,,,,Ja,,,,,
1800,61694,VHM Makelaars Hoorn,Hoorn (nh),Noord-Holland,1628HP,15,Patrick Steur,hoorn@vhmmakelaars.nl,NVM,Goes&Roos,28-03-2018,mrt.-2018,Nee,Sales,JP,JP,✓,Ja compleet,Ja,Ja actief en compleet,Verstuurd,,,Ja,Ja JP,28-03-2018,http://www.hoorn.vhmmakelaars.nl/,https://www.pararius.nl/koopwoningen/hoorn,
1801,49197,Peelgraaf Partners,Zeeland,Noord-Brabant,5411NR,17a,Hein Arts,info@peelgraaf.nl,VBO,Venum,29-3-2018,mrt.-2018,Ja,Koppeling,Jelle,Jelle,✓,Ja compleet,Ja,Ja actief en compleet,Aangemeld,Ja,,Nee,,,,,
1802,61696,Haus & Huis Makelaardij,Brunssum,Limburg,6444VH,nan,Bas Nicaise,info@hausenhuis.nl,Onafhankelijk,Goes&Roos,29-3-2018,mrt.-2018,Nee,Sales,Jelle,Jelle,✓,Ja compleet,Ja,Ja actief en compleet,Verstuurd,,,Nee,,,,,
1803,56674,Extra Wonen,Rotterdam,Zuid-Holland,3034KD,11,Najim,info@extra-wonen.nl,Onafhankelijk,Yes-Co,3-4-2018,apr.-2018,Nee,Sales,JP,JP,IAV,IAV,,,,,,Nee,,,,,
1804,61706,Yilmaz Makelaardij,Rotterdam,Zuid-Holland,3112BS,266-A,Ercan,ercan@onlinefd.nl,Onafhankelijk,Goes&Roos,3-4-2018,apr.-2018,Nee,Sales,JP,JP,✓,Ja compleet,Ja,Ja actief en compleet,Verstuurd,,,Nee,,,,,
1805,52666,Randstadmakelaars.com,Rotterdam,Zuid-Holland,3033AK,120A,,mail@randstadmakelaars.com,Onafhankelijk,Yes-Co,3-4-2018,apr.-2018,Nee,Sales,JP,JP,✓,Ja compleet,Ja,Ja actief en compleet,Aangemeld,,,,,,,,
1806,50664,Troost Onroerend Goed,Heerlen,Limburg,6417BL,99,Ingrid Fourrier,info@troost-onroerendgoed.nl,Onafhankelijk,Pararius Office,3-4-2018,apr.-2018,Nee,Sales,Jelle,Jelle,✓,Ja compleet,Ja,Ja actief en compleet,Verstuurd,,,Ja,Ja DvD,15-8-2018,http://www.troost-onroerendgoed.nl/,https://www.pararius.nl/makelaars/heerlen/troost-onroerend-goed,
1807,61485,Huis & Haard Makelaardij,Enschede,Overijssel,7512DD,16,Leon Brouwer,huisenhaardmakelaardij@gmail.com,Onafhankelijk,Yes-Co,3-4-2018,apr.-2018,Nee,Sales,Philip,Jelle,✓,Ja compleet,Ja,Ja actief en compleet,,,,Nee,,,,,
1808,57678,Leo Leunis Makelaardij,Kloetinge,Zeeland,4481DK,54,Leo Leunis,info@leoleunismakelaardij.nl,Onafhankelijk,Realworks,3-4-2018,apr.-2018,Nee,Sales,Jelle,Jelle,✓,Ja compleet,Ja,Ja actief en compleet,Verstuurd,,,Ja,,,,,
1809,61700,Besselsen Makelaardij,Apeldoorn,Gelderland,7361CK,587,Krista Besselsen,krista@besselenmakelaardij.nl,NVM,Realworks,3-4-2018,apr.-2018,Nee,Sales,Philip,Jelle,✓,Ja compleet,Ja,Ja actief en compleet,Verstuurd,,,Ja,,,,,
1810,61705,Van 't Erve Wonen,Apeldoorn,Gelderland,7314LE,97,Jolanda van 't Erve,info@vantervewonen.nl,NVM,Realworks,3-4-2018,apr.-2018,Nee,Sales,Philip,Jelle,✓,Ja compleet,Ja,Ja actief en compleet,Verstuurd,,,Ja,Ja DvD,16-4-2018,http://www.vantervewonen.nl/,https://www.pararius.nl/koopwoningen/,
1811,61704,Heddes Makelaardij,Medemblik,Noord-Holland,1671CK,nan,Louise Heddes,info@heddesmakelaardij.nl,Onafhankelijk,Realworks,3-4-2018,apr.-2018,Nee,Sales,JP,JP,✓,Ja compleet,Ja,Ja actief en compleet,Verstuurd,,,Nee,,,,,
1812,61714,Address Amsterdam,Amsterdam,Noord-Holland,1054XE,nan,Marije Verlinde,info@addressamsterdam.nl,Onafhankelijk,Realworks,3-4-2018,apr.-2018,Nee,Sales,JP,JP,✓,Ja compleet,Ja,Ja actief en compleet,,,,Nee,,,,,
1813,52746,Roeth Vastgoed,Den Haag,Zuid-Holland,2571EP,591,Chotkan ,info@roethvastgoed.nl,Onafhankelijk,Realworks,3-4-2018,apr.-2018,Nee,Sales,JP,JP,✓,Ja compleet,Ja,Ja actief en compleet,Verstuurd,,,Nee,,,,,
1814,61718,LDB Makelaardij,Amsterdam,Noord-Holland,1068ZZ,22,Mourad,info@ldbmakelaardij.nl,VBO,Venum,4-4-2018,apr.-2018,Nee,Sales,JP,JP,✓,Ja compleet,Ja,Ja actief en compleet,Verstuurd,,,Ja,Ja DvD,12-4-2018,https://www.ldbmakelaardij.nl/,https://www.pararius.nl/koopwoningen/amsterdam,
1815,49881,Het Geldersch Huys Putten,Putten,Gelderland,3882AE,21,Herwin Kieft,info@hetgelderschhuys.nl,Onafhankelijk,Goes&Roos,4-4-2018,apr.-2018,Nee,Sales,Jelle,Jelle,✓,Ja compleet,Ja,Ja actief en compleet,Verstuurd,,,Nee,,,,,
1816,51117,ASG Makelaardij,Schagen,Noord-Holland,1741NH,12,Andre,info@asg-makelaardij.nl,VBO,Venum,4-4-2018,apr.-2018,Nee,Sales,JP,JP,x,Nee,Nee,Ja nog niet actief,,,,Nee,,,,,
1817,61676,Vliegenthart Makelaardij,Rotterdam,Zuid-Holland,3021SN,52,Mw. Vliegenthart,vliegenthartmakelaardij@gmail.com,Onafhankelijk,Pararius Office,4-4-2018,apr.-2018,Nee,Sales,JP,JP,✓,Ja compleet,Ja,Ja actief en compleet,Verstuurd,,,Nee,,,,,
1818,57048,VAQS,Gulpen,Limburg,6101GD,nan,John van Bussel,info@vaqs.nl,Onafhankelijk,Yes-Co,4-4-2018,apr.-2018,Nee,Sales,Jelle,Jelle,✓,Ja compleet,Ja,Ja actief en compleet,Verstuurd,,,Nee,,,,,
1819,52116,Rotsvast Hilversum,Hilversum,Noord-Holland,1211NH,34,,hilversum@rotsvast.nl,VBO,Pararius Office,4-4-2018,apr.-2018,Nee,Koppeling,JP,Dave,✓,Ja compleet,Ja,Ja actief en compleet,Verstuurd,,,Nee,,,,,
1820,61687,Woonhuismakelaar,Utrecht,Utrecht,3584BH,115,Robert van der Stoep,info@woonhuismakelaar.nl,Onafhankelijk,Realworks,4-4-2018,apr.-2018,Nee,Sales,Jelle,Jelle,✓,Ja compleet,Ja,Ja actief en compleet,Verstuurd,,,Ja,Ja JH,11-4-2018,http://www.woonhuismakelaar.nl/,https://www.pararius.nl/koopwoningen/nederland,
1821,52827,Estata Makelaars O.G.,Den Haag,Zuid-Holland,2597JS,234,Judith Gelink,sales@estata.nl,NVM,Realworks,4-4-2018,apr.-2018,Nee,Sales,JP,JP,✓,Ja compleet,Ja,Ja actief en compleet,Verstuurd,,,Nee,,,,,
1822,61732,Kempen & Oberdorf Stein,Stein (lb),Limburg,6171JA,12,Linda,linda@kempenoberdorf.nl,NVM,Realworks,4-4-2018,apr.-2018,Nee,Sales,Jelle,Jelle,✓,IAV,,,,,,Nee,,,,,
1823,61710,Nieuwetijdsmakelaar,Zwolle,Overijssel,8025BK,nan,Meindert Zomer,info@nieuwetijdsmakelaar.nl,VBO,Realworks,4-4-2018,apr.-2018,Nee,Sales,Philip,JP,✓,Ja compleet,Ja,Ja actief en compleet,Verstuurd,,,Nee,,,,,
1824,61831,Makelaar in Amsterdam,Amsterdam,Noord-Holland,1076AE,62-1,Michel,info@makelaarinamsterdam.nl,Onafhankelijk,Realworks,4-4-2018,apr.-2018,Nee,Sales,JP,JP,✓,Ja gedeeltelijk,Nee,Ja nog niet compleet,Aangemeld,,,Nee,,,,,
1825,61728,Internetmakelaars Zeist,Zeist,Utrecht,3705BE,267,,zeist@internetmakelaars.nl,NVM,Goes&Roos,5-4-2018,apr.-2018,Nee,Sales,Jelle,Jelle,✓,Ja geen aanbod,Nee,Ja nog niet actief,,,,Nee,,,,,
1826,55400,Riet Quaden Makelaars,Munstergeleen,Limburg,6151JA,nan,Riet Quaden,info@rietquadenmakelaars.nl,Onafhankelijk,Pararius Office,5-4-2018,apr.-2018,Nee,Sales,Jelle,Jelle,✓,Ja compleet,Ja,Ja actief en compleet,Verstuurd,,,Nee,,,,,
1827,54166,Woonaccent Hoogveste Sliedrecht,Sliedrecht,Zuid-Holland,3361BL,132,Johan Tadema,johan@woonaccent.nl,NVM,Realworks,5-4-2018,apr.-2018,Nee,Sales,Jelle,Jelle,✓,Ja compleet,Ja,Ja actief en compleet,Verstuurd,,,Ja,Ja JH,12-04-2018,http://www.hoogveste.nl/,https://www.pararius.nl/,
1828,54383,Woonaccent Zuidhorn,Zuidhorn,Groningen,9801BZ,18,Johan Tadema,johan@woonaccent.nl,NVM,Realworks,5-4-2018,apr.-2018,Nee,Sales,JP,Jelle,✓,Ja compleet,Ja,Ja actief en compleet,Verstuurd,,,Ja,Ja JH,12-04-2018,https://www.makelaardijzuidhorn.nl/,https://www.pararius.nl/,
1829,52233,Woonaccent Zwolle,Zwolle,Overijssel,8011LD,2a,Johan Tadema,johan@woonaccent.nl,NVM,Realworks,5-4-2018,apr.-2018,Nee,Sales,Philip,Jelle,x,Nee,Nee,Ja nog niet actief,,,,Ja,Ja JH,12-04-2018,https://www.woonaccentzwolle.nl/,https://www.pararius.nl/,
1830,54876,Woonaccent Almere,Almere,Flevoland,1315LJ,104,Johan Tadema,johan@woonaccent.nl,NVM,Realworks,5-4-2018,apr.-2018,Nee,Sales,JP,JP,✓,Ja compleet,Ja,Ja actief en compleet,Verstuurd,,,Ja,Ja JP,12-04-2018,https://www.woonaccentalmere.nl/,https://www.pararius.nl/,
1831,54877,Woonaccent Emmeloord,Emmeloord,Flevoland,8302BT,nan,Johan Tadema,johan@woonaccent.nl,NVM,Realworks,5-4-2018,apr.-2018,Nee,Sales,JP,JP,✓,Ja geen aanbod,Nee,Ja nog niet actief,,,,Ja,Ja JP,12-04-2018,https://www.woonaccentemmeloord.nl/,https://www.pararius.nl/,
1832,54359,Woonaccent Soeteman Nijmegen,Nijmegen,Gelderland,6511NT,10,Johan Tadema,johan@woonaccent.nl,NVM,Realworks,5-4-2018,apr.-2018,Nee,Sales,Philip,Jelle,✓,Ja compleet,Ja,Ja actief en compleet,Verstuurd,,,Ja,Ja JP,12-04-2018,https://www.soeteman.nl/,https://www.pararius.nl/,
1833,49037,Woonaccent Bisonstaete Maarssen,Maarssen,Utrecht,3605KZ,1211,Johan Tadema,johan@woonaccent.nl,NVM,Realworks,5-4-2018,apr.-2018,Nee,Sales,JP,JP,✓,Ja compleet,Ja,Ja actief en compleet,Verstuurd,,,Ja,Ja JH,12-04-2018,https://www.bisonstaete.nl/,https://www.pararius.nl/,
1834,61726,Westhaghe Makelaar,Den Haag,Zuid-Holland,2541RN,118,,info@westhaghemakelaars.nl,Onafhankelijk,Realworks,5-4-2018,apr.-2018,Nee,Sales,JP,JP,✓,Ja gedeeltelijk,Ja,Ja nog niet compleet,Verstuurd,,,Nee,,,,,
1835,49372,Fikkert Agra Vastgoed,Bruntinge,Drenthe,9435TC,15a,Jarno,info@fikkertagra.nl,VBO,Venum,6-4-2018,apr.-2018,Nee,Sales,Philip,JP,✓,Ja compleet,Ja,Ja actief en compleet,Verstuurd,,,Ja,Ja DvD,17-4-2018,https://www.fikkertagra.nl/,https://www.pararius.nl/koopwoningen/,
1836,55568,Makelaardij Ter Riet,Beekbergen,Gelderland,7313CB,123,Tristan ter Riet,tristan@terriet.nl,Onafhankelijk,Goes&Roos,6-4-2018,apr.-2018,Nee,Sales,Philip,Jelle,✓,Ja compleet,Ja,Ja actief en compleet,Aangemeld,,,,,,,,
1837,50667,Ingrid Ververs Makelaars,Heijthuijsen,Limburg,6093EB,65,Ingrid Ververs,info@ingridververs.nl,Onafhankelijk,Realworks,6-4-2018,apr.-2018,Nee,Sales,Jelle,Jelle,✓,Ja compleet,Ja,Ja actief en compleet,Verstuurd,,,Nee,,,,,
1838,61717,Stekjeplek Makelaardij,Leeuwarden,Friesland,8913CK,nan,Kees,makelaardij@stekjeplek.nl,Onafhankelijk,Realworks,6-4-2018,apr.-2018,Nee,Sales,JP,JP,✓,Ja compleet,Ja,Ja actief en compleet,,,,,,,,,
1839,61735,DW Makelen en Advies,Muiden,Noord-Holland,1398CR,nan,Danielle Westerweel,info@makelenenadvies.nl,VBO,Venum,10-4-2018,apr.-2018,Nee,Sales,JP,JP,✓,Ja compleet,Ja,Ja actief en compleet,Verstuurd,,,Ja,Ja DvD,5-6-2018,https://www.makelenenadvies.nl/16-3a20/website-links/links,http://www.pararius.nl/,
1840,52990,Rob Mion Vastgoed,Bergen op Zoom,Noord-Brabant,4611CA,nan,Rob Mion,robmionvastgoed@gmail.com,Onafhankelijk,Direct,10-4-2018,apr.-2018,Nee,Sales,Jelle,Jelle,x,IAV,,,,,,,,,,,
1841,50805,W.J. van Beek Makelaardij,Bennekom,Gelderland,6721JX,28c,Karin,info@wjvanbeek.nl,Onafhankelijk,Goes&Roos,10-4-2018,apr.-2018,Nee,Sales,Philip,Jelle,✓,Ja compleet,Ja,Ja actief en compleet,Verstuurd,,,Nee,,,,,
1842,51521,Royworks De Makelaar,Geleen,Limburg,6161BJ,133,Ronald Mullens,r.mullens@royworks.nl,Onafhankelijk,Direct,10-4-2018,apr.-2018,Nee,Sales,Jelle,Jelle,✓,Ja compleet,Ja,Ja actief en compleet,Verstuurd,,,Ja,,,,,
1843,53170,WWR Makelaars,Amsterdam,Noord-Holland,1071MT,65,Albert,info@wwr.nl,Onafhankelijk,Goes&Roos,10-4-2018,apr.-2018,Nee,Sales,JP,JP,✓,Ja compleet,Ja,Ja actief en compleet,Verstuurd,,,Ja,Ja DvD,1-5-2018,http://www.wwr.nl/links,https://www.pararius.nl/,
1844,55965,Cruq-S,Amsterdam,Noord-Holland,1094CP,80,Jose van Spaardonk,jose.van.spaandonk@gmail.com,Onafhankelijk,Realworks,10-4-2018,apr.-2018,Nee,Sales,JP,JP,✓,Ja compleet,Ja,Ja actief en compleet,Verstuurd,,,Nee,,,,,
1845,61778,You Vastgoed,Den Haag,Zuid-Holland,2491AC,17,Dhr. Neher,neher@youvastgoed.nl,Onafhankelijk,Realworks,10-4-2018,apr.-2018,Nee,Sales,JP,JP,x,Nee,,,,,,Nee,,,,,
1846,61723,Koopklik,Weert,Limburg,6001GJ,54,Lex Schreven,info@koopklik.nl,NVM,Realworks,10-4-2018,apr.-2018,Nee,Sales,Jelle,Jelle,✓,Ja compleet,Ja,Ja actief en compleet,Verstuurd,,,Nee,,,,,
1847,51493,Hamilton Makelaardij,Eindhoven,Noord-Brabant,5646HV,45,Danielle van Geel,info@hamiltonmakelaardij.com,Onafhankelijk,Realworks,10-4-2018,apr.-2018,Nee,Sales,Jelle,Jelle,✓,Ja compleet,Ja,Ja actief en compleet,Verstuurd,,,Nee,,,,,
1848,53530,Persoonlijk Wonen,Emmen,Drenthe,7822ED,13,Sonja Bouwers,info@persoonlijkwonen.com,Onafhankelijk,Yes-Co,11-4-2018,apr.-2018,Nee,Sales,Philip,Jelle,IAV,IAV,,,,,,,,,,,
1849,61701,Robin Makelaardij,Veghel,Noord-Brabant,5462BC,16,Robin Westerbeek,info@robinmakelaardij.nl,VastgoedPRo,Skarabee,11-4-2018,apr.-2018,Nee,Koppeling,Jelle,Jelle,✓,Ja compleet,Ja,Ja actief en compleet,Verstuurd,,,Ja,Ja DvD,14-6-2018,http://www.robinmakelaardij.nl/,https://www.pararius.nl/,
1850,61740,Van der Kuil Makelaardij,Wenum Wiesel,Gelderland,7345DL,18,Olivier van der Kuil,olivier@vanderkuilmakelaardij.nl,VBO,Venum,11-4-2018,apr.-2018,Nee,Sales,Philip,Jelle,✓,Ja compleet,Ja,Ja actief en compleet,Verstuurd,,,Nee,,,,,
1851,50914,Mia Driessen Makelaardij,Stein (lb),Limburg,6171CH,50,Mia Driessen,info@miadriessen.nl,Onafhankelijk,Pararius Office,11-4-2018,apr.-2018,Nee,Koppeling,Jelle,Dave,✓,Ja compleet,Ja,Ja actief en compleet,Verstuurd,,,Nee,,,,,
1852,52245,Woonaccent Assen,Assen,Drenthe,9401PL,24,Johan Tadema,johan@woonaccent.nl,NVM,Realworks,11-4-2018,apr.-2018,Nee,Sales,Philip,JP,✓,Ja geen aanbod,Nee,Ja nog niet actief,,,,Ja,Ja JP,12-04-2018,https://www.woonaccentassen.nl/,https://www.pararius.nl/,
1853,	54313,Magneet Makelaars,Alkmaar,Noord-Holland,1815CR,1M,Johan Tadema,johan@woonaccent.nl,NVM,Realworks,11-4-2018,apr.-2018,Nee,Sales,JP,JP,✓,Ja compleet,Ja,Ja actief en compleet,Verstuurd,,,Ja,,,https://www.magneetmakelaars.nl/,https://www.pararius.nl/,
1854,50338,Makelaarskantoor Bek,Middelburg,Zeeland,4332RD,nan,Hans Bek,info@makelaarskantoorbek.nl,Onafhankelijk,Realworks,11-4-2018,apr.-2018,Nee,Sales,Jelle,Jelle,x,Nee,Ja,Ja actief en compleet,Verstuurd,,,Nee,,,,,
1855,61751,Estatia Makelaardij Utrecht,Utrecht,Utrecht,3553EE,541,,utrecht@estatia.nl,Onafhankelijk,Pararius Office,12-4-2018,apr.-2018,Nee,Koppeling,Jelle,Dave,✓,Ja compleet,Ja,Ja actief en compleet,Verstuurd,,,Nee,,,,,
1856,61928,Huisinzicht,Alkmaar,Noord-Holland,1822EK,nan,Annemarie Geels,info@huisinzicht.com,VBO,Venum,12-4-2018,apr.-2018,Nee,Sales,JP,JP,✓,Ja geen aanbod,,,,,,Nee,,,,,
1857,61743,Den Bossche Makelaar,Nuland,Noord-Brabant,5391EA,33,Charlotte van Oostenbrugge - van Gent,charlotte@denbosschemakelaar.nl,Onafhankelijk,Goes&Roos,12-4-2018,apr.-2018,Nee,Sales,Jelle,Jelle,✓,Ja compleet,Ja,Ja actief en compleet,Verstuurd,,,Ja,Ja DvD,16-4-2018,http://www.denbosschemakelaar.nl/,https://www.pararius.nl/,
1858,48912,Homevision Makelaardij Roermond,Roermond,Limburg,6042KN,106b,Sebastiaan van den Hurck,info@homevision.nl,NVM,Realworks,12-4-2018,apr.-2018,Nee,Sales,Jelle,Jelle,✓,Ja compleet,Ja,Ja actief en compleet,Verstuurd,,,Ja,Ja JH,12-4-2018,https://www.homevision.nl/,https://www.pararius.nl/koopwoningen,
1859,61680,Schotsman Makelaardij,Hilversum,Noord-Holland,1214AX,153,Rani Schotsman,info@schotsmanmakelaardij.nl,Onafhankelijk,Realworks,12-4-2018,apr.-2018,Nee,Sales,JP,JP,✓,Ja compleet,Ja,Ja actief en compleet,Verstuurd,,,Nee,,,,,
1860,57734,Kompas Makelaars,Spijkenisse,Zuid-Holland,3201EL,nan,Sander van Gils,info@kompas.nl,NVM,Realworks,12-4-2018,apr.-2018,Nee,Sales,Jelle,Jelle,✓,Ja compleet,Ja,Ja actief en compleet,Aangemeld,,,Nee,,,,,
1861,56242,Vestaal Vastgoed,Harderwijk,Gelderland,3845CA,42-44,Johan Vos,j.vos@vestaalvastgoed.nl,Onafhankelijk,Realworks,12-4-2018,apr.-2018,Nee,Sales,Jelle,Jelle,✓,Ja compleet,Ja,Ja actief en compleet,Verstuurd,,,Nee,,,,,
1862,61750,Van Keulen Makelaardij,Den Haag,Zuid-Holland,2597RV,46,Henriette van Keulen,henriette@vankeulenmakelaardij.nl,Onafhankelijk,Realworks,12-4-2018,apr.-2018,Nee,Sales,JP,JP,✓,Ja compleet,Ja,Ja actief en compleet,Verstuurd,,,Nee,,,,,
1863,56428,De Rijswijkse Makelaar,Den Haag,Zuid-Holland,2526GZ,84,,info@d-rm.nl,Onafhankelijk,Realworks,12-4-2018,apr.-2018,Nee,Sales,JP,JP,✓,Ja gedeeltelijk,Ja,Ja actief en compleet,Verstuurd,,,Nee,,,,,
1864,61756,Makelaar Tjeerd,Zwolle,Overijssel,8012DR,10,Tjeerd de Jager,info@makelaartjeerd.nl,VBO,Venum,13-4-2018,apr.-2018,Nee,Sales,Philip,JP,✓,Ja compleet,Ja,Ja actief en compleet,Verstuurd,,,Nee,,,,,
1865,61759,Imperio Vastgoed (Group),Koog aan de zaan,Noord-Holland,1541KW,nan,Armand Koc,Info@imperiovastgoed.com,Onafhankelijk,Realworks,13-4-2018,apr.-2018,Nee,Sales,JP,JP,✓,Ja geen aanbod,,,,,,Nee,,,,,
1866,61763,De Hanzestad Makelaardij,Deventer,Overijssel,7412VP,1 f 31,Netty van der Burg,info@dehanzestadmakelaar.nl,Onafhankelijk,Goes&Roos,16-4-2018,apr.-2018,Nee,Sales,Philip,JP,✓,IAV,,,,,,Ja,Ja JP,16-4-2018,https://dehanzestadmakelaar.nl/over-mij/,https://www.pararius.nl/koopwoningen/deventer,
1867,61765,De Jager Makelaardij,Voorthuizen,Gelderland,3781AB,55,Hessel de Jager,info@dejagermakelaardij.nl,Onafhankelijk,Kolibri,16-4-2018,apr.-2018,Nee,Sales,Jelle,Jelle,✓,Ja gedeeltelijk,Ja,Ja actief en compleet,Verstuurd,,,Nee,,,,,
1868,61727,Rosendaal Makelaardij ,Valkenswaard,Noord-Brabant,5554RM,nan,Hans Rosendaal,info@rosendaalmakelaardij.nl,Onafhankelijk,Realworks,16-4-2018,apr.-2018,Nee,Sales,Jelle,Jelle,✓,Ja compleet,Ja,Ja actief en compleet,Verstuurd,,,Nee,,,,,
1869,61668,Activo Makelaardij,Molenhoek (lb),Limburg,6584AT,77,Gerry Verbeek,info@activomakelaardij.nl,Onafhankelijk,Realworks,16-4-2018,apr.-2018,Nee,Sales,Philip,Jelle,x,Nee,Ja,Ja actief en compleet,Nee,,,Nee,,,,,
1870,50747,Wim Achterkamp Vastgoed,Steenderen,Gelderland,7221AC,32,Wim Achterkamp,info@achterkampvastgoed.nl,Onafhankelijk,Realworks,16-4-2018,apr.-2018,Nee,Sales,Philip,Jelle,x,Nee,Ja,Ja actief en compleet,Verstuurd,,,Nee,,,,,
1871,52645,Helder Huis,Spaarndam,Noord-Holland,2064KM,23a,Jacques Hendriks,info@helder-huis.nl,Onafhankelijk,Realworks,16-4-2018,apr.-2018,Nee,Sales,JP,JP,✓,Ja gedeeltelijk,Ja,Ja actief en compleet,Verstuurd,,,Nee,,,,,
1872,49229,Hoekstra & Van Eck Hoofddorp,Hoofddorp,Noord-Holland,2132CD,941,Rob Arts,hoofddorp@hoekstraenvaneck.nl,NVM,Direct,17-4-2018,apr.-2018,Nee,Sales,JP,JP,✓ Directe XML (niet via KA),Ja compleet,Ja,Ja actief en compleet,Verstuurd,,,Nee,,,,,
1873,61784,Maarten van Vliet Makelaar,Haarlem,Noord-Holland,2111VK,nan,Maarten van Vliet,info@m-makelaar.nl,NVM,Realworks,17-4-2018,apr.-2018,Nee,Sales,JP,JP,✓,Ja compleet,Ja,Ja actief en compleet,Verstuurd,,,Nee,,,,,
1874,61770,Schouten Makelaars 't Gooi,Bussum,Noord-Holland,1404CE,74,Robert Schouten,info@schoutenmakelaars.nl,NVM,Goes&Roos,17-4-2018,apr.-2018,Ja,Mailing,JP,JP,✓,Ja compleet,Ja,Ja actief en compleet,Verstuurd,Ja,,Ja,Ja DvD,19-4-2018,http://www.schoutenmakelaars.nl/links,https://www.pararius.nl/,
1875,50067,Sligman Rentmeester en Makelaardij,Markelo,Overijssel,7475NW,nan,Dhr Sligman,info@sligmanmarkelo.nl,Onafhankelijk,Direct,17-4-2018,apr.-2018,Nee,Sales,Philip,Jelle,✓,Ja compleet,Ja,Ja actief en compleet,Verstuurd,,,Nee,,,,,
1876,58662,Boss Makelaardij,Alkmaar,Noord-Holland,1813LH,46,Mevrouw Boss,info@bossmakelaardij.nl,Onafhankelijk,Venum,17-4-2018,apr.-2018,Nee,Sales,JP,JP,✓,Ja compleet,Ja,Ja actief en compleet,Verstuurd,,,Nee,,,,,
1877,61677,Geus uw makelaar,Terneuzen,Zeeland,4533EE,nan,Karin,info@geus-makelaar.nl,VBO,Kolibri,17-4-2018,apr.-2018,Nee,Sales,Jelle,Jelle,✓,Ja compleet,Ja,Ja actief en compleet,Verstuurd,,,Ja,,,,,
1878,49080,Derk Makelaardij,Maarssen,Utrecht,3604BB,30 C,Derk Koelman,info@derkmakelaardij.nl,NVM,Realworks,17-4-2018,apr.-2018,Ja,Mailing,JP,Dave,✓,Ja compleet,Ja,Ja actief en compleet,Verstuurd,Ja,,Ja,Ja DvD,17-4-2018,http://www.derkmakelaardij.nl/,https://www.pararius.nl/koopwoningen/,
1879,61808,JandeMakelaar,Hoofddorp,Noord-Holland,2131HE,14,Jan Hendrik Leenheer,info@jandemakelaar.nl,NVM,Realworks,17-4-2018,apr.-2018,Nee,Sales,JP,JP,✓,Ja compleet,Ja,Ja actief en compleet,Verstuurd,,,Nee,,,,,
1880,61741,Tuus Makelaardij,Zierikzee,Zeeland,4301DL,125,Gert Baartmans,info@tuusmakelaardij.nl,VBO,Realworks,17-4-2018,apr.-2018,Nee,Sales,Jelle,Jelle,✓,Ja compleet,Ja,Ja actief en compleet,Verstuurd,,,Ja,Ja DvD,3-5-2018,https://www.tuusmakelaardij.nl/,https://www.pararius.nl/koopwoningen/,
1881,54159,Holland Huis Makelaardij,Zoetermeer,Zuid-Holland,2724EZ,348,Petra Huisman,makelaars@holland-huis.nl,NVM,Realworks,17-4-2018,apr.-2018,Ja,Sales,JP,JP,✓,Ja compleet,Ja,Ja actief en compleet,Verstuurd,Ja,,Ja,Ja DvD,4-5-2018,http://www.holland-huis.nl/,https://www.pararius.nl/koopwoningen/zoetermeer,
1882,61685,Sijstermans Makelaardij,Heerlen,Limburg,6411GT,nan,Dhr Sijstermans,info@sijsmak.nl,Onafhankelijk,Realworks,17-4-2018,apr.-2018,Nee,Sales,Jelle,Jelle,x,Nee,Ja,Ja nog niet actief,Verstuurd,,,Nee,,,,,
1883,53561,Lutz Real Estate,Den Haag,Zuid-Holland,2517GK,43413,Maaike Bakker,info@lutzrealestate.nl,Onafhankelijk,Realworks,17-4-2018,apr.-2018,Nee,Koppeling,JP,Dave,✓,Ja compleet,Ja,Ja actief en compleet,Verstuurd,,,Ja,,,https://www.lutzrealestate.nl/en/home,https://www.pararius.nl/makelaars/den-haag/lutz-real-estate/verhuur,
1884,56923,New Star Services,Amsterdam,Noord-Holland,1017DE,nan,Kjelt,info@newstarservices.nl,Onafhankelijk,Pararius Office,18-4-2018,apr.-2018,Nee,Sales,JP,JP,✓,Ja compleet,Ja,Ja actief en compleet,Verstuurd,,,Nee,,,,,
1885,52253,Boss Wonen,Den Bosch,Noord-Brabant,5211HZ,108,Martijn van Kollenburg,martijn@bosswonen.nl,Onafhankelijk,Direct,18-4-2018,apr.-2018,Nee,Sales,Jelle,Jelle,IAV,IAV,,,,,,Nee,,,,,
1886,56371,Koopwoning Adviescentrum,Den Bosch,Noord-Brabant,5223AM,84,Ro van der Zandt,info@koopwoningadviescentrum.nl,Onafhankelijk,Goes&Roos,18-4-2018,apr.-2018,Nee,Sales,Jelle,Jelle,✓,Ja compleet,Ja,Ja actief en compleet,Verstuurd,,,Nee,,,,,
1887,48939,Montferland Makelaars,Wehl,Gelderland,7031BP,nan,Hendry,info@montferlandmakelaars.nl,Onafhankelijk,Venum,18-4-2018,apr.-2018,Nee,Sales,Philip,Jelle,✓,Ja compleet,Ja,Ja actief en compleet,Verstuurd,,,Ja,Ja DvD,11-6-2018,https://www.montferlandmakelaars.nl/,https://www.pararius.nl/koopwoningen/,
1888,61715,Karakter Makelaars,Barneveld,Gelderland,3771HE,nan,Dick van Ee,info@karaktermakelaars.nl,Onafhankelijk,Realworks,18-4-2018,apr.-2018,Nee,Sales,Jelle,Jelle,✓,Ja compleet,Ja,Ja actief en compleet,Verstuurd,,,Nee,,,,,
1889,61736,Zwart Makelaardij,Eethen,Noord-Brabant,4266EB,10B,Gerard Zwart,info@zwartmakelaardij.nl,Onafhankelijk,Realworks,18-4-2018,apr.-2018,Nee,Sales,Jelle,Jelle,✓,Ja gedeeltelijk,,,,,,Nee,,,,,
1890,53510,Poolen Makelaardij,Moordrecht,Zuid-Holland,2841LZ,12,Nick Poolen,info@poolenmakelaardij.nl,Onafhankelijk,Realworks,18-4-2018,apr.-2018,Nee,Sales,JP,JP,x,IAV,,,,,,Nee,,,,,
1891,59640,Panneman Makelaardij,Groningen,Groningen,9715GJ,nan,Bernard Panneman,makelaardij@bernardpanneman.nl,VBO,Realworks,18-4-2018,apr.-2018,Nee,Sales,JP,JP,x,IAV,,,,,,Nee,,,,,
1892,56436,Kim Boontjes Makelaar,Schagen,Noord-Holland,1741DA,nan,Kim Boontjes,kim@kimboontjes.nl,Onafhankelijk,Realworks,18-4-2018,apr.-2018,Nee,Sales,JP,JP,✓,Ja compleet,Ja,Ja actief en compleet,Verstuurd,,,Nee,,,,,
1893,55534,De Gaasp Makelaars,Amsterdam,Noord-Holland,1104VB,33,Aimee,info@gaasp-makelaars.nl,Onafhankelijk,Goes&Roos,19-4-2018,apr.-2018,Nee,Sales,JP,JP,✓,Ja compleet,Ja,Ja actief en compleet,Verstuurd,,,Ja,Ja DvD,3-5-2018,http://www.gaasp-makelaars.nl/links,https://www.pararius.nl/,
1894,48948,DM van de Kuil Makelaardij,Den Dolder,Utrecht,3734CN,146,Ria van de Kuil,dm@vandekuilmakelaardij.nl,Onafhankelijk,Goes&Roos,19-4-2018,apr.-2018,Nee,Sales,Jelle,Jelle,✓,Ja compleet,Ja,Ja actief en compleet,Verstuurd,,,Ja,Ja DvD,16-5-2018,http://www.dmvandekuilmakelaardij.nl/,https://www.pararius.nl/,
1895,49668,A75 Makelaardij,Reuver,Limburg,5953HD,nan,Hans,info@a75.nl,Onafhankelijk,Pararius Office,19-4-2018,apr.-2018,Nee,Sales,Jelle,Jelle,✓,Ja compleet,Ja,Ja actief en compleet,Verstuurd,,,Nee,,,,,
1896,61709,Prinsenstad Makelaardij,Delft,Zuid-Holland,2613SV,110,Frans van Rijn,info@prinsenstadmakelaardij.nl,VBO,Venum,19-4-2018,apr.-2018,Nee,Sales,JP,JP,✓,Ja compleet,Ja,Ja actief en compleet,Verstuurd,,,Ja,Ja DvD,8-5-2018,https://prinsenstadmakelaardij.nl/,https://www.pararius.nl/,
1897,55988,Ricardis Makelaardij,Oss,Noord-Brabant,5345RM,17,Hein,heinentonny@ricardismakelaardij.nl,Onafhankelijk,Realworks,19-4-2018,apr.-2018,Nee,Sales,Jelle,Jelle,✓,Nee,Ja,Ja actief en compleet,Verstuurd,,,Nee,,,,,
1898,53050,Brief Case Hometip,Amsterdam,Noord-Holland,1018GW,478,Frieda,hometip@hometip.com,Onafhankelijk,Realworks,19-4-2018,apr.-2018,Nee,Sales,JP,JP,x,Nee,Ja,Ja nog niet actief,Verstuurd,,,Nee,,,,,
1899,55891,Reinders & Van Dongen,Maastricht,Limburg,6211JZ,15,Mathijs van Dongen,info@reindersenvandongen.nl,Onafhankelijk,Realworks,19-4-2018,apr.-2018,Nee,Sales,Jelle,Jelle,✓,Ja compleet,Ja,Ja actief en compleet,Verstuurd,,,Nee,,,,,
1900,61767,SenS Makelaars,Twello,Gelderland,7391JT,12,Anja Spijker,info@sensmakelaars.nl,Onafhankelijk,Realworks,19-4-2018,apr.-2018,Nee,Sales,Philip,Jelle,✓,IAV,,,,,,Nee,,,,,
1901,56706,Wonen in ons huis,Heerenveen,Friesland,8448JB,10,Menno de Boer,info@woneninonshuis.nl,NVM,Realworks,19-4-2018,apr.-2018,Ja,Sales,JP,Jelle,✓,Ja compleet,Ja,Ja actief en compleet,Verstuurd,Ja,,Nee,,,,,
1902,50561,Havenstad Makelaars,Dordrecht,Zuid-Holland,3311AD,131,Enrico van den Berg,info@havenstadmakelaars.nl,Onafhankelijk,Realworks,19-4-2018,apr.-2018,Nee,Sales,Jelle,Jelle,x,Nee,Ja,Ja nog niet actief,Verstuurd,,,Nee,,,,,
1903,61775,City Agency,Den Haag,Zuid-Holland,2514GM,83,Dennis ,info@cityagency.nl,Onafhankelijk,Realworks,19-4-2018,apr.-2018,Nee,Sales,JP,JP,✓,Ja gedeeltelijk,Ja,Ja nog niet compleet,Verstuurd,,,Nee,,,,,
1904,50643,Nienhuys Makelaardij,Utrecht,Utrecht,3572XH,57BS,Eric Jan Nienhuys,info@nienhuysmakelaardij.nl,Onafhankelijk,Realworks,19-4-2018,apr.-2018,Nee,Sales,Jelle,Jelle,✓,Ja compleet,Ja,Ja actief en compleet,Verstuurd,,,Nee,,,,,
1905,61729,Mijnonlinemakelaar.nl,Rotterdam,Zuid-Holland,3125BK,258,Metin,info@mijnonlinemakelaar.nl,Onafhankelijk,Realworks,19-4-2018,apr.-2018,Nee,Sales,JP,JP,✓,Ja geen aanbod,Nee,Ja nog niet compleet,,,,Nee,,,,,
1906,61799,Onlinemakelaarzuid,Rotterdam,Zuid-Holland,3081HD,24-D,Tiono Stoop,info@onlinemakelaarzuid.nl,VBO,Venum,20-4-2018,apr.-2018,Nee,Koppeling,JP,Dave,✓,Ja compleet,Ja,Ja actief en compleet,Verstuurd,,,Nee,,,,,
1907,55375,O&J Makelaardij,Cadier en Keer,Limburg,6267NM,nan,Ivo Jansen,info@oj-makelaardij.nl,Onafhankelijk,Goes&Roos,20-4-2018,apr.-2018,Nee,Sales,Jelle,Jelle,✓,Ja compleet,Ja,Ja actief en compleet,Verstuurd,,,Nee,,,,,
1908,61807,Terra Brick Vastgoedmanagement,Zoetermeer,Zuid-Holland,2729NK,422,Arthur,info@terrabrick.nl,Onafhankelijk,Anders,20-4-2018,apr.-2018,Nee,Sales,JP,JP,IAV,IAV,,,,,,Nee,,,,,
1909,51422,ACvW AdviesCentrum voor Wonen,Oud Beijerland,Zuid-Holland,3263EN,33,Eric Schots,info@acvw.nl,Onafhankelijk,Realworks,20-4-2018,apr.-2018,Nee,Sales,Jelle,Jelle,✓,IAV,,,,,,Nee,,,,,
1910,53693,Centraal Makelaardij,Haarlem,Noord-Holland,2034LS,nan,Rene van Westerop,info@centraalmakelaardij.nl,NVM,Realworks,20-4-2018,apr.-2018,Nee,Sales,JP,JP,✓,Ja compleet,Ja,Ja actief en compleet,Verstuurd,,,Ja,,,https://www.centraalmakelaardij.nl/,,
1911,55321,Baas Makelaars & Assurantiekantoor,Tiel,Gelderland,4001NB,19,Domani,info@baastielbv.nl,Onafhankelijk,Realworks,20-4-2018,apr.-2018,Nee,Sales,Philip,Jelle,✓,Ja compleet,Ja,Ja actief en compleet,Verstuurd,,,Ja,Ja DvD,1-6-2018,http://www.baastielbv.nl/,https://www.pararius.nl/,
1912,50442,Waaijer Advies,Den Burg,Noord-Holland,1791EP,61,Dhr. Waaijer,info@waaijeradvies.nl ,Onafhankelijk,Goes&Roos,23-4-2018,apr.-2018,Nee,Sales,JP,JP,✓,Ja compleet,Ja,Ja actief en compleet,Verstuurd,,,Nee,,,,,
1913,50521,Makelaardij Noordbarge Emmen,Emmen,Drenthe,7812AS,nan,Carel Fikkert,info@makelaardij-noordbarge.nl,Onafhankelijk,Venum,23-4-2018,apr.-2018,Nee,Sales,Philip,Jelle,✓,Ja compleet,Ja,Ja actief en compleet,Verstuurd,,,Ja,Ja DvD,4-5-2018,https://www.makelaardij-noordbarge.nl/16-3a20/website-links/links,https://www.pararius.nl/koopwoningen/,
1914,61739,Keulen Vastgoed,Bocholtz,Limburg,6351LR,nan,Marc Keulen,info@keulenvastgoed.nl,Onafhankelijk,Direct,23-4-2018,apr.-2018,Nee,Sales,Jelle,Jelle,✓,Ja compleet,Ja,Ja actief en compleet,Verstuurd,,,Nee,,,,,
1915,54619,Si-No Makelaars,Wijk bij Duurstede,Utrecht,3961AN,30,Jeroen Sinoo,info@si-no.nl,NVM,Realworks,23-4-2018,apr.-2018,Nee,Sales,Jelle,Jelle,✓,Ja compleet,Ja,Ja actief en compleet,Verstuurd,,,Nee,,,,,
1916,61758,Zeker Makelaars,Den Haag,Zuid-Holland,2571PM,364,Sunny,info@zekermakelaars.nl,Onafhankelijk,Realworks,23-4-2018,apr.-2018,Nee,Sales,JP,JP,IAV,IAV,,,,,,Nee,,,,,
1917,50395,Oké Wonen Makelaardij,Rotterdam,Zuid-Holland,3039JK,106a,Michiel ,info@okewonen.nl,Onafhankelijk,Realworks,23-4-2018,apr.-2018,Nee,Sales,JP,JP,✓,Ja geen aanbod,,,,,,Nee,,,,,
1918,50084,Vastgoed Hoogstpersoonlijk,Arcen,Limburg,5944NJ,146,Dorathé Poels,info@vastgoedhoogstpersoonlijk.nl,Onafhankelijk,Realworks,23-4-2018,apr.-2018,Nee,Sales,Jelle,Jelle,✓,Ja compleet,Ja,Ja actief en compleet,Verstuurd,,,Nee,,,,,
1919,61806,Souren Makelaardij,Sittard,Limburg,6137 JX,7,Jan Souren,sourenmakelaardij@gmail.com,Onafhankelijk,Realworks,23-4-2018,apr.-2018,Nee,Sales,Jelle,Jelle,✓,Ja compleet,Ja,Ja actief en compleet,Verstuurd,,,,,,,,
1920,50762,Huis-Raad Makelaardij,Ommen,Overijssel,7731PA,nan,Cindy,info@huisraadmakelaardij.nl,Onafhankelijk,Goes&Roos,24-4-2018,apr.-2018,Nee,Sales,Philip,JP,IAV,IAV,Nee,,,,,Ja,Ja DvD,15-8-2018,Huis-Raad Makelaardij,https://www.pararius.nl/,
1921,56956,Vastgoed Unie,Amsterdam,Noord-Holland,1053XH,204-A,Patrick Smolders,info@vastgoedunie.com,Onafhankelijk,Kolibri,24-4-2018,apr.-2018,Nee,Sales,JP,JP,✓,Ja compleet,Ja,Ja actief en compleet,Verstuurd,,,Nee,,,,,
1922,56687,Winkens Makelaardij,Brunssum,Limburg,6446DJ,17,Dhr Winkens,info@winkens.nl,Onafhankelijk,Realworks,24-4-2018,apr.-2018,Nee,Sales,Jelle,Jelle,✓,Ja compleet,Ja,Ja actief en compleet,Verstuurd,,,Ja,,,,,
1923,50435,t Heike Vastgoed,Helden,Limburg,5987NE,nan,Marcel Lemmen,info@heikevastgoed.nl,Onafhankelijk,Realworks,24-4-2018,apr.-2018,Nee,Sales,Jelle,Jelle,✓,Ja compleet,Ja,Ja actief en compleet,Verstuurd,,,Ja,Ja DvD,15-5-2018,https://www.heikevastgoed.nl/,https://www.pararius.nl/,
1924,54478,Nieuw West Makelaardij,Amsterdam,Noord-Holland,1060TS,310,Agnes Dame,info@nieuwwestmakelaardij.nl,NVM,Realworks,24-4-2018,apr.-2018,Nee,Sales,JP,JP,✓,Ja compleet,Ja,Ja actief en compleet,Verstuurd,,,Ja,,,,,
1925,48851,Leest Makelaardij,Hoogerheide,Noord-Brabant,4631SW,140,Miranda van der Heijden,info@leestmakelaardij.nl,Onafhankelijk,Realworks,24-4-2018,apr.-2018,Nee,Sales,Jelle,Jelle,✓,Ja geen aanbod,Nee,,,,,Nee,,,,,
1926,61795,J&B Makelaardij,Amsterdam,Noord-Holland,3452AE,nan,Jullie van Ballegooijen,info@jbmakelaars.nl,Onafhankelijk,Realworks,24-4-2018,apr.-2018,Nee,Sales,JP,JP,✓,Ja geen aanbod,Nee,,,,,Nee,,,,,
1927,50515,Koelie Vastgoed,Almere,Flevoland,1300BC,1120,Bert,info@koelievastgoed.nl,Onafhankelijk,Goes&Roos,25-4-2018,apr.-2018,Nee,Sales,JP,JP,✓,Ja compleet,Ja,Ja actief en compleet,Verstuurd,,,Ja,Ja DvD,1-6-2018,http://www.koelie.nl/,https://www.pararius.nl/,
1928,53350,Groenewoud Makelaardij,Almere,Flevoland,1351AE,74,Pieter Groenewoud,info@groenewoudmakelaardij.nl,Onafhankelijk,Venum,25-4-2018,apr.-2018,Nee,Sales,JP,JP,✓,Ja geen aanbod,Ja,Ja actief en compleet,Verstuurd,,,Ja,,,,,
1929,50636,Pand & Paard Makelaardij,Chaam,Noord-Brabant,4861RK,nan,Michiel Timmerman,info@pandenpaard.nl,Onafhankelijk,Goes&Roos,25-4-2018,apr.-2018,Nee,Sales,Jelle,Jelle,✓,Ja compleet,Ja,Ja actief en compleet,Verstuurd,,,Ja,Ja DvD,14-5-2018,http://www.pandenpaard.nl/,https://www.pararius.nl/,
1930,52271,Anke Smeets Makelaardij,Elsloo (lb),Limburg,6171XJ,49,Anke Smeets,info@ankesmeets.nl,Onafhankelijk,Pararius Office,25-4-2018,apr.-2018,Nee,Sales,Jelle,Jelle,✓,Ja compleet,Ja,Ja actief en compleet,Verstuurd,,2,Ja,Ja DvD,22-11-2018,https://www.ankesmeetsmakelaardij.nl/16-3a20/website-links/links,https://www.pararius.nl/makelaars/stein/anke-smeets-makelaardij,
1931,61631,House-Rent Leeuwarden,Leeuwarden,Friesland,8921HA,131,,info@house-rent.nl,Onafhankelijk,Pararius Office,25-4-2018,apr.-2018,Nee,Sales,JP,JP,✓,Ja compleet,Ja,Ja actief en compleet,Verstuurd,,,Nee,,,,,
1932,61817,Briqchain Holding B.V.,Rotterdam,Zuid-Holland,3055ER,125,,hello@briqchain.nl,Onafhankelijk,Pararius Office,25-4-2018,apr.-2018,Nee,Koppeling,JP,Dave,✓,Ja compleet,,,Aangemeld,,,Nee,,,,,
1933,50343,Bob van Dijk Makelaardij,Roosendaal,Noord-Brabant,4703GA,37,Noortje Verbogt,info@bobvandijkmakelaardij.nl,Onafhankelijk,Realworks,25-4-2018,apr.-2018,Nee,Sales,Jelle,Jelle,✓,Ja compleet,Ja,Ja actief en compleet,Verstuurd,,,Nee,,,,,
1934,48840,Marc Pickée Vastgoed,Landgraaf,Limburg,6374HE,62,Marc Pickée,marc@pickeevastgoed.nl,Onafhankelijk,Realworks,25-4-2018,apr.-2018,Nee,Sales,Jelle,Jelle,✓,Ja compleet,Ja,Ja actief en compleet,Verstuurd,,,Ja,Ja DvD,8-5-2018,https://www.babs.nl/diensten/verkoop/,https://www.pararius.nl/makelaars/amsterdam/babs-persoons-b-v,
1935,61810,Warmerdam Makelaars,Voorhout,Zuid-Holland,2215KV,53,Willem Warmerdam,info@warmerdam-makelaars.nl,Onafhankelijk,Realworks,25-4-2018,apr.-2018,Nee,Sales,JP,JP,x,Ja geen aanbod,Nee,,,,,Nee,,,,,
1936,61816,Pandinzicht Makelaardij en Vastgoed,Barneveld,Gelderland,3771CC,37,Mirjam van de Kuilen,info@pandinzicht.com,Onafhankelijk,Realworks,25-4-2018,apr.-2018,Nee,Sales,Jelle,Jelle,✓,Ja compleet,Ja,Ja actief en compleet,Verstuurd,,,Nee,,,,,
1937,49967,Citistate,Den Haag,Zuid-Holland,2547GB,67,,info@citistate.nl,Onafhankelijk,Realworks,25-4-2018,apr.-2018,Nee,Sales,JP,JP,IAV,IAV,,,,,,Nee,,,,,
1938,61832,Milski,Soest,Utrecht,3760AA,18,Milla,milla@milski.nl,Onafhankelijk,Goes&Roos,26-4-2018,apr.-2018,Nee,Sales,Jelle,JP,IAV,IAV,Nee,,,,,Nee,,,,,
1939,61825,Makelaardij Vastgoed Noordoost,Meeden,Groningen,9651BG,35,Wiebe Feenstra,info@vastgoednoordoost.nl,Onafhankelijk,Venum,26-4-2018,apr.-2018,Nee,Sales,JP,JP,✓,Ja compleet,Ja,Ja actief en compleet,Verstuurd,,,Ja,,,,,
1940,49158,DeWekkermakelaar.nl,Oudenbosch,Noord-Brabant,4730AG,251,Rosanne Lasaroms,info@dewekkermakelaar.nl,Onafhankelijk,Venum,26-4-2018,apr.-2018,Nee,Sales,Jelle,Jelle,✓,Ja compleet,Ja,Ja actief en compleet,Verstuurd,,,Ja,Ja DvD,1-6-2018,http://www.dewekkermakelaar.nl/16-3a20/website-links/links,https://www.pararius.nl/koopwoningen/,
1941,61781,Jos Kager Bemiddeling Onroerend goed,Den Burg,Noord-Holland,1791XD,109,Mariët van der Werf,mariet@woningaanbodtexel.nl,Onafhankelijk,Yes-Co,26-4-2018,apr.-2018,Nee,Sales,JP,JP,✓,Ja compleet,Ja,Ja nog niet compleet,Verstuurd,,,Nee,,,,,
1942,61682,Adequaat Makelaardij,Tilburg,Noord-Brabant,5045EC,48,Sabine van Raaij,info@adequaatmakelaardij.nl,VBO,Venum,26-4-2018,apr.-2018,Nee,Sales,Jelle,Jelle,✓,Ja compleet,Ja,Ja actief en compleet,Verstuurd,,,Ja,Ja DvD,11-6-2018,https://www.adequaatmakelaardij.nl/,https://www.pararius.nl/,
1943,56723,Wind Makelaars,Ouderkerk amstel,Noord-Holland,1191AV,nan,Danny van Dam,info@windmakelaars.nl,NVM,Goes&Roos,26-4-2018,apr.-2018,Nee,Sales,JP,JP,✓,Ja compleet,Ja,Ja actief en compleet,Verstuurd,,,Ja,Ja DvD,1-6-2018,http://www.windmakelaars.nl/,https://www.pararius.nl/,
1944,56749,Live Makelaars,Rijswijk (zh),Zuid-Holland,2281CX,35,Marco Beekhuizen,info@livemakelaars.nl,Onafhankelijk,Yes-Co,26-4-2018,apr.-2018,Nee,Sales,JP,JP,✓,Ja compleet,Ja,Ja actief en compleet,Verstuurd,,,Nee,,,,,
1945,50091,Piet Stohr makelaardij *,Bunde,Limburg,6241CH,nan,Piet Stohr,info@pietstohr.nl,Onafhankelijk,Realworks,26-4-2018,apr.-2018,Nee,Sales,Jelle,Jelle,✓,Ja gedeeltelijk,Nee,Ja nog niet compleet,Aangemeld,,,Nee,,,,,
1946,61824,Bekker Vastgoed,Amsterdam,Noord-Holland,1083CN,262 B,Arno Bekker,info@bekkervastgoed.nl,Onafhankelijk,Realworks,26-4-2018,apr.-2018,Nee,Sales,JP,JP,✓,Ja compleet,Ja,Ja actief en compleet,Verstuurd,,,Ja,Ja DvD,1-5-2018,http://www.bekkervastgoed.nl/,https://www.pararius.nl/koopwoningen/,
1947,61827,Habets Makelaardij,Nootdorp,Zuid-Holland,2631WV,27,Stephan Habets,info@habetsmakelaardij.nl,Onafhankelijk,Realworks,26-4-2018,apr.-2018,Nee,Sales,JP,JP,✓,Ja compleet,Ja,Ja actief en compleet,Verstuurd,,,Ja,Ja DvD,1-6-2018,http://www.habetsmakelaardij.nl/nl/home,https://www.pararius.nl/koopwoningen/,
1948,50070,Blokdijk Makelaars,Heiloo,Noord-Holland,1851JD,29,Andries Blokdijk,info@blokdijkmakelaars.nl,Onafhankelijk,Realworks,30-4-2018,apr.-2018,Nee,Sales,JP,JP,✓,Ja compleet,Ja,Ja actief en compleet,Verstuurd,,,Ja,,,,,
1949,49875,Ares Makelaardij,Sneek,Friesland,8607BZ,22,Bonne van der Valk,info@aresmakelaardij.nl,NVM,Realworks,30-4-2018,apr.-2018,Ja,Mailing,JP,Dave,✓,Ja compleet,Ja,Ja actief en compleet,Verstuurd,Ja,,Ja,,,,,
1950,55995,Flexstone Real Estate,Amsterdam,Noord-Holland,1016XB,57,Jeroen Bollaart,info@flexstone.nu,Onafhankelijk,Eye Move,1-5-2018,mei-2018,Ja,Mailing,JP,JP,IAV,IAV,,,,Ja,,Nee,,,,,
1951,61673,Active Makelaardij,Leusden,Utrecht,3832KR,nan,Mark de Haan,info@activemakelaardij.nl,Onafhankelijk,Goes&Roos,2-5-2018,mei-2018,Nee,Sales,Jelle,Jelle,✓,Ja compleet,Ja,Ja actief en compleet,Verstuurd,,,Nee,,,,,
1952,61835,SAS Makelaars,Amsterdam,Noord-Holland,1019HC,124,,info@sasmakelaars.nl,VastgoedPRo,Skarabee,3-5-2018,mei-2018,Nee,Koppeling,JP,Dave,✓,Ja compleet,Ja,Ja actief en compleet,Verstuurd,,,Ja,Ja DvD,4-5-2018,sasmakelaars.nl,https://www.pararius.nl/,Marc Pickee Vastgoed
1953,61949,BrokerPlus Makelaardij,Utrecht,Utrecht,3533EN,36,Chantal Weijers,info@brokerplusmakelaardij.nl,Onafhankelijk,Eye Move,3-5-2018,mei-2018,Nee,Sales,Jelle,Jelle,IAV,IAV,Nee,,,,,Nee,,,,,
1954,61840,Deniq Vastgoed,Maastricht,Limburg,6215JH,nan,Denice Korff,info@deniqvastgoed.nl,Onafhankelijk,Goes&Roos,3-5-2018,mei-2018,Nee,Sales,Jelle,Jelle,✓,Ja compleet,Ja,Ja actief en compleet,Aangemeld,,,Nee,,,,,
1955,61844,Wij Gaan Verder,Tiel,Gelderland,4005ED,84,Jens Vermeulen,info@wijgaanverder.nl,Onafhankelijk,Realworks,4-5-2018,mei-2018,Nee,Sales,Philip,Jelle,✓,Ja compleet,Ja,Ja actief en compleet,Verstuurd,,,Nee,,,,,
1956,61724,Klement2 Rentmeesters,Gulpen,Limburg,6271AE,nan,Jessica Klement,jessica@klement2.com,Onafhankelijk,Realworks,4-5-2018,mei-2018,Nee,Sales,Jelle,Jelle,✓,Ja gedeeltelijk,Ja,Ja actief en compleet,Verstuurd,,,Nee,,,,,
1957,57021,IJssel Makelaardij,Wijhe,Overijssel,8131BC,26,Christiaan van der Zee,info@ijsselmakelaardij.com,Onafhankelijk,Realworks,4-5-2018,mei-2018,Nee,Sales,Philip,Jelle,✓,Ja compleet,Ja,Ja actief en compleet,Verstuurd,,,Nee,,,,,
1958,53029,Keypoint Francine,Leiden,Zuid-Holland,2312RE,98,Francine,info@keypointfrancine.nl,Onafhankelijk,Goes&Roos,8-5-2018,mei-2018,Nee,Sales,JP,JP,✓,Ja compleet,Ja,Ja actief en compleet,Verstuurd,,,Nee,,,,,
1959,52268,TopHuys.nl,Waalwijk,Noord-Brabant,5140AR,691,Sander de Kruyf,info@tophuys.nl,Onafhankelijk,Skarabee,8-5-2018,mei-2018,Nee,Sales,Jelle,Jelle,✓,Ja gedeeltelijk,Ja,Ja actief en compleet,Verstuurd,,,Nee,,,,,
1960,61738,Frysk Makelaars,Leeuwarden,Friesland,8911AP,37,Carolien van der Velde,info@fryskmakelaars.nl,NVM,Realworks,8-5-2018,mei-2018,Nee,Sales,JP,JP,✓,Ja gedeeltelijk,Nee,Ja nog niet compleet,Aangemeld,,,Nee,,,,,
1961,49260,Schinkel de Weerd Makelaardij,Oost Souburg,Zeeland,4388BK,41,Ben de Weerd,info@schinkeldeweerd.nl,NVM,Realworks,8-5-2018,mei-2018,Nee,Sales,Jelle,Jelle,✓,Ja compleet,Ja,Ja actief en compleet,Verstuurd,,,Ja,Ja DvD,14-6-2018,https://www.schinkeldeweerd.nl/,https://www.pararius.nl/,
1962,53367,Vicky Briaire Makelaardij,Roermond,Limburg,6041CG,nan,Vicky Briaire,info@vickybriaire.nl,NVM,Realworks,8-5-2018,mei-2018,Nee,Sales,Jelle,Jelle,✓,Ja compleet,Ja,Ja actief en compleet,Verstuurd,,,Ja,Ja DvD,4-6-2018,https://www.vickybriairemakelaardij.nl/,https://www.pararius.nl/koopwoningen/roermond,
1963,50686,Van Heugten Schaffels Makelaardij,Tilburg,Noord-Brabant,5038NH,42,Dhr Schaffels,info@vanheugtenschaffels.nl,Onafhankelijk,Realworks,8-5-2018,mei-2018,Nee,Sales,Jelle,Jelle,✓,Ja geen aanbod,Nee,Ja nog niet compleet,,,,Nee,,,,,
1964,53134,Babs Persoon,Amsterdam,Noord-Holland,1017KL,963,Thomas Timmerman,info@babs.nl,NVM,Realworks,8-5-2018,mei-2018,Nee,Sales,JP,Jelle,✓,Ja compleet,Ja,Ja actief en compleet,Verstuurd,,,Ja,Ja DvD,9-5-2018,https://www.babs.nl/diensten/verkoop/,https://www.pararius.nl/makelaars/amsterdam/babs-persoons-b-v,
1965,61849,Makelaardij Stob,Apeldoorn,Gelderland,7314BK,33,Maarten Stob,maarten@makelaardijstob.nl,Onafhankelijk,Goes&Roos,9-5-2018,mei-2018,Nee,Sales,Philip,Jelle,✓,Ja geen aanbod,Nee,Ja nog niet compleet,,,,Nee,,,,,
1966,49608,Esser Makelaardij,Uden,Noord-Brabant,5405NA,20b,Luuk van Schijndel,info@essermakelaardij.nl,VastgoedPRo,Skarabee,9-5-2018,mei-2018,Nee,Koppeling,Jelle,Jelle,✓,Ja gedeeltelijk,Ja,Ja actief en compleet,Aangemeld,,,Nee,,,,,
1967,61787,Bieden en wonen,Amsterdam,Noord-Holland,1072SN,35,Caspar Phijffer,info@biedenenwonen.nl,Onafhankelijk,Realworks,9-5-2018,mei-2018,Nee,Sales,JP,JP,✓,Ja geen aanbod,Nee,,,,,Ja,,,,,
1968,49032,Redres de Erfgoedexperts,Hilversum,Noord-Holland,1213RH,13,Nadine,info@redres.nl,Onafhankelijk,Realworks,9-5-2018,mei-2018,Nee,Sales,JP,JP,✓,Ja gedeeltelijk,Nee,Ja nog niet compleet,Aangemeld,,,Nee,,,,,
1969,51038,Out Living Real Estate *,Zeist,Utrecht,3704GE,79,Hetty van de Ridder,hetty@outliving.nl,Onafhankelijk,Realworks,9-5-2018,mei-2018,Nee,Sales,Jelle,Jelle,✓,Ja compleet,Ja,Ja actief en compleet,Verstuurd,,,Nee,,,,,
1970,61855,Prime Housing,Spijkenisse,Zuid-Holland,3204GA,nan,Renata Wojtaszko,info@primehousing.nl,Onafhankelijk,Anders,14-5-2018,mei-2018,Ja,Koppeling,Jelle,Dave,IAV,IAV,Nee,,,Ja,,Nee,,,,,
1971,56434,Masterhouse.nu,Sittard,Limburg,6131JX,120,Saskia Bojko,info@masterhouse.nu,Onafhankelijk,Venum,14-5-2018,mei-2018,Nee,Sales,Jelle,Jelle,✓,Ja compleet,Ja,Ja actief en compleet,Verstuurd,,,Ja,Ja DvD,1-6-2018,https://www.masterhouse.nu/,https://www.pararius.nl/koopwoningen/sittard,
1972,61830,Kok Woonbotenmakelaar,Amsterdam,Noord-Holland,1096BP,28,Maggie van de Bovenkamp,info@woonboot.nl,Onafhankelijk,Goes&Roos,14-5-2018,mei-2018,Nee,Sales,JP,JP,✓,Ja compleet,Ja,Ja actief en compleet,Verstuurd,,,Ja,,,,,
1973,60119,Het Huis Makelaars *,Utrecht,Utrecht,3512CK,27,Egon Raasveld,info@hethuismakelaars.nl,Onafhankelijk,Realworks,14-5-2018,mei-2018,Nee,Sales,Jelle,Jelle,x,Nee,Nee,,,,,Nee,,,,,
1974,61640,NB Makelaars *,Breda,Noord-Brabant,4834TC,279,Arno Barendse,info@nbmakelaars.nl,Onafhankelijk,Realworks,14-5-2018,mei-2018,Nee,Sales,Jelle,Jelle,✓,Ja gedeeltelijk,Ja,Ja actief en compleet,Verstuurd,,,Ja,Ja DvD,5-6-2018,https://www.nbmakelaars.nl/partners,https://www.pararius.nl/,
1975,61850,Makelaardij Eijbergen,Elsloo (lb),Limburg,8424PN,64,,info@eijbergen.com,Onafhankelijk,Realworks,14-5-2018,mei-2018,Nee,Sales,Jelle,Jelle,✓,Ja compleet,Ja,Ja actief en compleet,Verstuurd,,,Nee,,,,,
1976,51247,Klik op huizen,Almere,Flevoland,3893GZ,13,Mireille Kuipers,info@klikophuizen.nl,NVM,Goes&Roos,15-5-2018,mei-2018,Nee,Sales,JP,JP,✓,Ja compleet,Ja,Ja actief en compleet,Verstuurd,,,Nee,,,,,
1977,61642,MakelaardijDesk Lochem,Lochem,Gelderland,7241DL,nan,Carolien,carolien@makelaardijdesklochem.nl,Onafhankelijk,Realworks,15-5-2018,mei-2018,Nee,Sales,Philip,Jelle,✓,Ja compleet,Ja,Ja actief en compleet,Verstuurd,,,Nee,,,,,
1978,53373,Van Egmond Makelaardij en Taxaties,Hellendoorn,Overijssel,7447AC,81 a,Dhr Van Egmond,info@v-egmond.nl,NVM,Realworks,15-5-2018,mei-2018,Nee,Sales,Philip,Jelle,✓,Ja compleet,Ja,Ja actief en compleet,Verstuurd,,,Ja,Ja DvD,5-6-2018,https://www.v-egmond.nl/,https://www.pararius.nl/koopwoningen/,
1979,50963,Bricks & Buildings * ,Mijnsheerenland,Zuid-Holland,3271LP,219,Kurt Stolk,info@bricks-buildings.nl,Onafhankelijk,Realworks,15-5-2018,mei-2018,Nee,Sales,Jelle,Jelle,x,Ja geen aanbod,Nee,,,,,Nee,,,,,
1980,55301,Van Ommen Makelaardij : gefuseerd,Almelo,Overijssel,7601VZ,27,Irma Molenaar,info@makelaar-almelo.nl,VBO,Venum,16-5-2018,mei-2018,Nee,Sales,Philip,Jelle,x,Nee,Ja,Ja actief en compleet,Verstuurd,,,Nee,,,,,
1981,61861,VIND Makelaardij,Nijmegen,Gelderland,6511AK,191,Dick Arts,info@vindmakelaardij.nl,VBO,Venum,16-5-2018,mei-2018,Nee,Sales,Philip,Jelle,✓,Ja compleet,Ja,Ja actief en compleet,Verstuurd,,,Nee,,,,,
1982,50571,Regio56 Makelaars en Huisvesting : nee,Eindhoven,Noord-Brabant,5611VB,33,Alexander,info@regio56.nl,Onafhankelijk,Venum,17-5-2018,mei-2018,Nee,Sales,Jelle,Jelle,x,Nee,Nee,Ja nog niet actief,,,,Ja,Ja DvD,1-6-2018,https://www.regio56makelaars.nl/23-e0e1/website-links/links,https://www.pararius.nl/makelaars/eindhoven/regio56-huisvesting,
1983,50763,Krabbe C.S. Rentmeesters,Enschede,Overijssel,7531HW,nan,Dhr Krabbe,info@krabbecs.nl,Onafhankelijk,Yes-Co,17-5-2018,mei-2018,Nee,Sales,Philip,Jelle,✓,Ja compleet,Ja,Ja actief en compleet,Aangemeld,,,Nee,,,,,
1984,61863,Visch & Van Zeggelaar Amsterdam,Amsterdam,Noord-Holland,1075GX,163 hs,Olivier Schel,amsterdam@visch-vanzeggelaar.nl,NVM,Realworks,17-5-2018,mei-2018,Nee,Sales,JP,JP,✓,Ja compleet,Ja,Ja actief en compleet,Aangemeld,,,Ja,,,,,
1985,50324,Bergh Real Estate,Vinkeveen,Utrecht,3645DK,173,R. Bergh,info@berghrealestate.nl,Onafhankelijk,Realworks,17-5-2018,mei-2018,Nee,Sales,JP,JP,✓,Ja compleet,Ja,Ja actief en compleet,Verstuurd,,,Nee,,,,,
1986,61860,In Zeeland Makelaardij,Burgh Haamstede,Zeeland,4328EJ,70,Anja Beukers,info@inzeelandmakelaardij.nl,VBO,Realworks,17-5-2018,mei-2018,Nee,Sales,Jelle,Jelle,✓,Ja compleet,Ja,Ja actief en compleet,Verstuurd,,,Nee,,,,,
1987,58430,Arvalis Makelaars Venlo,Venlo,Limburg,5928RC,20D,N. Smits,nsmits@arvalis.nl,VastgoedPRo,Realworks,17-5-2018,mei-2018,Nee,Sales,Jelle,Jelle,✓,Ja compleet,Ja,Ja actief en compleet,Verstuurd,,,Ja,Ja DvD,22-5-2018,http://www.arvalismakelaars.nl/,https://www.pararius.nl/,
1988,57202,LTM Vastgoed,Almelo,Overijssel,7607BZ,nan,Dhr Meulenberg,info@ltmvastgoed.nl,Onafhankelijk,Kolibri,18-5-2018,mei-2018,Nee,Sales,Philip,Jelle,✓,Ja compleet,Ja,Ja actief en compleet,Verstuurd,,,Nee,,,,,
1989,52920,DC Wonen,Groningen,Groningen,9725AB,55,Daniel,info@dcwonen.nl,Onafhankelijk,,18-5-2018,mei-2018,Nee,Sales,JP,JP,IAV,IAV,Nee,,,,,Nee,,,,,
1990,57510,Mulder Nijkamp Makelaars,Hengelo (OV),Overijssel,7556BM,nan,Maarten Nijkamp,info@muldernijkamp.nl,NVM,Realworks,18-5-2018,mei-2018,Nee,Sales,Philip,Jelle,✓,Ja gedeeltelijk,Ja,Ja actief en compleet,Verstuurd,,,Ja,Ja DvD,5-6-2018,http://www.muldernijkamp.nl/,https://www.pararius.nl/,
1991,61663,YLO Makelaardij,Sittard,Limburg,6131CJ,61,Danielle Konings,info@ylomakelaardij.nl,Onafhankelijk,Realworks,18-5-2018,mei-2018,Nee,Sales,Jelle,Jelle,x,Nee,Ja,Ja actief en compleet,Verstuurd,,,Ja,,,,,
1992,61667,Drijvend Wonen,Utrecht,Utrecht,3563MD,324,Niek van de Sluis,info@drijvendwonen.nl,Onafhankelijk,Realworks,22-5-2018,mei-2018,Nee,Sales,Jelle,Jelle,✓,Ja compleet,Ja,Ja actief en compleet,Verstuurd,,,Nee,,,,,
1993,57037,WOON GEWOON : nee,Nijmegen,Gelderland,6851DG,59D,Lisette,lisette@woon-gewoon.nl,Onafhankelijk,Venum,23-5-2018,mei-2018,Nee,Sales,Philip,Jelle,x,Nee,Nee,,,,,Nee,,,,,
1994,58755,Internetmakelaars Arnhem,Arnhem,Gelderland,6816SM,105,,arnhem@internetmakelaars.nl,NVM,Goes&Roos,23-5-2018,mei-2018,Nee,Sales,Philip,Jelle,✓,Ja geen aanbod,Ja,,,,,Ja,,,,,
1995,61675,Internetmakelaars Oisterwijk / Vught,Oisterwijk,Noord-Brabant,5062HD,nan,,oisterwijk@internetmakelaars.nl,NVM,Goes&Roos,23-5-2018,mei-2018,Nee,Sales,Jelle,Jelle,✓,Ja geen aanbod,Ja,,,,,Ja,,,,,
1996,61885,Lassoo Makelaars Den Bosch,Den Bosch,Noord-Brabant,5215AE,88,Ralf Last,c.zegger@lassoo.nl,VBO,Realworks,23-5-2018,mei-2018,Nee,Sales,Jelle,Jelle,✓,Ja compleet,Ja,Ja actief en compleet,Verstuurd,,,Nee,,,,,
1997,61593,Bastet Real Estate & Finance Solutions,Hoofddorp,Noord-Holland,2132BT,680,Ralph Uittenbogaard,info@bastet-rf.nl,Onafhankelijk,Venum,24-5-2018,mei-2018,Nee,Sales,JP,Jelle,✓,Ja compleet,Nee,Ja actief en compleet,Verstuurd,,,Nee,,,,,
1998,61777,Schep Registergoed,Oud Beijerland,Zuid-Holland,3261LJ,11,Carry Schep,info@schepregistergoed.nl,Onafhankelijk,Realworks,24-5-2018,mei-2018,Nee,Sales,Jelle,Jelle,✓,Ja compleet,Ja,Ja actief en compleet,Verstuurd,,,Nee,,,,,
1999,60151,Pietersen Makelaardij,Westerbeek,Noord-Brabant,5843AB,57,Dhr Pietersen,info@pietersenmakelaardij.nl,VBO,Pararius Office,25-5-2018,mei-2018,Nee,Sales,Jelle,Jelle,✓,Ja compleet,Ja,Ja actief en compleet,,,,Nee,,,,,
2000,61847,Gerd Makelaardij,Duiven,Gelderland,6922KM,21,,gerdmakelaardij@gmail.com,VastgoedPRo,Goes&Roos,28-5-2018,mei-2018,Nee,Sales,Philip,Dave,✓,Ja compleet,Ja,Ja actief en compleet,Aangemeld,,,Nee,,,,,
2001,57425,HBB Wonen,Rosmalen,Noord-Brabant,5241EE,13,Jan Smits,info@hbbwonen.nu,Onafhankelijk,Venum,28-5-2018,mei-2018,Nee,Sales,Jelle,Jelle,✓,Ja compleet,Ja,Ja actief en compleet,Verstuurd,,,Ja,Ja DvD,13-6-2018,https://www.hbbwonen.nu/,https://www.pararius.nl/koopwoningen/,
2002,61899,Utrechts Wonen,Utrecht,Utrecht,3512TP,15,,info@utrechtswonen.nl,Onafhankelijk,Goes&Roos,28-5-2018,mei-2018,Nee,Sales,Jelle,Jelle,✓,IAV,Nee,,,,,Ja,Ja DvD,1-6-2018,https://www.utrechtswonen.nl/,https://www.pararius.nl/,
2003,61684,Meer'ts Makelaardij,Winterswijk,Gelderland,7101SL,36,Albert,info@meertsmakelaardij.nl,Onafhankelijk,Realworks,28-5-2018,mei-2018,Nee,Sales,Philip,Jelle,✓,Ja geen aanbod,Nee,Ja nog niet compleet,,,,Nee,,,,,
2004,50061,"Peters, Wiertz en Wijnands Makelaardij",Roermond,Limburg,6041NS,24,Cindy Cop,info@pww-makelaardij.nl,NVM,Realworks,28-5-2018,mei-2018,Nee,Sales,Jelle,Jelle,✓,Ja compleet,Ja,Ja actief en compleet,Verstuurd,,,Ja,,,,,
2005,61802,Van Rees Vastgoed,Sliedrecht,Zuid-Holland,3361BZ,536,Dhr van Rees,rees.vastgoed@outlook.com,Onafhankelijk,Goes&Roos,29-5-2018,mei-2018,Nee,Sales,Jelle,Jelle,✓,Ja compleet,Ja,Ja actief en compleet,Verstuurd,,,Nee,,,,,
2006,58215,AIX Property,Vaals,Limburg,6291AP,21-c,Marc Kalse,info@aixproperty.nl,Onafhankelijk,Direct,29-5-2018,mei-2018,Nee,Sales,Jelle,Jelle,IAV,IAV,Nee,,,,,Nee,,,,,
2007,49189,HeuvellandWonen,Klimmen,Limburg,6343CS,nan,Hub Franssen,info@heuvellandwonen.nl,Onafhankelijk,Direct,29-5-2018,mei-2018,Nee,Sales,Jelle,Jelle,✓,Ja compleet,Ja,Ja actief en compleet,Verstuurd,,,Nee,,,,,
2008,50201,Mario Geerts Makelaars,Helmond,Noord-Brabant,5701KH,68,Mario Geerts,info@mario-geerts.nl,VastgoedPRo,Skarabee,29-5-2018,mei-2018,Nee,Sales,Jelle,Jelle,✓,Ja gedeeltelijk,Nee,Ja nog niet compleet,Aangemeld,,,Ja,Ja DvD,11-6-2018,https://www.mario-geerts.nl/,https://www.pararius.nl/koopwoningen/helmond,
2009,56677,Kraaijenhof Vastgoed,Ermelo,Gelderland,3851NA,21,Henk Kraaijenhof,info@kraaijenhofvastgoed.nl,VBO,Goes&Roos,30-5-2018,mei-2018,Nee,Sales,Jelle,Jelle,✓,Ja compleet,Ja,Ja actief en compleet,Verstuurd,,,Ja,Ja DvD,6-7-2018,http://www.kraaijenhofvastgoed.nl/,http://www.pararius.nl/,
2010,50314,Makelaardij Van Summeren,Bergen (lb),Noord-Brabant,5854CZ,16,Dhr van Summeren,info@makelaardijvansummeren.nl,VastgoedPRo,Skarabee,30-5-2018,mei-2018,Nee,Sales,Jelle,Jelle,✓,Ja geen aanbod,Nee,Ja nog niet compleet,Verstuurd,,,Nee,,,,,
2011,53463,Pröpper Makelaardij,Valkenburg (lb),Limburg,6301LV,nan,Dhr Pröpper,info@propper.nl,NVM,Realworks,30-5-2018,mei-2018,Nee,Sales,Jelle,Jelle,✓,Ja compleet,Nee,Ja nog niet compleet,Verstuurd,,,Nee,,,,,
2012,61935	,Ingmar van Leer Makelaardij,Roosendaal,Noord-Brabant,4706CG,12,Ingmar van Leer,info@vanleer-makelaardij.nl,Onafhankelijk,Realworks,30-5-2018,mei-2018,Nee,Sales,Jelle,Jelle,✓,IAV,Nee,,,,,Nee,,,,,
2013,49540,Loomans Makelaardij,Hoensbroek,Limburg,6431HR,150,Dhr Loomans,info@loomansoz.nl,NVM,Realworks,30-5-2018,mei-2018,Nee,Sales,Jelle,Jelle,✓,Ja compleet,Ja,Ja actief en compleet,Verstuurd,,,Nee,Ja DvD,19-7-2018,https://www.loomansoz.nl/,https://www.pararius.nl/koopwoningen/hoensbroek,
2014,49250,Wouter Damen Makelaardij,Mierlo,Noord-Brabant,5731JK,86,Wouter Damen,info@damenmakelaardij.nl,VastgoedPRo,Skarabee,31-5-2018,mei-2018,Nee,Sales,Jelle,Jelle,✓,Ja compleet,Ja,Ja actief en compleet,Verstuurd,,,Ja,Ja DvD,13-6-2018,http://www.damenmakelaardij.nl/,https://www.pararius.nl/koopwoningen/,
2015,61862,Willemars Wonen,Breda,Noord-Brabant,4814NJ,nan,Corette,info@willemarswonen.nl,NVM,Realworks,31-5-2018,mei-2018,Nee,Sales,Jelle,Jelle,✓,Ja compleet,Ja,Ja actief en compleet,Verstuurd,,,Nee,,,,,
2016,61903,Beumer Garantiemakelaars Wijk bij Duurstede,Wijk bij Duurstede,Utrecht,3962EC,nan,Erik Bosman,wijk@beumer.nl,NVM,Realworks,31-5-2018,mei-2018,Nee,Sales,Jelle,Jelle,✓,Ja compleet,Ja,Ja actief en compleet,Verstuurd,,,Ja,Ja DvD,7-6-2018,https://www.beumerwijkbijduurstede.nl/33-1c86/hoe-verkopen-wij-jouw-huis,https://www.pararius.nl/,
2017,49396,VeTeBe,Tegelen,Limburg,5931CX,84a,Jackie Riethen,info@vetebe.nl,VBO,Realworks,1-6-2018,jun.-2018,Nee,Sales,Jelle,Jelle,✓,Ja compleet,Ja,Ja actief en compleet,,,,,,,,,
2018,56387,Beckers Makelaardij,Munstergeleen,Limburg,6151EA,nan,Dhr Beckers,info@beckersmakelaardij.nl,NVM,Skarabee,1-6-2018,jun.-2018,Nee,Sales,Jelle,Jelle,✓,Ja compleet,Nee,Ja actief en compleet,Verstuurd,,,Nee,,,,,
2019,51485,Makelaardij Marcel van der Zanden,Merkelbeek,Limburg,6447BB,11,Marcel van der Zanden,contact@vd-zanden.nl,Onafhankelijk,Direct,1-6-2018,jun.-2018,Nee,Sales,Jelle,Jelle,✓,Ja compleet,Ja,Ja actief en compleet,Verstuurd,,,Ja,Ja DvD,13-6-2018,https://www.vd-zanden.nl/,https://www.pararius.nl/,
2020,61614,Appelman Makelaardij,Heemskerk,Noord-Holland,1962WL,20,,info@appelman-makelaardij.nl,Onafhankelijk,Pararius Office,1-6-2018,jun.-2018,Nee,Sales,JP,JP,✓,Ja compleet,Ja,Ja actief en compleet,Verstuurd,,,Nee,,,,,
2021,54198,Janson Makelaardij,Den Haag,Zuid-Holland,2518JA,3-b,Erwin van Stralen,info@janson.nl,NVM,Realworks,1-6-2018,jun.-2018,Nee,Sales,JP,JP,✓,Ja compleet,Ja,Ja actief en compleet,Verstuurd,,,Ja,Ja DvD,20-7-2018,https://www.janson.nl/,https://www.pararius.nl/,
2022,56543,Jimble,Amsterdam,Noord-Holland,1091TJ,71,Wesley Norden,info@jimble.nl,Onafhankelijk,Realworks,1-6-2018,jun.-2018,Nee,Sales,JP,JP,✓,IAV,Nee,,,,,Nee,,,,,
2023,54699,V&H Vastgoed,Schinnen,Limburg,6365CK,nan,Lars Kerkhoff,info@venhvastgoed.nl,NVM,Realworks,1-6-2018,jun.-2018,Nee,Sales,Jelle,Jelle,✓,Ja compleet,Ja,Ja actief en compleet,Verstuurd,,,Nee,,,,,
2024,50128,Schneider Advies,Schiedam,Zuid-Holland,3117AA,141A,Dhr Schneider,info@schneidermakelaardij.nl,Onafhankelijk,Venum,4-6-2018,jun.-2018,Nee,Sales,JP,JP,✓,Ja compleet,Ja,Ja actief en compleet,Verstuurd,,,Nee,,,,,
2025,61674,Piko Makelaars,Almere,Flevoland,1316VK,36,Piet Korstense,info@pikomakelaars.nl,Onafhankelijk,Direct,4-6-2018,jun.-2018,Nee,Sales,JP,JP,IAV,IAV,Nee,,,,,Nee,,,,,
2026,50778,Mooibetaalbaarvastgoed,Lelystad,Flevoland,8243BS,16-40,Ed Meijer,info@mb-vastgoed.nl,Onafhankelijk,Yes-Co,4-6-2018,jun.-2018,Nee,Sales,JP,JP,✓,Ja compleet,Ja,Ja actief en compleet,Verstuurd,,,Nee,,,,,
2027,49782,Van de Giesen Makelaardij *,Waarland,Noord-Holland,1738DK,6A,Els van de Giesen,info@vandegiesen.nl,Onafhankelijk,Realworks,4-6-2018,jun.-2018,Nee,Sales,JP,JP,IAV,IAV,Ja,,,,,Nee,,,,,
2028,61737,Capaan & Falkeisen,Diemen,Noord-Holland,1111PN,18,Harald Falkeisen,info@cafa.nl,Onafhankelijk,Realworks,4-6-2018,jun.-2018,Nee,Sales,JP,JP,✓,Ja compleet,Ja,Ja actief en compleet,Verstuurd,,,Nee,,,,,
2029,52434,Maarschalk Makelaars,Bloemendaal,Noord-Holland,2060AB,88,Michael van der Velde,info@maarschalkmakelaars.nl,Onafhankelijk,Direct,5-6-2018,jun.-2018,Nee,Sales,JP,JP,IAV,IAV,Nee,,,,,Nee,,,,,
2030,61941,88 Makelaars,Den Haag,Zuid-Holland,2512BS,45,,info@88makelaars.nl,Onafhankelijk,Venum,5-6-2018,jun.-2018,Nee,Sales,JP,JP,✓,Ja compleet,Ja,Ja actief en compleet,Verstuurd,,,Nee,,,,,
2031,61940,Expats Amsterdam Rentals,Amsterdam,Noord-Holland,1019GM,55,Gerard,info@expats.amsterdam,Onafhankelijk,Anders,5-6-2018,jun.-2018,Nee,Sales,JP,Jelle,IAV,IAV,Nee,,,,,Nee,,,,,
2032,51685,Vastgoed Amsterdam,Amsterdam,Noord-Holland,1075BD,30,Sandra Saraber,info@vastgoedamsterdam.nl,Onafhankelijk,Realworks,5-6-2018,jun.-2018,Nee,Sales,JP,JP,IAV,IAV,Nee,,,,,Nee,,,,,
2033,51172,Ridderbos Makelaardij,Muntendam,Groningen,9649DE,nan,Abel ridderbos,info@ridderbosmakelaardij.nl,Onafhankelijk,Realworks,5-6-2018,jun.-2018,Nee,Sales,JP,JP,✓,Ja compleet,Ja,Ja actief en compleet,Verstuurd,,,Ja,Ja DvD,17-7-2018,https://www.ridderbosmakelaardij.nl/,https://www.pararius.nl/koopwoningen/,
2034,61897,Padmos Makelaardij,Krimpen aan den ijssel,Zuid-Holland,2922EJ,181,Louise Padmos,info@pasmosmakelaardij.nl,Onafhankelijk,Venum,6-6-2018,jun.-2018,Nee,Sales,JP,JP,✓,Ja compleet,Ja,Ja actief en compleet,Verstuurd,,,Nee,,,,,
2035,51460,Oelers Makelaardij,Geleen,Limburg,6166KD,nan,,info@oelersmakelaardij.nl,Onafhankelijk,Pararius Office,6-6-2018,jun.-2018,Nee,Koppeling,Jelle,Dave,✓,Ja compleet,Ja,Ja actief en compleet,Aangemeld,,,Nee,,,,,
2036,61950,Realhomes Vastgoed,Zoetermeer,Zuid-Holland,2729JG,36,Naddy Faridpooya,info@realhomesvastgoed.nl,Onafhankelijk,Venum,6-6-2018,jun.-2018,Nee,Sales,JP,JP,✓,Ja compleet,Ja,Ja actief en compleet,Verstuurd,,,Nee,,,,,
2037,61933,Hendriks Agrarische Makelaardij *,Hoorn (nh),Noord-Holland,1625RV,25,Hans Hendriks,info@uwagrarischemakelaar.nl,Onafhankelijk,Realworks,6-6-2018,jun.-2018,Nee,Sales,JP,JP,IAV,IAV,Nee,,,,,Nee,,,,,
2038,53723,Veldpape Makelaarskantoor,Den Bosch,Noord-Brabant,5233ED,nan,Mario Veldpape,veldpape.m@planet.nl,NVM,Realworks,6-6-2018,jun.-2018,Nee,Sales,Jelle,Jelle,✓,Ja compleet,Ja,Ja actief en compleet,Verstuurd,,,Nee,,,,,
2039,51365,Hartman Makelaars,Bennekom,Gelderland,6721WR,5b,Rudi Dommershuijzen,info@hartmanmakelaars.nl,NVM,Realworks,6-6-2018,jun.-2018,Nee,Sales,Philip,Jelle,✓,Ja compleet,Ja,Ja actief en compleet,Verstuurd,,,Ja,Ja DvD,17-7-2018,https://www.hartmanmakelaars.nl/,https://www.pararius.nl/koopwoningen/,
2040,54513,Pennings Makelaars,Eindhoven,Noord-Brabant,5611LH,45,Henri Pennings,Info@penningsmakelaars.nl,NVM,Realworks,6-6-2018,jun.-2018,Nee,Sales,Jelle,Jelle,✓,Ja compleet,Ja,Ja actief en compleet,Aangemeld,,,Nee,,,,,
2041,61908,Pronk Makelaardij *,Stompetoren,Noord-Holland,1841GA,101,Andre Pronk,info@pronkmakelaardij.nl,Onafhankelijk,Realworks,6-6-2018,jun.-2018,Nee,Sales,JP,JP,IAV,IAV,Nee,,,,,Nee,,,,,
2042,49321,Patricia van Rijswick Wonen in 't Groen,Venray,Limburg,5801AT,25,Patricia van Rijswick,info@groenwonen.nl,VastgoedPRo,Skarabee,7-6-2018,jun.-2018,Nee,Sales,Jelle,Jelle,✓,Ja gedeeltelijk,Nee,Ja nog niet compleet,Aangemeld,,,Nee,,,,,
2043,52462,Wijkhuizen Makelaars,Amsterdam,Noord-Holland,1017TC,28,Rene Wijkhuizen,info@wijkhuizenmakelaars.nl,NVM,Goes&Roos,7-6-2018,jun.-2018,Nee,Sales,JP,JP,✓,Ja compleet,Ja,Ja actief en compleet,Verstuurd,,,Ja,Ja DvD,27-7-2018,http://www.wijkhuizenmakelaars.nl/,https://www.pararius.nl/,
2044,51825,De Jong Makelaardij,Nieuwvliet,Zeeland,4504RX,12,Dhr De Jong,info@dejongmakelaardij.com,Onafhankelijk,Direct,7-6-2018,jun.-2018,Nee,Sales,Jelle,Jelle,IAV,IAV,Nee,,,,,Nee,,,,,
2045,56287,Woonzicht Makelaars,Rotterdam,Zuid-Holland,3071AA,394c,Enes Konya,info@woonzichtmakelaars.nl,Onafhankelijk,Goes&Roos,7-6-2018,jun.-2018,Nee,Sales,JP,JP,✓,Ja gedeeltelijk,Nee,,Aangemeld,,,Nee,,,,,
2046,51394,Raadhage Makelaardij,Veghel,Noord-Brabant,5461JV,20,Mevrouw van Uden,info@raadhage.nl,NVM,Realworks,7-6-2018,jun.-2018,Nee,Sales,Jelle,Jelle,✓,Ja compleet,Ja,Ja actief en compleet,Verstuurd,,,Ja,Ja DvD,11-7-2018,http://www.raadhage.nl/,https://www.pararius.nl/koopwoningen/veghel,
2047,56463,Makelaar Broex,Bemmel,Gelderland,6681TP,34,Raf Broex,info@makelaarbroex.nl,NVM,Realworks,7-6-2018,jun.-2018,Nee,Sales,Philip,Jelle,✓,Ja gedeeltelijk,Nee,Ja nog niet compleet,Aangemeld,,,Nee,,,,,
2048,54148,HMG Makelaars *,Emmeloord,Flevoland,8302BW,6a,Meindert,info@hmgmakelaars.nl,Onafhankelijk,Realworks,7-6-2018,jun.-2018,Nee,Sales,JP,JP,IAV,IAV,Nee,,,,,Nee,,,,,
2049,61875,Peters & Partners,Amsterdam,Noord-Holland,1017DK,451,Martijn,info@petersenpartners.nl,NVM,Realworks,7-6-2018,jun.-2018,Nee,Sales,JP,JP,✓,Ja compleet,Ja,Ja actief en compleet,Verstuurd,,,Nee,,,,,
2050,55501,Gerwig Makelaardij,Breukelen (ut),Utrecht,3621AE,nan,Dirk Gerwig,info@gerwigmakelaardij.nl,Onafhankelijk,Goes&Roos,8-6-2018,jun.-2018,Nee,Sales,JP,JP,✓,Ja compleet,Ja,Ja actief en compleet,Verstuurd,,,Ja,Ja DvD,14-6-2018,http://www.gerwig.nl/,https://www.pararius.nl/koopwoningen/,
2051,53034,Van der Linden makelaardij,Roosendaal,Noord-Brabant,4706WC,19,Rob,info@vanderlindenmakelaardij.nl,VastgoedPRo,Skarabee,8-6-2018,jun.-2018,Nee,Sales,Jelle,Jelle,✓,Ja geen aanbod,Nee,,,,,Nee,,,,,
2052,49485,Euro-House *,Den Haag,Zuid-Holland,2574GA,263,Saban,info@euro-house.nl,NVM,Realworks,8-6-2018,jun.-2018,Nee,Sales,JP,JP,IAV,IAV,Nee,,,,,Nee,,,,,
2053,53453,Eigen Huis Makelaar Almere,Almere,Flevoland,1339GJ,12,Ron,info@eigenhuismakelaar.nl,Onafhankelijk,Goes&Roos,11-6-2018,jun.-2018,Nee,Sales,JP,JP,✓,Ja compleet,Ja,Ja actief en compleet,Verstuurd,,,Nee,,,,,
2054,53782,Rotsvast Leeuwarden,Leeuwarden,Friesland,8911ES,18,Sebastiaan,info@leeuwarden@rotsvast.nl,Onafhankelijk,Pararius Office,11-6-2018,jun.-2018,Nee,Sales,JP,JP,✓,Ja compleet,Ja,Ja actief en compleet,Verstuurd,,,Nee,,,,,
2055,56623,Expat Life,Haarlem,Noord-Holland,2011NB,nan,Mirjam,mirjam@expat-life.com,Onafhankelijk,Direct,11-6-2018,jun.-2018,Nee,Sales,JP,JP,IAV,IAV,Nee,,,,,Nee,,,,,
2056,61931,De Ongebonden Makelaar,Den Haag,Zuid-Holland,2548NM,57,Michael Huf,info@deongebondenmakelaar.nl,Onafhankelijk,Anders,11-6-2018,jun.-2018,Nee,Sales,JP,JP,IAV,IAV,Nee,,,,,Nee,,,,,
2057,61917,Michael Goedhart Makelaar,Groningen,Groningen,9728SX,65,Michael Goedhart,info@michaelgoedhartmakelaar.nl,Onafhankelijk,Goes&Roos,11-6-2018,jun.-2018,Nee,Sales,JP,JP,✓,Ja compleet,Ja,Ja actief en compleet,Verstuurd,,4,Nee,,,,,
2058,60132,Ter Heegde Makelaars,Hengelo (OV),Overijssel,7554SW,22,Heer Ter Heegde,info@terheegde.info,VastgoedPRo,Skarabee,12-6-2018,jun.-2018,Nee,Sales,Philip,Jelle,✓,Ja compleet,Ja,Ja actief en compleet,Verstuurd,,,Nee,,,,,
2059,60116,Expat Estate Agency,Amsterdam,Noord-Holland,1055WX,38d,,info@expatestateagency.com,VastgoedPRo,Skarabee,12-6-2018,jun.-2018,Nee,Koppeling,JP,Dave,✓,Ja compleet,Ja,Ja actief en compleet,Verstuurd,,,Nee,,,,,
2060,61753,Villa Vendre,Sittard,Limburg,6131CZ,41 A,Marcel,info@villavendre.nl,Onafhankelijk,Realworks,12-6-2018,jun.-2018,Nee,Sales,Jelle,Jelle,✓,Ja geen aanbod,Nee,,,,,Nee,,,,,
2061,53614,Bink en Partners,Breda,Noord-Brabant,4834GC,18,Pieter Bink,info@binkenpartners.nl,NVM,Realworks,12-6-2018,jun.-2018,Nee,Sales,Jelle,Jelle,✓,Ja compleet,Ja,Ja actief en compleet,Verstuurd,,,Nee,,,,,
2062,49242,DONDI Makelaardij,Helmond,Noord-Brabant,5701CJ,33a,Dondi,info@dondimakelaardij.nl,Onafhankelijk,Realworks,12-6-2018,jun.-2018,Nee,Sales,Jelle,Jelle,x,Nee,Nee,,,,,Nee,,,,,
2063,61582,ViaJoop Makelaardij,Wijk en Aalburg,Noord-Brabant,4261CJ,39,Joop van Wijk,info@viajoop.nl,NVM,Realworks,12-6-2018,jun.-2018,Nee,Sales,Jelle,Jelle,✓,Ja gedeeltelijk,Ja,,Aangemeld,,,Nee,,,,,
2064,61658,Voorbach Makelaardij,Bunschoten Spakenburg,Utrecht,3752ZA,23,Perrie Voorbach,info@voorbachmakelaardij.nl,VBO,Venum,13-6-2018,jun.-2018,Nee,Sales,Jelle,Jelle,✓,Ja compleet,Ja,Ja actief en compleet,Verstuurd,,,Nee,,,,,
2065,61902,LEF Makelaars,Maarssen,Utrecht,3604DK,74,Niels,info@lefmakelaars.nl,VBO,Kolibri,13-6-2018,jun.-2018,Nee,Sales,JP,JP,✓,Ja compleet,Ja,Ja actief en compleet,Verstuurd,,,Nee,,,,,
2066,53685,Jeanine van der Sanden,Haarlem,Noord-Holland,2011ZD,21,Jeanine van der Sanden,info@jeaninevandersandenmakelaardij.nl,NVM,Goes&Roos,13-6-2018,jun.-2018,Nee,Sales,JP,JP,✓,Ja compleet,Ja,Ja actief en compleet,Verstuurd,,,Ja,Ja DvD,19-7-2018,http://www.jeaninevandersandenmakelaardij.nl/,https://www.pararius.nl/koopwoningen/,
2067,61965,De Ruiter Makelaarshuis Amersfoort,Amersfoort,Utrecht,3811AR,nan,Floris Vos,info@deruitermakelaarshuis.nl,NVM,Realworks,13-6-2018,jun.-2018,Ja,Sales,Jelle,Jelle,✓,Ja compleet,Nee,Ja actief en compleet,Aangemeld,Ja,,Nee,,,,,
2068,53995,De Ruiter Makelaarshuis Utrecht,Utrecht,Utrecht,3572BK,124,Floris Vos,info@deruitermakelaarshuis.nl,NVM,Realworks,13-6-2018,jun.-2018,Nee,Sales,Jelle,Jelle,✓,Nee,Nee,,NIET DOEN,,,Nee,,,,,
2069,49494,Wensink Makelaardij,Apeldoorn,Gelderland,7315KC,67,Karin Wensink,info@wensink.com,NVM,Realworks,13-6-2018,jun.-2018,Nee,Sales,Philip,Jelle,✓,Ja compleet,Ja,Ja actief en compleet,Aangemeld,,,Nee,,,,,
2070,53400,Huls Makelaardij,De Wijk,Drenthe,7941AV,25,Henk Huls,info@hulsmakelaardij.nl,NVM,Realworks,13-6-2018,jun.-2018,Nee,Sales,Philip,JP,✓,Ja compleet,Ja,Ja actief en compleet,Verstuurd,,,Nee,,,,,
2071,49626,Van Wonderen Makelaardij,Heemstede,Noord-Holland,2102CB,16,Brigitte Mentjox,info@vanwonderen.nl,Onafhankelijk,Realworks,14-6-2018,jun.-2018,Nee,Sales,JP,JP,✓,Ja geen aanbod,Nee,Ja nog niet compleet,,,,Nee,,,,,
2072,52527,Sweep makelaardij,Teteringen,Noord-Brabant,4847AE,29,Peter Sweep,info@sweepmakelaardij.nl,NVM,Realworks,14-6-2018,jun.-2018,Nee,Sales,Jelle,Jelle,✓,Ja compleet,Ja,Ja actief en compleet,Aangemeld,,,,,,,,
2073,49427,Next Makelaars,Purmerend,Noord-Holland,1448KH,7 B,Mario Calma,info@next-makelaars.nl,NVM,Realworks,14-6-2018,jun.-2018,Nee,Sales,JP,JP,✓,Ja compleet,Ja,Ja actief en compleet,Verstuurd,,,,,,,,
2074,61958,Rietveld Makelaardij,Almere,Flevoland,1363TK,14,Ronald,ronald@rietveld.biz,NVM,Yes-Co,18-6-2018,jun.-2018,Nee,Sales,JP,JP,✓,Ja compleet,Ja,Ja actief en compleet,Aangemeld,,,,,,,,
2075,55855,Makelaardij Geertjes,Epe,Gelderland,8161NT,21,Dhr Geertjes,info@makelaardijgeertjes.nl,NVM,Goes&Roos,18-6-2018,jun.-2018,Nee,Sales,Philip,Jelle,IAV,IAV,,,,,,,,,,,
2076,53371,Veldpape Makelaars,Olst,Overijssel,8121BK,29,Philip Veldpape,info@veldpape.com,NVM,Realworks,18-6-2018,jun.-2018,Nee,Sales,Philip,Jelle,✓,Ja compleet,Ja,Ja actief en compleet,Verstuurd,,,,,,,,
2077,49294,Mijn Makelaardij Jitse de Boer - Steenwijk,Steenwijk,Overijssel,8331JZ,11,Dennis,jitsedeboer@mijnmakelaar.nl,NVM,Realworks,18-6-2018,jun.-2018,Nee,Sales,JP,JP,✓,Ja compleet,Ja,Ja actief en compleet,Verstuurd,,,Ja,Ja DvD,17-7-2018,https://www.mijnmakelaarsteenwijk.nl/,https://www.pararius.nl/koopwoningen/,
2078,53731,Elzenaar NVM Makelaars,Den Haag,Zuid-Holland,2546BB,37,Michiel Spiker,info@elzenaar.com,NVM,Realworks,18-6-2018,jun.-2018,Nee,Sales,JP,JP,✓,Ja gedeeltelijk,,,Aangemeld,,,,,,,,
2079,61702,Woon Totaaladvies,Nederweert,Limburg,6031AK,23,Ralf Jacobs,info@woontotaaladvies.nu,NVM,Realworks,18-6-2018,jun.-2018,Nee,Sales,Jelle,Jelle,✓,Ja gedeeltelijk,Ja,Ja nog niet compleet,Aangemeld,,,,,,,,
2080,50353,Alex de Makelaar in Brandevoort,Helmond,Noord-Brabant,5706KH,52,Alex Ruwers,info@makelaarinbrandevoort.nl,Onafhankelijk,Kolibri,19-6-2018,jun.-2018,Nee,Sales,Jelle,Jelle,✓,Ja compleet,Ja,Ja actief en compleet,Verstuurd,,,,,,,,
2081,50618,Locatiescout Bijzonder Vastgoed,Deventer,Overijssel,7411HS,34,Pauline,info@locatiescout.com,NVM,Realworks,19-6-2018,jun.-2018,Nee,Sales,Philip,Jelle,✓,Ja geen aanbod,,,,,,,,,,,
2082,49351,Makelaar De Vree,Helmond,Noord-Brabant,5708HA,23,Wouter de Vree,info@makelaardevree.nl,NVM,Realworks,19-6-2018,jun.-2018,Nee,Sales,Jelle,Jelle,✓,Ja compleet,Ja,Ja actief en compleet,Verstuurd,,,,,,,,
2083,54014,Den Boer Makelaardij,Krimpen aan de lek,Zuid-Holland,2931EC,203,John,info@denboermakelaardij.nl,NVM,Realworks,19-6-2018,jun.-2018,Nee,Sales,JP,JP,✓,IAV,,,,,,,,,,,
2084,56754,Annet Nijssen Makelaardij ,Kapelle,Zeeland,4421EA,47A,Annet Nijssen,info@nijssenmakelaardij.nl,NVM,Realworks,19-6-2018,jun.-2018,Nee,Sales,Jelle,Jelle,✓,Ja compleet,Ja,Ja actief en compleet,Aangemeld,,,Ja,Ja DvD,17-9-2018,https://www.nijssenmakelaardij.nl/over_ons/partners/,https://www.pararius.nl/makelaars/kapelle/annet-nijssen-makelaar-taxateur,
2085,50073,Adéro Makelaardij,Hoogland,Utrecht,3828AE,54B,Dhr De Rooij,arie@adero.nl,NVM,Goes&Roos,20-6-2018,jun.-2018,Nee,Sales,Jelle,Jelle,✓,Ja compleet,Ja,Ja actief en compleet,Verstuurd,,,Ja,Ja DvD,2-8-2018,http://www.adero.nl/,https://www.pararius.nl/koopwoningen/,
2086,51174,Makelaarshuys van Dongen,Den Bosch,Noord-Brabant,5211TV,27,Edwin van Osch,info@makelaarshuysvandongen.nl,Onafhankelijk,Direct,20-6-2018,jun.-2018,Nee,Sales,Jelle,Jelle,IAV,IAV,,,,,,,,,,,
2087,48838,Klappe Makelaardij,Emmeloord,Flevoland,8302EG,116,Katinka,info@klappemakelaardij.nl,VastgoedPRo,Skarabee,20-6-2018,jun.-2018,Nee,Sales,JP,JP,✓,Ja compleet,Ja,Ja nog niet compleet,Aangemeld,,,,,,,,
2088,52407,Madeline Lindeman Makelaardij,Blaricum,Noord-Holland,1261EW,nan,Madeline Lindemand,info@madelinelindeman.nl,NVM,Realworks,20-6-2018,jun.-2018,Nee,Sales,JP,JP,✓,Ja compleet,Ja,Ja actief en compleet,Verstuurd,,,Ja,Ja DvD,18-7-2018,https://www.madelinelindeman.nl/,https://www.pararius.nl/,
2089,53908,Bolck Makelaardij,Zevenaar,Gelderland,6903TA,nan,Paulien Bolck,info@bolckmakelaardij.nl,NVM,Realworks,20-6-2018,jun.-2018,Nee,Sales,Philip,Jelle,✓,Ja compleet,Ja,Ja actief en compleet,Verstuurd,,,Ja,Ja DvD,20-7-2018,https://www.bolckmakelaardij.nl/,https://www.pararius.nl/koopwoningen/,
2090,53709,MAARTEN Makelaardij,Hoogeveen,Drenthe,7902HM,60,Richard Volkerts,info@volkertsmakelaardij.nl,NVM,Realworks,21-6-2018,jun.-2018,Nee,Sales,Philip,JP,✓,Ja compleet,Ja,Ja actief en compleet,Verstuurd,,,Ja,Ja DvD,9-8-2018,https://www.volkertsmakelaardij.nl/,https://www.pararius.nl/,
2091,50021,Van Bijsterveldt Makelaars,Diessen,Noord-Brabant,5087BP,nan,Rob van Bijsterveldt,info@vanbijsterveldt.nl,NVM,Realworks,21-6-2018,jun.-2018,Nee,Sales,Jelle,Jelle,✓,Ja compleet,Ja,Ja actief en compleet,Aangemeld,,,,,,,,
2092,51509,Van der Elst Makelaardij,Rotterdam,Zuid-Holland,3071PR,63-f,Coert Heenes,info@vanderelst.com,VBO,Kolibri,25-6-2018,jun.-2018,Nee,Sales,JP,JP,IAV,IAV,,,,,,,,,,,
2093,50440,Huub Witteveen Makelaardij,Schettens,Friesland,8744EV,nan,Huub Witteveen,info@witteveen-makelaardij.nl,VastgoedPRo,Skarabee,25-6-2018,jun.-2018,Nee,Sales,JP,JP,✓,Ja compleet,Ja,Ja actief en compleet,Aangemeld,,,,,,,,
2094,61962,Akloe Assurantiën,Den Haag,Zuid-Holland,2524HA,21,Kris Akloe,info@akkloe-assurantien.nl,Onafhankelijk,Direct,25-6-2018,jun.-2018,Nee,Sales,JP,JP,IAV,IAV,,,,,,,,,,,
2095,61974,Best House Vision,Best,Noord-Brabant,5685BG,nan,,info@besthousevision.nl,Onafhankelijk,Realworks,25-6-2018,jun.-2018,Nee,Sales,Jelle,Jelle,IAV,IAV,,,,,,,,,,,
2096,56795,Brok Makelaars,Almelo,Overijssel,7609RG,3a,Ruud Brok,info@brokmakelaars.nl,NVM,Realworks,25-6-2018,jun.-2018,Nee,Sales,Philip,Jelle,✓,Ja geen aanbod,,,,,,,,,,,
2097,49412,Zaalberg Makelaardij,Leiden,Zuid-Holland,2311JT,35,Louise,info@zaalbergmakelaardij.nl,Onafhankelijk,Venum,26-6-2018,jun.-2018,Nee,Sales,JP,JP,✓,Ja geen aanbod,,,,,,,,,,,
2098,49880,Helderinhuizen Groningen,Groningen,Groningen,9718JL,83,Christa ,info@helderinhuizen.nl,NVM,Realworks,26-6-2018,jun.-2018,Nee,Sales,JP,JP,✓,Ja gedeeltelijk,Nee,Ja nog niet compleet,Aangemeld,,,,,,,,
2099,61977,Helderinhuizen Midden-Nederland,Amersfoort,Utrecht,3764CV,84a,Christa ,info@helderinhuizen.nl,NVM,Realworks,26-6-2018,jun.-2018,Nee,Sales,Jelle,Jelle,✓,Ja gedeeltelijk,Nee,Ja nog niet compleet,Aangemeld,,,,,,,,
2100,51733,De Konink Vastgoed,Amsterdam,Noord-Holland,1069CE,23,Henny,info@dekonink.nl,Onafhankelijk,Realworks,26-6-2018,jun.-2018,Nee,Sales,JP,JP,✓,Ja compleet,Ja,Ja actief en compleet,Verstuurd,,,,,,,,
2101,61907,Wessel Makelaardij *,Leeuwarden,Friesland,8916HH,29,Wessel,info@wesselmakelaardij.nl,Onafhankelijk,Realworks,26-6-2018,jun.-2018,Nee,Sales,JP,JP,x,Nee,,,,,,,,,,,
2102,50016,Makelaardij Excellent *,Assen,Drenthe,9407PA,16,Luuk Wallinga,info@makelaardijexcellent.nl,Onafhankelijk,Realworks,26-6-2018,jun.-2018,Nee,Sales,Philip,JP,x,Nee,,,,,,,,,,,
2103,49390,Huis Makelaardij,Exloo,Drenthe,7875AB,59,Nienke Hölscher,info@makelaarhuis.nl,NVM,Realworks,26-6-2018,jun.-2018,Nee,Sales,Philip,Jelle,✓,Ja compleet,Ja,Ja actief en compleet,Verstuurd,,,,,,,,
2104,61829,The Perfect House,Amsterdam,Noord-Holland,1016EE,329,Jasper Holleboom,info@theperfecthouse.nl,Onafhankelijk,Pararius Office,27-6-2018,jun.-2018,Nee,Sales,JP,Jelle,✓,Ja compleet,Ja,Ja actief en compleet,Aangemeld,,,,,,,,
2105,49799,Breur Makelaardij,Maarn,Utrecht,3951BD,41a,Niek Breur,info@breurmakelaardij.nl,VastgoedPRo,Skarabee,27-6-2018,jun.-2018,Nee,Sales,Jelle,Jelle,✓,Ja gedeeltelijk,Nee,Ja nog niet compleet,Aangemeld,,,,,,,,
2106,51993,Vonk Makelaars,Arnhem,Gelderland,6841HN,25,Danielle Blom,info@vonkmakelaars.nl,NVM,Realworks,27-6-2018,jun.-2018,Nee,Sales,Philip,Jelle,✓,Ja gedeeltelijk,Ja,Ja nog niet compleet,Verstuurd,,,Ja,Ja DvD,11-7,https://www.vonkmakelaars.nl/,https://www.pararius.nl/koopwoningen/arnhem,
2107,49966,Blaak Makelaardij Wijchen,Wijchen,Gelderland,6603CW,nan,Mike van der Ven,makelaardij@blaak.nl,NVM,Realworks,27-6-2018,jun.-2018,Nee,Sales,Philip,Jelle,✓,Ja compleet,Ja,Ja actief en compleet,Verstuurd,,,,,,,,
2108,61930,MSK Groep *,Maassluis,Zuid-Holland,3143BB,nan,Ron,makelaardij@mskgroep.nl,Onafhankelijk,Realworks,27-6-2018,jun.-2018,Nee,Sales,JP,JP,x,Nee,,,,,,,,,,,
2109,49141,Reinders Regio Makelaars,Dieren,Gelderland,6951BM,1a,Lola Reinders,info@reindersregiomakelaars.nl,NVM,Realworks,27-6-2018,jun.-2018,Nee,Sales,Philip,Jelle,✓,Ja compleet,Ja,Ja actief en compleet,Verstuurd,,,,,,,,
2110,61985,Parkstad Vastgoed,Klimmen,Limburg,6343BX,17,Linda Bouman,info@parkstadvastgoed.nl,NVM,Goes&Roos,28-6-2018,jun.-2018,Nee,Sales,Jelle,Jelle,✓,Ja compleet,Ja,Ja actief en compleet,Verstuurd,,,Ja,Ja DvD,11-7-2018,http://www.parkstadvastgoed.nl/,http://www.pararius.nl/,
2111,55455,Simone Dijkman Makelaardij,Westzaan,Noord-Holland,1551RW,nan,Simone Dijkman,info@simonedijkman.nl,NVM,Goes&Roos,28-6-2018,jun.-2018,Nee,Sales,JP,Jelle,✓,Ja compleet,Ja,Ja actief en compleet,Verstuurd,,,Ja,Ja PM,23-11-2018,http://www.simonedijkman.nl/,https://www.pararius.nl/makelaars/westzaan/simone-dijkman-makelaardij,
2112,52281,Emmastaete *,Rozenburg (zh),Zuid-Holland,3181AT,23,Remie,info@emmastaete.nl,Onafhankelijk,Realworks,28-6-2018,jun.-2018,Nee,Sales,JP,JP,x,Nee,,,,,,,,,,,
2113,53457,Van Huis tot Huis Makelaars,Arnhem,Gelderland,6814CA,1e,Jan Willem van der Meer,janwillem@vanhuistothuismakelaars.nl,NVM,Realworks,28-6-2018,jun.-2018,Nee,Sales,Philip,Jelle,✓,Ja compleet,Ja,Ja actief en compleet,Verstuurd,,,,,,,,
2114,49657,Best Intermediair Groep,Best,Noord-Brabant,5682BA,nan,Joyce,info@best-intermediair.com,VBO,Realworks,28-6-2018,jun.-2018,Nee,Sales,Jelle,Jelle,✓,Ja compleet,Ja,Ja actief en compleet,Verstuurd,,,,,,,,
2115,61812,Sweenen,Laren (nh),Noord-Holland,1251BJ,11,Carlijn,info@sweenen.nl,Onafhankelijk,Pararius Office,29-6-2018,jun.-2018,Nee,Sales,JP,Jelle,✓,Ja compleet,Ja,Ja actief en compleet,Verstuurd,,,,,,,,
2116,50820,Kracht Makelaars,Meerssen,Limburg,6231CL,16,Raymond Aarts,info@krachtmakelaars.nl,Onafhankelijk,Pararius Office,29-6-2018,jun.-2018,Nee,Sales,Jelle,Jelle,✓,Ja compleet,Ja,Ja actief en compleet,Verstuurd,,,,,,,,
2117,55585,Spaarne Makelaars,Haarlem,Noord-Holland,2011HA,25,Kim Holst,info@spaarnemakelaars.nl,NVM,Goes&Roos,29-6-2018,jun.-2018,Nee,Sales,JP,Jelle,x,Nee,Nee,Ja nog niet actief,,,,,,,,,
2118,52778,Boekenrode Makelaars & Taxateurs,Groningen,Groningen,9711BB,19,Tom,info@boekenrode.nl,NVM,Realworks,29-6-2018,jun.-2018,Nee,Sales,JP,Jelle,✓,Ja geen aanbod,,,,,,,,,,,
2119,61555,Internetmakelaars Westland,Naaldwijk,Zuid-Holland,2671JS,nan,Felix,westland@internetmakelaars.nl,NVM,Goes&Roos,4-7-2018,jul.-2018,Nee,Sales,JP,JP,✓,Nee,,,,,,,,,,,
2120,61996,De Huizenbemiddelaar Liemers,Giesbeek,Gelderland,6987CD,nan,Harold,liemers@dehuizenbemiddelaar.nl,VBO,Direct,4-7-2018,jul.-2018,Nee,Sales,Philip,Jelle,✓,Ja compleet,Ja,Ja actief en compleet,Aangemeld,,,,,,,,
2121,50102,AgriTeam MidNed Ede,Ede (GLD),Groningen,6716AA,17h,,ede@agriteam.nl,VastgoedPRo,Venum,4-7-2018,jul.-2018,Nee,Koppeling,Philip,Jelle,✓,Ja compleet,Ja,Ja actief en compleet,Verstuurd,,,,,,,,
2122,61936,Jongbloed Makelaars,Den Haag,Zuid-Holland,2514HH,75,Maurits Jongbloed,info@jongbloed-makelaars.nl,NVM,Realworks,4-7-2018,jul.-2018,Nee,Sales,JP,JP,✓,Ja compleet,Ja,Ja actief en compleet,Aangemeld,,,,,,,,
2123,53523,KKM Makelaars,Hoeven,Noord-Brabant,4741AM,69,Jeanne Zandbergen-Kapitein,info@kkm-makelaars.nl,NVM,Realworks,4-7-2018,jul.-2018,Nee,Sales,Jelle,Jelle,✓,Ja compleet,Ja,Ja actief en compleet,Verstuurd,,,,Ja NB,03-08-2018,https://www.kkm-makelaars.nl/,https://www.pararius.nl/makelaars/hoeven/kkm-makelaars,
2124,56411,Orange Wonen,Wormerveer,Noord-Holland,1521JJ,235,,info@orangewonen.nl,Onafhankelijk,Pararius Office,5-7-2018,jul.-2018,Nee,Koppeling,JP,Dave,✓,Ja compleet,Ja,Ja actief en compleet,Verstuurd,,,,,,,,
2125,55498,Makelaardij Peter Otten,Bovensmilde,Drenthe,9421PD,183,Peter Otten,info@makelaardijpeterotten.nl,NVM,Goes&Roos,9-7-2018,jul.-2018,Nee,Sales,Philip,JP,✓,Ja compleet,Ja,Ja actief en compleet,Aangemeld,,,,,,,,
2126,62012,Tripartie Makelaardij,Woudenberg,Utrecht,3931PX,58,Bert,bert@tripartie.nl,Onafhankelijk,Venum,10-7-2018,jul.-2018,Nee,Koppeling,Jelle,Dave,✓,Ja compleet,Ja,Ja actief en compleet,Verstuurd,,,,,,,,
2127,62019,H2 Makelaars Amstelveen,Amstelveen,Noord-Holland,1186DS,1 A7,Emmelien,info@h2makelaars.nl,VBO,Goes&Roos,10-7-2018,jul.-2018,Nee,Sales,JP,JP,✓,Ja compleet,Ja,Ja actief en compleet,Aangemeld,,,,,,,,
2128,55588,Van Heteren & Actief Makelaars,Arnhem,Gelderland,6831EA,30,Aron Gerritsen,info@vhamakelaars.nl,NVM,Yes-Co,16-7-2018,jul.-2018,Nee,Sales,Philip,JP,✓,Ja compleet,Ja,Ja actief en compleet,Verstuurd,,,,,,,,
2129,62033,Dubach Makelaardij,Eindhoven,Noord-Brabant,5615SJ,16,Mike Dubach,info@dubachmakelaardij.nl,VastgoedPRo,Pyber,17-7-2018,jul.-2018,Ja,Koppeling,Jelle,Dave,✓,Ja compleet,Ja,Ja actief en compleet,Verstuurd,Ja,,,,,,,
2130,62035,MVM,Maastricht,Limburg,6211ND,nan,,info@mvm-service.nl,Onafhankelijk,Pararius Office,18-7-2018,jul.-2018,Nee,Koppeling,Jelle,Dave,✓,Ja compleet,Ja,Ja actief en compleet,Verstuurd,,,,,,,,
2131,55694,Van Beek Makelaardij,Zwolle,Overijssel,8011GG,10,Chris van Beek,info@vanbeekmakelaardij.nl,NVM,Goes&Roos,18-7-2018,jul.-2018,Nee,Sales,Philip,JP,✓,Ja compleet,Ja,Ja actief en compleet,Aangemeld,,,,,,,,
2132,50463,Dapper & van Aalst Makelaardij,Alkmaar,Noord-Holland,1817DC,32 A,Pascal van Aalst,Pascal@dapper-vanaalst.nl,NVM,Realworks,18-7-2018,jul.-2018,Nee,Sales,JP,JP,✓,Ja compleet,Ja,Ja actief en compleet,Aangemeld,,,Nee,,,,,
2133,56128,Hevesta,Amsterdam,Noord-Holland,1083HE,60,Hans Festen,info@hevesta.nl,Onafhankelijk,Anders,21-7-2018,jul.-2018,Ja,Koppeling,JP,Dave,IAV,IAV,,,,Ja,,,,,,,
2134,54012,Dekkers de Groot Makelaardij,Den Haag,Zuid-Holland,2581AN,110A,Lizette de Groot,info@dekkersdegroot.nl,NVM,Realworks,23-7-2018,jul.-2018,Ja,Sales,JP,JP,✓,Ja gedeeltelijk,,,Aangemeld,Ja,,,,,,,
2135,62062,Mijn Woonmakelaar,Raamsdonksveer,Noord-Brabant,3065WC,100,Gerard Rekkers,info@mijnwoonmakelaar.nl,VBO,Venum,25-7-2018,jul.-2018,Ja,Koppeling,Jelle,Dave,✓,Ja compleet,Ja,Ja actief en compleet,Verstuurd,Ja,,,,,,,
2136,52890,DL Housing Services,Heemstede,Noord-Holland,2102BR,14,Lucien van Emmerik,info@dlhousingservice.nl,Onafhankelijk,Pararius Office,25-7-2018,jul.-2018,Nee,Koppeling,JP,Dave,✓,Ja compleet,Ja,Ja actief en compleet,Verstuurd,,,Nee,,,,,
2137,62060,Lamper & van Vliet Woningmakelaars Ridderkerk,Ridderkerk,Zuid-Holland,2982AH,47,Francela Molenaar,info@lvmakelaars.nl,NVM,Realworks,25-7-2018,jul.-2018,Ja,Sales,JP,JP,✓,Ja compleet,Ja,Ja actief en compleet,Aangemeld,Ja,,Ja,Ja DvD,28-8-2018,https://www.lvmakelaars.nl/,https://www.pararius.nl/,
2138,62061,Lamper & van Vliet Woningmakelaars Hardinxveld Giessendam,Hardinxveld Giessendam,Zuid-Holland,3371BL,40,Francela Molenaar,info@lvmakelaars.nl,NVM,Realworks,25-7-2018,jul.-2018,Ja,Sales,Jelle,JP,✓,Ja compleet,Ja,Ja actief en compleet,Aangemeld,Ja,,,,,,,
2139,48958,WitteWoning Makelaars Maastricht,Maastricht,Limburg,6224JB,89A,,maastricht@wittewoningmakelaars.nl,Onafhankelijk,Pararius Office,31-7-2018,jul.-2018,Nee,Koppeling,Jelle,Jelle,✓,Ja compleet,Ja,Ja actief en compleet,Aangemeld,,,,,,,,
2140,61626,WitteWoning Makelaars Tilburg Reeshof,Tilburg,Noord-Brabant,5018CX,nan,,tilburgreeshof@wittewoningmakelaars.nl        ,Onafhankelijk,Pararius Office,31-7-2018,jul.-2018,Nee,Koppeling,Jelle,Jelle,✓,Ja compleet,Ja,Ja actief en compleet,Aangemeld,,,,,,,,
2141,49554,WitteWoning Makelaars Zutphen,Zutphen,Gelderland,7201CA,nan,,zutphen@wittewoningmakelaars.nl        ,Onafhankelijk,Pararius Office,31-7-2018,jul.-2018,Nee,Koppeling,Philip,Jelle,✓,Ja compleet,Ja,Ja actief en compleet,Aangemeld,,,,,,,,
2142,48869,WitteWoning Makelaars Apeldoorn,Apeldoorn,Gelderland,7314JB,45,Peter Velthoen,apeldoorn@wittewoningmakelaars.nl,Onafhankelijk,Pararius Office,31-7-2018,jul.-2018,Nee,Koppeling,Philip,Jelle,✓,Ja compleet,Ja,Ja actief en compleet,Aangemeld,,,,,,,,
2143,62018,Engel & Völkers Amsterdam Zuidas,Amsterdam,Noord-Holland,1082MT,687,Karlijn Ramondt,amsterdamzuidas@engelvoelkers.com,VastgoedPRo,Realworks,01-08-2018,aug.-2018,Nee,Sales,JP,JP,✓,Ja compleet,Ja,Ja actief en compleet,Aangemeld,,,,,,,,
2144,62017,Engel & Völkers Heemstede,Heemstede,Noord-Holland,2106CN,nan,Karlijn Ramondt,kennemerland@engelvoelkers.com,VastgoedPRo,Realworks,01-08-2018,aug.-2018,Nee,Sales,JP,JP,✓,Ja compleet,Ja,Ja actief en compleet,Aangemeld,,,,,,,,
2145,55434,Makelaar Bert,Amsterdam,Noord-Holland,1076BV,10,Kim,info@makelaarbert.nl,NVM,Realworks,01-08-2018,aug.-2018,Nee,Sales,JP,JP,✓,Ja gedeeltelijk,Nee,,Aangemeld,,,,,,,,
2146,49530,Leuk! Makelaars,Gorinchem,Zuid-Holland,4201MC,nan,Jolanda Notebaart,info@leuk-makelaars.nl,NVM,Realworks,01-08-2018,aug.-2018,Nee,Sales,Jelle,Jelle,✓,Ja compleet,Ja,Ja actief en compleet,Aangemeld,,,,,,,,
2147,62066,Hoomly,Maastricht,Limburg,6227CL,nan,Dhr Brüggemann,info@hoomly.nl,Onafhankelijk,Realworks,01-08-2018,aug.-2018,Nee,Sales,Jelle,Jelle,✓,Ja compleet,Ja,Ja actief en compleet,Aangemeld,,,Ja,Ja DvD,9-8-2018,https://hoomly.nl/,https://www.pararius.nl/,
2148,49219,Huijgen Makelaardij,Barendrecht,Zuid-Holland,2991CS,55-A,Shirley,info@huijgenmakelaardij.nl,NVM,Skarabee,02-08-2018,aug.-2018,Nee,Sales,JP,JP,✓,Ja gedeeltelijk,,,Aangemeld,,,,,,,,
2149,61968,RE/MAX Invest Makelaardij,Eindhoven,Noord-Brabant,5652AL,nan,Mahmut Aydemir,investmakelaardij@remax.nl,VBO,Venum,02-08-2018,aug.-2018,Nee,Sales,Jelle,Jelle,✓,Ja compleet,Ja,Ja actief en compleet,Aangemeld,,,,,,,,
2150,54556,Q-Bus Makelaars Uitgeest,Uitgeest,Noord-Holland,1911EG,nan,Ton Martens,uitgeest@q-vastgoed.nl,NVM,Realworks,02-08-2018,aug.-2018,Nee,Sales,JP,JP,✓,Ja compleet,Ja,Ja actief en compleet,Aangemeld,,,,,,,,
2151,55962,Q-Bus Makelaars Bergen,Bergen (nh),Noord-Holland,1861GD,39,Ton Martens,bergen@q-vastgoed.nl,NVM,Realworks,02-08-2018,aug.-2018,Nee,Sales,JP,JP,✓,Ja compleet,Ja,Ja actief en compleet,Aangemeld,,,,,,,,
2152,49636,De Linde Makelaars,Wolvega,Friesland,8471JC,57,Annemieke,info@delindemakelaars.nl,VastgoedPRo,Realworks,02-08-2018,aug.-2018,Nee,Sales,JP,JP,✓,Ja compleet,Ja,Ja actief en compleet,Aangemeld,,,,,,,,
2153,62064,H.U.N Makelaar,Utrecht,Utrecht,3581ET,nan,Dirk van den Dool,info@hunmakelaar.nl,Onafhankelijk,Realworks,02-08-2018,aug.-2018,Nee,Sales,Jelle,Jelle,x,Nee,Ja,Ja actief en compleet,Aangemeld,,,,,,,,
2154,62010,Beleef Wonen met Jacqueline,Wierden,Overijssel,7641AN,nan,Jacqueline,jacqueline@beleefwonen.nl,VastgoedPRo,Realworks,02-08-2018,aug.-2018,Nee,Sales,Philip,Jelle,✓,Ja compleet,Ja,Ja actief en compleet,Aangemeld,,,,,,,,
2155,56270,Huiszelfverkoop.nl,Tegelen,Limburg,5951PK,nan,Selma,info@huiszelfverkoop.nl,Onafhankelijk,Direct,04-08-2018,aug.-2018,Nee,Sales,Jelle,Jelle,IAV,IAV,,,,,,,,,,,
2156,62079,Mooijekind Vleut Heemstede,Heemstede,Noord-Holland,2106AM,159,Bas van Amerongen,heemstede@mooijekindvleut.nl,NVM,Realworks,04-08-2018,aug.-2018,Nee,Sales,JP,JP,✓,Ja compleet,Ja,Ja actief en compleet,Aangemeld,,,,,,,,
2157,53094,Mooijekind Vleut Haarlem,Haarlem,Noord-Holland,2011GX,124,Bas van Amerongen,Haarlem@mooijekindvleut.nl,NVM,Realworks,04-08-2018,aug.-2018,Nee,Sales,JP,JP,✓,Ja compleet,Ja,Ja actief en compleet,Aangemeld,,,,,,,,
2158,62078,Mooijekind Vleut Haarlemmermeer,Hoofddorp,Noord-Holland,2011GX,nan,Bas van Amerongen,hoofddorp@mooijekindvleut.nl,NVM,Realworks,04-08-2018,aug.-2018,Nee,Sales,JP,JP,✓,Ja compleet,Ja,Ja actief en compleet,Aangemeld,,,,,,,,
2159,61867,GroeneRaedt Makelaars & Rentmeesters,Woudenberg,Utrecht,3931RC,nan,Christiaan van Beusekom,Christiaan@groeneraedt.nl,Onafhankelijk,Realworks,04-08-2018,aug.-2018,Nee,Sales,Jelle,Jelle,✓,Ja compleet,Ja,Ja actief en compleet,,,,,,,,,
2160,49287,Veenema Makelaardij,Vught,Noord-Brabant,5261BB,67,Sabine Veenema,info@veenemamakelaardij.nl,NVM,Realworks,04-08-2018,aug.-2018,Nee,Sales,Jelle,Jelle,✓,Ja compleet,Ja,Ja actief en compleet,Aangemeld,,,,,,,,
2161,61733,Minor Makelaardij,Den Haag,Zuid-Holland,2571EK,397,Arash,info@minormakelaardij.nl,Onafhankelijk,Direct,06-08-2018,aug.-2018,Nee,Sales,JP,JP,✓,IAV,,,,Ja,,,,,,,
2162,50437,Immo de Nijs,Cadzand,Zeeland,4506JJ,24,Jan de Nijs,contact@denijs.info,VBO,Kolibri,06-08-2018,aug.-2018,Nee,Sales,Jelle,Jelle,✓,Ja compleet,Ja,Ja actief en compleet,Aangemeld,,,Ja,Ja DvD,4-9-2018,http://www.florismakelaars.nl/,https://www.pararius.nl/koopwoningen/,
2163,62088,Linda Jansen Makelaardij,Grootebroek,Noord-Holland,1613JW,2 A,,info@lindajansen.nl,VBO,Kolibri,06-08-2018,aug.-2018,Nee,Sales,JP,JP,✓,Ja compleet,Ja,Ja actief en compleet,Aangemeld,,,,,,,,
2164,49783,Makelaarskantoor M. Bouwman,Ommen,Overijssel,7731EH,54,Martin Bouwman,info@bouwmanmakelaardij.nl,VastgoedPRo,Skarabee,06-08-2018,aug.-2018,Nee,Sales,Philip,Jelle,✓,Ja compleet,Ja,Ja actief en compleet,Aangemeld,,,,,,,,
2165,49839,Pat Makelaardij,Schoonebeek,Drenthe,7761BS,9,Ruud Pat,info@patmakelaardij.nl,VBO,Realworks,06-08-2018,aug.-2018,Nee,Sales,Philip,Jelle,✓,Ja gedeeltelijk,,Ja nog niet compleet,Aangemeld,,,,,,,,
2166,54463,MRE Makelaars,Eindhoven,Noord-Brabant,5611KR,54,HJ Schipper,info@mremakelaars.nl,NVM,Realworks,06-08-2018,aug.-2018,Nee,Sales,Jelle,Jelle,✓,Ja compleet,Ja,Ja actief en compleet,Aangemeld,,,,,,,,
2167,55711,Floris Makelaars,Den Bosch,Noord-Brabant,5211BH,97,Peter van der Heijden,info@florismakelaars.nl,NVM,Realworks,06-08-2018,aug.-2018,Nee,Sales,Jelle,Jelle,✓,Ja compleet,Ja,Ja actief en compleet,Aangemeld,,,,,,,,
2168,61981,Best Intermediair Vastgoed Makelaardij,Leende,Noord-Brabant,5595CB,nan,Francis,info@bivastgoed.nl,Onafhankelijk,Kolibri,07-08-2018,aug.-2018,Nee,Sales,Jelle,Jelle,✓,Ja compleet,Ja,Ja actief en compleet,Aangemeld,,,,,,,,
2169,49566,Bol Makelaars & Taxateurs,Oosterhout (nb),Noord-Brabant,4901ZB,70-80,Marjon Stoffelen,info@bolmakelaars.nl,NVM,Goes&Roos,07-08-2018,aug.-2018,Nee,Sales,Jelle,Jelle,✓,Ja compleet,Ja,Ja actief en compleet,Aangemeld,,,,,,,,
2170,55849,Nieuwdorp Makelaardij,Zaltbommel,Noord-Brabant,5301AP,35,Michael Nieuwdorp,info@nieuwdorp.nl,NVM,Yes-Co,07-08-2018,aug.-2018,Nee,Sales,Jelle,Jelle,✓,Ja gedeeltelijk,Ja,Ja nog niet compleet,Aangemeld,,,,,,,,
2171,55579,Deltam Makelaardij,Amsterdam,Noord-Holland,1076LP,25,Frenk Bartels,info@deltam.nl,NVM,Goes&Roos,07-08-2018,aug.-2018,Nee,Sales,JP,JP,✓,Ja compleet,Ja,Ja actief en compleet,Aangemeld,,,,,,,,
2172,50248,Frans Sanders Makelaardij,Almelo,Overijssel,7602AK,126,Carolien Hummels,info@franssanders.nl,VastgoedPRo,Realworks,07-08-2018,aug.-2018,Nee,Sales,Philip,Jelle,✓,Ja compleet,Ja,Ja actief en compleet,Aangemeld,,,,,,,,
2173,51358,Gevaert Nieuwegein Makelaarij,Nieuwegein,Utrecht,3431HR,nan,Eric,info@gevaertmakelaars.nl,NVM,Realworks,07-08-2018,aug.-2018,Nee,Sales,JP,JP,IAV,IAV,,,,,,,,,,,
2174,49090,Makelaardij Minerva,Groningen,Groningen,9731ML,35,Rene Bannink,info@makelaardij-minerva.nl,Onafhankelijk,Pararius Office,08-08-2018,aug.-2018,Nee,Sales,JP,JP,✓,Ja compleet,Ja,Ja actief en compleet,,,,,,,,,
2175,48969,Drenth Makelaars,Amersfoort,Utrecht,3811NG,39-41,Sander van Dronkelaar,amersfoort@drenthmakelaars.nl,NVM,Realworks,08-08-2018,aug.-2018,Nee,Sales,Jelle,Jelle,✓,Ja compleet,Ja,Ja actief en compleet,Aangemeld,,,,,,,,
2176,52602,Rademakelaars,Lelystad,Flevoland,8200AE,215,Eric Rademaker,info@rademakelaars.nl,Onafhankelijk,Skarabee,09-08-2018,aug.-2018,Nee,Sales,JP,JP,✓,Ja compleet,Ja,Ja actief en compleet,Aangemeld,,,Ja,Ja DvD,16-8-2018,http://www.rademakelaars.nl/,https://www.pararius.nl/,
2177,62096,De Huizenpraktijk,Zundert,Noord-Brabant,4715RN,nan,Danny,info@backx-assurantien.nl,Onafhankelijk,Pyber,09-08-2018,aug.-2018,Nee,Sales,Jelle,Jelle,IAV,IAV,,,,,,,,,,,
2178,48980,t Goeie Huys Makelaardij Brielle/Spijkenisse,Brielle,Zuid-Holland,3231AR,17,Maurice v/d Linden,info@goeiehuys.nl,VBO,Realworks,09-08-2018,aug.-2018,Nee,Sales,Jelle,Jelle,✓,Ja compleet,Ja,Ja actief en compleet,Aangemeld,,,,,,,,
2179,52605,Meederemakelaars.nl,Helmond,Noord-Brabant,5707GT,nan,Pieter van der Straten,info@meerderemakelaars.nl,Onafhankelijk,Skarabee,10-08-2018,aug.-2018,Nee,Sales,Jelle,Jelle,✓,Ja compleet,Ja,Ja actief en compleet,Aangemeld,,,,,,,,
2180,62094,Boost Vastgoed Makelaardij,Prinsenbeek,Noord-Brabant,4841NS,nan,Joost Baars,info@boostvastgoed.nl,Onafhankelijk,Pararius Office,10-08-2018,aug.-2018,Nee,Sales,Jelle,Jelle,✓,Ja compleet,Ja,Ja actief en compleet,Aangemeld,,,,,,,,
2181,53826,AB Wonen,Lelystad,Flevoland,8224BS,nan,Tamara,lelystad@abwonen.nl,NVM,Realworks,10-08-2018,aug.-2018,Nee,Sales,JP,JP,✓,Ja geen aanbod,,,,,,,,,,,
2182,62097,Doen NVM Makelaars Leiden,Leiden,Zuid-Holland,2324ER,9e,Paul Rats,paul@doenmakelaars.com,NVM,Goes&Roos,13-08-2018,aug.-2018,Nee,Sales,JP,JP,✓,Ja compleet,Ja,Ja actief en compleet,Aangemeld,,,,,,,,
2183,50503,De Keujer Makelaardij,Markelo,Overijssel,7475BD,14a,Robert Pullen,info@dekeujer.nl,NVM,Realworks,13-08-2018,aug.-2018,Nee,Sales,Philip,Jelle,✓,Ja geen aanbod,,,,,,,,,,,
2184,48918,Franke Makelaars,Velp (gld),Gelderland,6881TC,61,Sandra van der Aa,info@frankemakelaars.nl,NVM,Realworks,13-08-2018,aug.-2018,Nee,Sales,Philip,Jelle,✓,Ja compleet,Ja,Ja actief en compleet,Verstuurd,,,Ja,Ja DvD,4-9-2018,https://www.frankemakelaars.nl/,https://www.pararius.nl/makelaars/velp-ge/franke-makelaars,
2185,49863,Bezuijen Bemiddeling,Ouddorp (ZH),Zuid-Holland,3253LH,32,Floris,info@bezuijenbemiddeling.nl,Onafhankelijk,Realworks,13-08-2018,aug.-2018,Nee,Sales,Jelle,Jelle,✓,Ja compleet,Ja,Ja actief en compleet,Verstuurd,,,,,,,,
2186,49848,Rosendaal Makelaars,s heerenberg,Gelderland,7041JE,75,Sjoerd Rosendaal,info@rosendaalmakelaars.nl,NVM,Realworks,14-08-2018,aug.-2018,Nee,Sales,Philip,Jelle,✓,Ja compleet,Ja,Ja actief en compleet,Aangemeld,,2,Ja,Ja DvD,5-12-2018,https://www.rosendaalmakelaars.nl/,https://www.pararius.nl/makelaars/s-heerenberg/rosendaal-makelaardij,
2187,61474,Fiona Makelaardij,Rotterdam,Zuid-Holland,3026CL,40A,Fiona,info@fionamakelaardij.nl,Onafhankelijk,Venum,14-08-2018,aug.-2018,Nee,Sales,JP,JP,IAV,IAV,,,,,,,,,,,
2188,62093,Key Makelaardij,Heerjansdam,Zuid-Holland,2995XP,34,Petra Windmeijer,info@keymakelaardij.nl,VBO,Kolibri,14-08-2018,aug.-2018,Nee,Sales,JP,JP,✓,Ja compleet,Ja,Ja actief en compleet,Aangemeld,,,,,,,,
2189,61523,Househunting Amersfoort,Amersfoort,Utrecht,1403BB,74,Coen Alleman,c.alleman@househunting.nl,Onafhankelijk,Kolibri,14-08-2018,aug.-2018,Nee,Sales,Jelle,Jelle,IAV,IAV,,,,,,,,,,,
2190,54841,Vrieling Makelaars,Mijnsheerenland,Zuid-Holland,3271BX,35,Bart Vrieling,info@vrielingmakelaars.nl,NVM,Realworks,14-08-2018,aug.-2018,Nee,Sales,Jelle,Jelle,✓,Ja compleet,Ja,Ja actief en compleet,Aangemeld,,,,,,,,
2191,49517,Heemborgh Makelaars Nieuw Vennep,Nieuw Vennep,Zuid-Holland,2153LT,1334a,Hans Hogers,nieuw-vennep@heemborgh.nl,NVM,Realworks,14-08-2018,aug.-2018,Nee,Sales,JP,JP,✓,Ja compleet,Ja,Ja actief en compleet,Aangemeld,,,,,,,,
2192,62101,HJ Makelaardij,Utrecht,Utrecht,3533JH,59,Willem den Hartog Jager,willemdhj@gmail.com,Onafhankelijk,Realworks,14-08-2018,aug.-2018,Nee,Sales,Jelle,Jelle,IAV,IAV,,,,,,,,,,,
2193,55781,De Plaatselijke Makelaar Rob van de Laar,Sint Oedenrode,Noord-Brabant,5492BN,8,Rob van de Laar,info@dpmrobvandelaar.nl,NVM,Goes&Roos,15-08-2018,aug.-2018,Nee,Sales,Jelle,Jelle,✓,Ja compleet,Ja,Ja actief en compleet,Aangemeld,,,,,,,,
2194,55968,The Rental Shop,Rotterdam,Zuid-Holland,3061AD,191,Alex,office@therentalshop.nl,Onafhankelijk,Kolibri,15-08-2018,aug.-2018,Nee,Koppeling,JP,Dave,✓,Ja compleet,Ja,Ja actief en compleet,Aangemeld,,,,,,,,
2195,62103,Gusto Casa,Utrecht,Utrecht,3514TP,12,Lindy Hendriks,info@gustocasa.nl,Onafhankelijk,Realworks,15-08-2018,aug.-2018,Nee,Koppeling,Jelle,Jelle,✓,Ja compleet,Ja,Ja actief en compleet,Aangemeld,,,Ja,Ja DvD,15-10-2018,https://www.gustocasa.nl/makelaar-in-utrecht-huis-verkopen/,https://www.pararius.nl/koopwoningen/,
2196,56791,Zandbergen Makelaardij,Havelte,Drenthe,7971CA,43192,Gerben Zandbergen,info@zandbergenmakelaardij.nl,NVM,Realworks,15-08-2018,aug.-2018,Nee,Sales,Philip,JP,✓,Ja compleet,Ja,Ja actief en compleet,Aangemeld,,,,,,,,
2197,49623,Marc Tummers Makelaardij,Schijndel,Noord-Brabant,5481AD,111a,Marc Tummers,info@tummersmakelaardij.nl,VBO,Kolibri,16-08-2018,aug.-2018,Nee,Sales,Jelle,Jelle,x,Nee,,,,,,,,,,,
2198,49473,Kooijman Makelaardij,Nieuwerkerk,Zeeland,4306BK,12,Leander de Bruine,info@kooijmanmakelaardij.nl,VBO,Kolibri,16-08-2018,aug.-2018,Nee,Sales,Jelle,Jelle,✓,Ja compleet,Ja,Ja actief en compleet,Aangemeld,,,,,,,,
2199,49113,Akker Makelaardij,Heesch,Noord-Brabant,5384MD,126,Corina,info@akkermakelaardij.nl,VBO,Goes&Roos,17-08-2018,aug.-2018,Nee,Sales,Jelle,Jelle,✓,Ja compleet,Ja,Ja actief en compleet,Aangemeld,,,,,,,,
2200,62104,Auperlé Vastgoed,Middelharnis,Zuid-Holland,3241LL,14,Kees Hoogzand,info@auperlevastgoed.nl,Onafhankelijk,Kolibri,17-08-2018,aug.-2018,Nee,Sales,Jelle,Jelle,✓,Ja compleet,Ja,Ja actief en compleet,Aangemeld,,,,,,,,
2201,49817,WijnandsTilli Makelaardij,Maastricht,Limburg,6225NB,49,Dennis Tilli,info@wijnandstilli.nl,VBO,Kolibri,17-08-2018,aug.-2018,Nee,Sales,Jelle,Jelle,✓,Ja compleet,Ja,Ja actief en compleet,Aangemeld,,,,,,,,
2202,49651,Winvest Onroerend Goed,Wijk bij Duurstede,Utrecht,3961AX,21-A,Robbert May,info@winvestonroerendgoed.nl,VBO,Kolibri,20-08-2018,aug.-2018,Nee,Sales,Jelle,Jelle,✓,Ja compleet,Ja,Ja actief en compleet,,,5,,,,,,
2203,49361,T&A Van Es Makelaardij,Scherpenzeel (gld),Gelderland,3925KC,251,Gerben van Es,info@makelaarscherpenzeel.nl,VBO,Kolibri,20-08-2018,aug.-2018,Nee,Sales,Jelle,Jelle,✓,Ja compleet,Ja,Ja actief en compleet,Aangemeld,,,Ja,Ja DvD,28-8-2018,https://www.makelaarscherpenzeel.nl/,https://www.pararius.nl/koopwoningen/,
2204,62102,John Greuter Makelaardij,Zwaag,Noord-Holland,1689AC,55b,John Greuter,info@johngreutermakelaardij.nl,VastgoedPRo,Realworks,20-08-2018,aug.-2018,Nee,Sales,JP,JP,✓,Ja compleet,Ja,Ja actief en compleet,Aangemeld,,,Ja,Ja DvD,20-8-2018,http://www.johngreutermakelaardij.nl/,https://www.pararius.nl/,
2205,56766,Voorst Makelaardij,Zwolle,Flevoland,8042AB,nan,Monja,info@voorstmakelaardij.nl,VBO,Venum,21-08-2018,aug.-2018,Nee,Sales,Philip,JP,✓,Ja compleet,Ja,Ja actief en compleet,Aangemeld,,,Ja,Ja DvD,11-9-2018,http://www.voorstmakelaardij.nl/,https://www.pararius.nl/makelaars/zwolle/voorst-makelaardij,
2206,50878,Vision Makelaars,Amstelveen,Noord-Holland,1181RN,33,Michiel Mokkenstorm,mokkenstorm@visionmakelaars.nl,VBO,Venum,21-08-2018,aug.-2018,Nee,Sales,JP,JP,IAV,IAV,,,,,,,,,,,
2207,58759,ZwinRegio Makelaardij,Sluis,Zeeland,4524EA,nan,Kaily,info@zwinregiomakelaardij.nl,VBO,Skarabee,21-08-2018,aug.-2018,Nee,Sales,Jelle,Jelle,✓,Ja compleet,Ja,Ja actief en compleet,Aangemeld,,,,,,,,
2208,49369,Mie-Lan Kok Estate Agency,Heemstede,Noord-Holland,2102AE,19,,info@mielankok.nl,VBO,Eye Move,21-08-2018,aug.-2018,Nee,Sales,JP,JP,IAV,IAV,,,,,,,,,,,
2209,61774,Startpunt Wonen,Horst,Limburg,5961GX,33,Ralph Beunen,info@startpuntwonen.nl,Onafhankelijk,Realworks,21-08-2018,aug.-2018,Nee,Sales,Jelle,Jelle,IAV,IAV,,,,,,,,,,,
2210,54748,Van der Sande Makelaars,Breda,Noord-Brabant,4818ST,nan,Anouk van Nijnatten,info@vandersande.nl,NVM,Realworks,21-08-2018,aug.-2018,Nee,Sales,Jelle,JP,✓,Ja gedeeltelijk,,,Aangemeld,,,,,,,,
2211,62095,Beste Prijs Makelaars,Eindhoven,Noord-Brabant,5614BN,32,Wim Lamot,info@lamotmakelaars.nl,Onafhankelijk,,22-08-2018,aug.-2018,Nee,Sales,Jelle,Jelle,IAV,IAV,,,,,,,,,,,
2212,55981,Carla Frissen Vastgoed,Bunde,Limburg,6241ND,33,Carla Frissen,info@carlafrissenvastgoed.nl,VBO,Estate Ware,22-08-2018,aug.-2018,Nee,Sales,Jelle,Jelle,✓,Ja compleet,Ja,Ja actief en compleet,Aangemeld,,,,,,,,
2213,48786,Hauzer & Partners Makelaardij,Venlo,Limburg,5916PJ,11A,Femke Steegh,info@hauzerenpartners.com,NVM,Realworks,22-08-2018,aug.-2018,Nee,Sales,Jelle,Jelle,✓,Ja compleet,Ja,Ja actief en compleet,Aangemeld,,,,,,,,
2214,53374,Casco Makelaars ,Middelburg,Zeeland,4335BG,nan,Rachel Tramper,info@cascomakelaars.nl,NVM,Realworks,22-08-2018,aug.-2018,Nee,Sales,Jelle,Jelle,✓,Ja gedeeltelijk,Ja,Ja nog niet compleet,Aangemeld,,,,,,,,
2215,53961,Clingendael Makelaardij,Voorschoten,Zuid-Holland,2251BG,95,Patrick,info@clingendaelvoorschoten.nl,VBO,Goes&Roos,23-08-2018,aug.-2018,Nee,Sales,JP,JP,IAV,IAV,,,,,,,,,,,
2216,56350,Van Baerle Makelaars,Amsterdam,Noord-Holland,1071BH,164,,amsterdam@vanbaerlemakelaars.nl,NVM,Realworks,23-08-2018,aug.-2018,Nee,Sales,JP,JP,✓,Ja compleet,Ja,Ja actief en compleet,Aangemeld,,,,,,,,
2217,55616,Van de Water groep Oosterhout,Oosterhout (nb),Noord-Brabant,4901JA,22-24,Fons van de Water,makelaardij@vandewatergroep.nl,NVM,Realworks,23-08-2018,aug.-2018,Nee,Sales,Jelle,Jelle,✓,Ja compleet,Ja,Ja actief en compleet,Verstuurd,,,Ja,Ja DvD,1-9-2018,https://www.vandewatergroep.nl/,https://www.pararius.nl/,
2218,55700,Van de Water groep Breda,Breda,Noord-Brabant,4811HL,91,Fons van de Water,breda@vandewatergroep.nl,NVM,Realworks,23-08-2018,aug.-2018,Nee,Sales,Jelle,Jelle,✓,Ja compleet,Ja,Ja actief en compleet,Verstuurd,,,,,,,,
2219,55656,Van de Water groep Tilburg,Tilburg,Noord-Brabant,5037LG,368,Fons van de Water,tilburg@vandewatergroep.nl,NVM,Realworks,23-08-2018,aug.-2018,Nee,Sales,Jelle,Jelle,✓,Ja compleet,Ja,Ja actief en compleet,Verstuurd,,,,,,,,
2220,52227,Kamps & de Vries Makelaars,Groningen,Groningen,9724EK,15,Tessa de Haan,info@kdvk.nl,NVM,Realworks,23-08-2018,aug.-2018,Nee,Sales,JP,JP,✓,Ja compleet,Ja,Ja actief en compleet,Aangemeld,,,Ja,Ja DvD,8-10-2018,https://www.kdvk.nl/,https://www.pararius.nl/makelaars/groningen/kamps-de-vries-makelaars,
2221,49074,Korsten Makelaardij,Veghel,Noord-Brabant,5461ED,24,Anouschka van Giersbergen,info@korsten.nl,NVM,Realworks,23-08-2018,aug.-2018,Nee,Sales,Jelle,Jelle,✓,Ja compleet,Ja,Ja actief en compleet,Aangemeld,,,,,,,,
2222,53711,Noud Kops Makelaardij en Verzekeringen,Oosterhout (nb),Noord-Brabant,4901HC,57,Arne Kops,info@noudkopsmakelaardij.nl,NVM,Realworks,24-08-2018,aug.-2018,Nee,Sales,Jelle,Jelle,✓,Ja compleet,Ja,Ja actief en compleet,Aangemeld,,3,,,,,,
2223,62076,Pater Makelaardij Voorthuizen,Voorthuizen,Gelderland,3781PL,112a,Elbert Pater,info@patermakelaardij.nl,Onafhankelijk,Direct,24-08-2018,aug.-2018,Nee,Sales,Jelle,Jelle,IAV,IAV,,,,,,,,,,,
2224,62106,Rikken Makelaardij,Haarlem,Noord-Holland,2032GL,40,,info@rikken-makelaardij.nl,VastgoedPRo,Skarabee,24-08-2018,aug.-2018,Nee,Koppeling,JP,Dave,✓,Ja compleet,Ja,Ja actief en compleet,Aangemeld,,,,,,,,
2225,57098,Carpe Diem Makelaardij,Dronten,Flevoland,8254KC,19,Nathelie Minkman,info@carpediemmakelaardij.nl,VBO,Venum,24-08-2018,aug.-2018,Nee,Sales,JP,JP,✓,Ja compleet,Ja,Ja actief en compleet,Aangemeld,,,Ja,Ja DvD,4-9-2018,https://www.carpediemmakelaardij.nl/,https://www.pararius.nl/koopwoningen/,
2226,62105,Noaber,Okkenbroek,Overijssel,7435PG,7,,info@noaber.nu,VastgoedPRo,Skarabee,24-08-2018,aug.-2018,Nee,Koppeling,Philip,Dave,✓,IAV,,,,,,,,,,,
2227,61695,Van Rossum Makelaardij Middelharnis,Middelharnis,Zuid-Holland,3241AA,3,Albert van Rossum,info@vrmakelaardij.nl,NVM,Realworks,24-08-2018,aug.-2018,Nee,Sales,Jelle,Jelle,✓,Ja compleet,Ja,Ja actief en compleet,Verstuurd,,,,,,,,
2228,62107,Van Rossum Makelaardij Ouddorp,Ouddorp (zh),Zuid-Holland,3253AC,21,Albert van Rossum,info@vrmakelaardij.nl,NVM,Realworks,24-08-2018,aug.-2018,Nee,Sales,Jelle,Jelle,✓,Ja compleet,Ja,Ja actief en compleet,Verstuurd,,,,,,,,
2229,53106,Floberg Makelaardij Bussum,Bussum,Noord-Holland,1404ET,18A,Susanne Vredendui,info@flobergbussum.nl,NVM,Goes&Roos,27-08-2018,aug.-2018,Nee,Sales,JP,JP,✓,Ja compleet,Ja,Ja actief en compleet,Verstuurd,,,Ja,Ja DvD,19-10-2018,http://bussum.floberg.nl/,https://www.pararius.nl/makelaars/bussum/floberg-makelaardij-bussum,
2230,62108,Saltus Taxaties,Katwijk (zh),Zuid-Holland,2221PG,28,Pieter Kuijt,info@saltustaxaties.nl,VBO,Venum,27-08-2018,aug.-2018,Ja,Sales,JP,JP,✓,Ja compleet,Ja,Ja actief en compleet,Aangemeld,Ja,,,,,,,
2231,52343,MaMaison Makelaars,Wateringen,Zuid-Holland,2291DX,1,Marien Klein Bretener,info@mamaisonmakelaars.nl,VBO,Venum,27-08-2018,aug.-2018,Nee,Sales,JP,JP,✓,Ja gedeeltelijk,,,Aangemeld,,,,,,,,
2232,49286,LaCle Makelaars,Den Haag,Zuid-Holland,2563HA,145,Kim van Ginkel,info@lacle.nl,VBO,Venum,27-08-2018,aug.-2018,Nee,Sales,JP,JP,✓,Ja gedeeltelijk,,,Aangemeld,,,,,,,,
2233,62109,Internetmakelaars Deventer,Deventer,Overijssel,,,,deventer@internetmakelaars.nl,NVM,Goes&Roos,27-08-2018,aug.-2018,Nee,Sales,Philip,Jelle,IAV,IAV,,,,,,,,,,,
2234,56208,SH Consultancy,Lunteren,Gelderland,6741KE,61,Silvia Heikamp,info@shconsultancy.nl,Onafhankelijk,Eye Move,27-08-2018,aug.-2018,Nee,Sales,Philip,Jelle,IAV,IAV,,,,,,,,,,,
2235,49171,Van Musscher & Sonneveld Makelaars,Oosterbeek,Gelderland,6862AP,126,Lilian Mooren,info@vmsmakelaars.nl,NVM,Realworks,27-08-2018,aug.-2018,Nee,Sales,Philip,Jelle,✓,Ja compleet,Ja,Ja actief en compleet,Aangemeld,,,,,,,,
2236,54125,Heemborgh Makelaars Sassenheim,Sassenheim,Zuid-Holland,2171BE,271,Sophie Kühne,Sassenheim@heemborgh.nl,NVM,Realworks,27-08-2018,aug.-2018,Nee,Sales,JP,JP,✓,Ja compleet,Ja,Ja actief en compleet,Verstuurd,,,,,,,,
2237,51383,Heemborgh Makelaars Hillegom,Hillegom,Zuid-Holland,2181EH,142,Remy Kok,Hillegom@heemborgh.nl,NVM,Realworks,27-08-2018,aug.-2018,Nee,Sales,JP,JP,IAV,IAV,,,,,,,,,,,
2238,54123,Heemborgh Makelaars Bennebroek,Bennebroek,Noord-Holland,2121AE,22,Jan-Hein Rhee,Bennebroek@heemborgh.nl,NVM,Realworks,27-08-2018,aug.-2018,Nee,Sales,JP,JP,✓,Ja compleet,Ja,Ja actief en compleet,Aangemeld,,,,,,,,
2239,55970,Van Huis Uit Makelaars,Amsterdam,Noord-Holland,1054MG,149H,Sijmon,info@vanhuisuit-makelaars.nl,VBO,Venum,28-08-2018,aug.-2018,Nee,Sales,JP,JP,✓,Ja compleet,Ja,Ja actief en compleet,Aangemeld,,,,,,,,
2240,62111,Van Bussel Woningmakelaardij,Vaassen,Gelderland,8171BS,60A,Daniel van Bussel,info@vanbusselmakelaars.nl,NVM,Goes&Roos,28-08-2018,aug.-2018,Nee,Sales,Philip,Jelle,IAV,IAV,,,,,,,,,,,
2241,49285,Huys Makelaars,Hoogeveen,Drenthe,7907CB,87,Bert Jonkman,info@huysmakelaars.nl,VBO,Venum,28-08-2018,aug.-2018,Nee,Sales,Philip,JP,✓,Ja compleet,Ja,Ja actief en compleet,Aangemeld,,,,,,,,
2242,61697,De Huizenbemiddelaar Ede,Ede (GLD),Gelderland,6718DB,29,Arjo van Stam,ede@dehuizenbemiddelaar.nl,VBO,Direct,28-08-2018,aug.-2018,Nee,Sales,Philip,Jelle,✓,Ja compleet,Ja,Ja actief en compleet,Aangemeld,,,,,,,,
2243,61854,Househunting Zwolle,Zwolle,Overijssel,8043GJ,1,Okko Veen,okko.veen@househunting.nl,Onafhankelijk,Venum,28-08-2018,aug.-2018,Nee,Sales,Philip,JP,✓,IAV,,,,,,,,,,,
2244,59663,Johan Kuiper Makelaardij,Havelte,Drenthe,7971EJ,4,Johan Kuiper,info@johankuipermakelaardij.nl,VBO,Venum,28-08-2018,aug.-2018,Nee,Sales,Philip,JP,✓,Ja compleet,Ja,Ja actief en compleet,Aangemeld,,,,,,,,
2245,49302,Stad en Zeeland Makelaars,Goes,Zeeland,4461HV,13,Lennart van Wallenburg,info@stadenzeeland.nl,NVM,Realworks,28-08-2018,aug.-2018,Nee,Sales,Jelle,Jelle,✓,Ja compleet,Ja,Ja actief en compleet,Verstuurd,,,Ja,Ja DvD,10-9-2018,https://www.stadenzeeland.nl/,https://www.pararius.nl/,
2246,61969,Kolker Daleman & De Jong Makelaar,Groningen,Groningen,9711HN,152,Patrick,info@kddj.nl,VBO,Venum,29-08-2018,aug.-2018,Nee,Sales,JP,JP,✓,Ja compleet,Ja,Ja actief en compleet,,,,,,,,,
2247,49199,Bell Makelaardij,Velp (gld),Gelderland,6881ML,31,Diane Bell,info@bellmakelaardij.nl,VBO,Kolibri,29-08-2018,aug.-2018,Nee,Sales,Philip,Jelle,✓,Ja compleet,Ja,Ja actief en compleet,Aangemeld,,,,,,,,
2248,48858,050 Vastgoed,Groningen,Groningen,9724AG,17,Antal Veldsink,antalveldsink@050vastgoed.nl,VBO,Kolibri,29-08-2018,aug.-2018,Nee,Sales,JP,Jelle,✓,Ja compleet,Ja,Ja actief en compleet,Aangemeld,,,,,,,,
2249,62114,Internetmakelaars Zwolle,Zwolle,Overijssel,8011VM,21,Anne Marie Sampon,zwolle@internetmakelaars.nl,NVM,Goes&Roos,29-08-2018,aug.-2018,Nee,Sales,Philip,Jelle,IAV,IAV,,,,,,,,,,,
2250,49426,Amstelland Makelaars,Amsterdam,Noord-Holland,1017LD,750,,info@amstellandmakelaars.nl,VBO,Venum,29-08-2018,aug.-2018,Nee,Sales,JP,JP,✓,Ja compleet,Ja,Ja actief en compleet,Aangemeld,,,,,,,,
2251,50361,Rentmeesterskantoor Noordanus & Partners,Apeldoorn,Gelderland,7325DZ,580,Maarten Wilschut,info@noordanuspartners.nl,Onafhankelijk,Goes&Roos,29-08-2018,aug.-2018,Nee,Sales,Philip,Jelle,✓,Ja compleet,Ja,Ja actief en compleet,Aangemeld,,,,,,,,
2252,50124,Blijdorp Makelaardij,Rotterdam,Zuid-Holland,3021XM,127,Lisanne Velickovic-Klaver,info@blijdorpmakelaardij.nl,VBO,Venum,29-08-2018,aug.-2018,Nee,Sales,JP,JP,✓,Ja compleet,Ja,Ja actief en compleet,Aangemeld,,,,,,,,
2253,59004,Delfshaven Makelaardij,Rotterdam,Zuid-Holland,3021XM,127,Lisanne Velickovic-Klaver,info@delfshavenmakelaardij.nl,VBO,Venum,29-08-2018,aug.-2018,Nee,Sales,JP,JP,✓,Ja compleet,Ja,Ja actief en compleet,Aangemeld,,,,,,,,
2254,54245,Kocken Makelaars,Purmerend,Noord-Holland,1441DE,1,Wim Kocken,info@kocken.nl,NVM,Realworks,29-08-2018,aug.-2018,Nee,Sales,JP,JP,✓,Ja compleet,Ja,Ja actief en compleet,Verstuurd,,,Ja,Ja DvD,2-11-2018,https://www.kocken.nl/,https://www.pararius.nl/makelaars/purmerend/kocken-makelaars,
2255,53519,Hoogdalem Makelaardij,Zevenbergen,Noord-Brabant,4761AH,22,Jasper van Hoogdalem,info@hoogdalem-makelaardij.nl,NVM,Realworks,29-08-2018,aug.-2018,Nee,Sales,Jelle,Jelle,✓,Ja compleet,Ja,Ja actief en compleet,Aangemeld,,,,,,,,
2256,62112,Wittewoning Makelaars Zuidlaren,Zuidlaren,Drenthe,,,,Zuidlaren@wittewoningmakelaars.nl,VBO,Pararius Office,30-08-2018,aug.-2018,Nee,Sales,Philip,JP,✓,Ja compleet,Ja,Ja nog niet compleet,,,,,,,,,
2257,48780,Makelaardij TH. Van der Laan,Leek,Groningen,9351AA,3,Jan van der Laan,info@makelaardijvanderlaan.nl,VBO,Kolibri,30-08-2018,aug.-2018,Nee,Sales,JP,Jelle,x,Nee,,,,,,,,,,,
2258,49501,Dingemanse Makelaars,Middelburg,Zeeland,4331NT,8,Lian Gelten,lian@dingemansemakelaars.nl,NVM,Realworks,30-08-2018,aug.-2018,Nee,Sales,Jelle,Jelle,✓,Ja compleet,Ja,Ja actief en compleet,Aangemeld,,,,,,,,
2259,54792,Van Vliet Makelaardij,Apeldoorn,Gelderland,7313GT,1,Meindert van Vliet,info@vanvlietmakelaardij.nl,NVM,Realworks,30-08-2018,aug.-2018,Nee,Sales,Philip,Jelle,✓,Ja geen aanbod,,,,,,,,,,,
2260,50317,Cocq Makelaars,Amsterdam,Noord-Holland,1072EV,65HS,Mitchel,info@cocqmakelaars.nl,NVM,Kolibri,31-08-2018,aug.-2018,Nee,Sales,JP,JP,✓,Ja compleet,Ja,Ja actief en compleet,Aangemeld,,,,,,,,
2261,54617,SEM Makelaars,Amsterdam,Noord-Holland,1098KT,89,Willem Schilder,info@semmakelaars.nl,NVM,Realworks,31-08-2018,aug.-2018,Nee,Sales,JP,JP,✓,Ja compleet,Ja,Ja actief en compleet,Aangemeld,,,,,,,,
2262,62122,Thuis-Totaal,Heemstede,Noord-Holland,2103VR,9,Angelo,info@thuis-totaal.nl,Onafhankelijk,Goes&Roos,4-9-2018,sep.-2018,Nee,Koppeling,JP,Dave,✓,Ja compleet,Ja,Ja actief en compleet,Verstuurd,,,,,,,,
2263,61972,VasteState,Rotterdam,Zuid-Holland,3011TG,100,,info@vastestate.nl,Onafhankelijk,Pararius Office,4-9-2018,sep.-2018,Nee,Koppeling,JP,Dave,✓,Ja compleet,Ja,Ja actief en compleet,Aangemeld,,,,,,,,
2264,62121,Erik Oerlemans NVM Makelaardij,Almere,Flevoland,1325RR,192,Rene Mahieu,info@oerlemansmakelaardij.nl,NVM,Realworks,4-9-2018,sep.-2018,Ja,Mailing,JP,Dave,✓,Ja compleet,Ja,Ja actief en compleet,Aangemeld,Ja,,,,,,,
2265,62075,Rijk Taxateurs | Adviseurs | Rentmeester,Kruiningen,Zeeland,4416AE,54,Elise,info@advieskantoorrijk.nl,NVM,Realworks,4-9-2018,sep.-2018,Nee,Sales,Jelle,Jelle,✓,Ja compleet,Ja,Ja actief en compleet,Aangemeld,,,,,,,,
2266,62125,Simak de Startersmakelaar in Helmond,Helmond,Noord-Brabant,5701JW,10f,Alex Ruwers,info@simak.nl,Onafhankelijk,Kolibri,5-9-2018,sep.-2018,Nee,Sales,Jelle,Jelle,✓,Ja compleet,Ja,Ja actief en compleet,,,,Ja,Ja DvD,13-9-2018,https://www.simak.nl/,https://www.pararius.nl/,
2267,51461,Bert Beukema Makelaardij,Veenoord,Drenthe,7844NG,60b,Bert Beukema,info@bertbeukemamakelaardij.nl,NVM,Realworks,6-9-2018,sep.-2018,Ja,Sales,Philip,Jelle,✓,Ja compleet,Ja,Ja actief en compleet,Aangemeld,Ja,,,,,,,
2268,62131,Schieland Borsboom NVM Makelaars Zoetermeer,Zoetermeer,Zuid-Holland,2712HB,31,Morten Heres,info@schielandborsboom.nl,NVM,Realworks,6-9-2018,sep.-2018,Ja,Sales,JP,JP,✓,Ja compleet,Ja,Ja actief en compleet,Aangemeld,Ja,,,,,,,
2269,52956,Schieland Borsboom NVM Makelaars Den Haag,Den Haag,Zuid-Holland,2496TC,364,Morten Heres,info@schielandborsboom.nl,NVM,Realworks,6-9-2018,sep.-2018,Ja,Sales,JP,JP,✓,Ja compleet,Ja,Ja actief en compleet,Aangemeld,Ja,,,,,,,
2270,62129,Schieland Borsboom NVM Makelaars Rotterdam,Rotterdam,Zuid-Holland,3011KA,12,Morten Heres,info@schielandborsboom.nl,NVM,Realworks,6-9-2018,sep.-2018,Ja,Sales,JP,JP,✓,Ja compleet,Ja,Ja actief en compleet,Aangemeld,Ja,,,,,,,
2271,62132,Stad en Land Makelaardij Doornenburg,Doornenburg,Gelderland,6686MJ,79,Wim Stuit,wimtuit@stadenlandmakelaardij.nl,NVM,Realworks,6-9-2018,sep.-2018,Nee,Sales,Philip,Jelle,✓,Ja gedeeltelijk,Ja,Ja nog niet compleet,Aangemeld,,,,,,,,
2272,54826,VLIEG Alkmaar,Alkmaar,Noord-Holland,1812RB,7,Nunzia de Jong,alkmaar@vlieg.nl,NVM,Realworks,6-9-2018,sep.-2018,Nee,Sales,JP,JP,✓,Ja compleet,Ja,Ja actief en compleet,Verstuurd,,,,,,,,
2273,62134,VLIEG Amstelveen,Amstelveen,Noord-Holland,1181GZ,164,Manon Warger,amstelveen@vlieg.nl,NVM,Realworks,6-9-2018,sep.-2018,Nee,Sales,JP,JP,✓,Ja compleet,Ja,Ja actief en compleet,Verstuurd,,,,,,,,
2274,53087,VLIEG Amsterdam,Amsterdam,Noord-Holland,1011MJ,223b,Desiree van Rooij,amsterdam@vlieg.nl,NVM,Realworks,6-9-2018,sep.-2018,Nee,Sales,JP,JP,✓,Ja compleet,Ja,Ja actief en compleet,Verstuurd,,,,,,,,
2275,54827,VLIEG Bergen,Bergen (nh),Noord-Holland,1861JT,16a,Marijke van der Salm,bergen@vlieg.nl,NVM,Realworks,6-9-2018,sep.-2018,Nee,Sales,JP,JP,✓,Ja compleet,Ja,Ja actief en compleet,Verstuurd,,,,,,,,
2276,54079,VLIEG Haarlem,Haarlem,Noord-Holland,2033MV,269,Barbara Kranenburg,haarlem@vlieg.nl,NVM,Realworks,6-9-2018,sep.-2018,Nee,Sales,JP,JP,✓,Ja compleet,Ja,Ja actief en compleet,Verstuurd,,,,,,,,
2277,49208,VLIEG Heerhugowaard,Heerhugowaard,Noord-Holland,1703WD,25,Gea Sloeker,heerhugowaard@vlieg.nl,NVM,Realworks,6-9-2018,sep.-2018,Nee,Sales,JP,JP,✓,Ja compleet,Ja,Ja actief en compleet,Verstuurd,,,,,,,,
2278,49216,VLIEG Hoofddorp,Hoofddorp,Noord-Holland,2132CS,1031,Eva Venema,hoofddorp@vlieg.nl,NVM,Realworks,6-9-2018,sep.-2018,Nee,Sales,JP,Jelle,✓,Ja compleet,Ja,Ja actief en compleet,Verstuurd,,,,,,,,
2279,49784,VLIEG Schagen,Schagen,Noord-Holland,1741AA,2,Danielle Teunissen,schagen@vlieg.nl,NVM,Realworks,6-9-2018,sep.-2018,Nee,Sales,JP,Jelle,✓,Ja compleet,Ja,Ja actief en compleet,Verstuurd,,,,,,,,
2280,54828,VLIEG Zaandam,Zaandam,Noord-Holland,1506EC,73,Mariken Hendriks,zaandam@vlieg.nl,NVM,Realworks,6-9-2018,sep.-2018,Nee,Sales,JP,Jelle,✓,Ja compleet,Ja,Ja actief en compleet,Verstuurd,,,,,,,,
2281,62135,Internetmakelaars Brabant,Tilburg,Noord-Brabant,,,,brabant@internetmakelaars.nl,NVM,Goes&Roos,7-9-2018,sep.-2018,Nee,Sales,Jelle,Jelle,✓,IAV,,,,,,,,,,,
2282,62126,De Huizenbemiddelaar Alphen aan den Rijn,Alphen aan den Rijn,Zuid-Holland,2404XG,54,Han Jansen,alphen@dehuizenbemiddelaar.nl,VBO,Direct,10-9-2018,sep.-2018,Nee,Sales,JP,JP,✓ Directe XML (niet via KA),Ja compleet,Ja,Ja actief en compleet,Aangemeld,,,,,,,,
2283,52090,Amstel Housing Breda,Breda,Noord-Brabant,4811ND,41a,,breda@amstelhousing.nl,Onafhankelijk,Pararius Office,11-9-2018,sep.-2018,Nee,Koppeling,Jelle,Dave,✓,Ja compleet,Ja,Ja actief en compleet,Aangemeld,,,,,,,,
2284,52095,Amstel Housing Utrecht,Utrecht,Utrecht,3502JC,5129,,utrecht@amstelhousing.nl,Onafhankelijk,Pararius Office,11-9-2018,sep.-2018,Nee,Koppeling,Jelle,Dave,✓,Ja compleet,Ja,Ja actief en compleet,Aangemeld,,,,,,,,
2285,48792,Mijn Makelaar Rijssen,Rijssen,Overijssel,7463PC,1,Daan Gerritsen,rijssen@mijnmakelaar.nl,NVM,Realworks,11-9-2018,sep.-2018,Nee,Sales,Philip,Jelle,✓,Ja compleet,Ja,Ja actief en compleet,Aangemeld,,,,,,,,
2286,49533,De Dobbelaere Makelaars,Oostburg,Zeeland,4501BM,8.01,Anne Marie Sampson,info@dedobbelaere.nl,NVM,Realworks,11-9-2018,sep.-2018,Nee,Sales,Jelle,Jelle,✓,Ja compleet,Ja,Ja actief en compleet,Aangemeld,,,,,,,,
2287,52566,IB Makelaars,Diemen,Noord-Holland,1111JD,10,Marvin van Rijn,marvin@ibmakelaars.nl,VastgoedPRo,Realworks,11-9-2018,sep.-2018,Nee,Sales,JP,Dave,✓,Ja compleet,Ja,Ja actief en compleet,Aangemeld,,,Ja,Ja DvD,18-9-2018,https://www.ibmakelaars.nl/,https://www.pararius.nl/,
2288,50654,Pikeur Makelaars,Lochem,Gelderland,7241AR,21B,Alexander Witsmeer,info@pikeurmakelaars.nl,NVM,Realworks,11-9-2018,sep.-2018,Nee,Sales,Philip,Jelle,✓,Ja geen aanbod,,,,,,,,,,,
2289,52613,De Huisadviseur Maastricht,Maastricht,Limburg,6211PJ,140,Francois,maastricht@huisadviseur.com,Onafhankelijk,Pararius Office,12-9-2018,sep.-2018,Nee,Koppeling,Jelle,Dave,✓,Ja compleet,Ja,Ja actief en compleet,Aangemeld,,,,,,,,
2290,52504,TH van Casteren Makelaardij,Schaijk,Noord-Brabant,5374BG,39B,Maaike Verstraten,makelaardij@vancasteren.nl,NVM,Realworks,12-9-2018,sep.-2018,Ja,Sales,Jelle,Jelle,✓,Ja compleet,Ja,Ja actief en compleet,Aangemeld,Ja,,,,,,,
2291,61956,A-Leisure,Goes,Zeeland,4461HV,13,Lennart van Wallenburg,mail@aleisure.nl,NVM,Realworks,12-9-2018,sep.-2018,Nee,Sales,Jelle,Jelle,✓,Ja compleet,Ja,Ja actief en compleet,Aangemeld,,,,,,,,
2292,49978,MR Makelaardij,Oosterhout (nb),Noord-Brabant,4902AR,1,Marjoleine Rinsma,info@mrmakelaardij.nl,NVM,Realworks,13-9-2018,sep.-2018,Nee,Sales,Jelle,Jelle,✓,Ja compleet,Ja,Ja actief en compleet,Aangemeld,,,,,,,,
2293,61896,Stad en Land Makelaardij Arnhem,Arnhem,Gelderland,6814ME,125,Rita Diets,ritadiets@stadenlandmakelaardij.nl,NVM,Realworks,14-9-2018,sep.-2018,Nee,Sales,Philip,Jelle,✓,Ja gedeeltelijk,Ja,Ja nog niet compleet,Aangemeld,,,,,,,,
2294,54085,Gaby Payens Makelaars,Beek Ubbergen,Gelderland,6573XW,16,Gaby Payens,info@gabypayensmakelaars.nl,NVM,Realworks,14-09-2018,sep.-2018,Nee,Sales,Philip,Philip,✓,Ja geen aanbod,Ja,Ja nog niet actief,,,,,,,,,
2295,61512,Bob! Makelaardij,Amsterdam,Noord-Holland,1076DE,24,Bob Cordfunke,info@bob-makelaardij.nl,VastgoedPRo,Pyber,17-9-2018,sep.-2018,Nee,Sales,JP,JP,✓,Ja compleet,Ja,Ja actief en compleet,Aangemeld,,,,,,,,
2296,50581,Hypodomus Amsterdam,Amsterdam,Noord-Holland,1098TK,89,Daan Eckhart,amsterdam@hypodomus.nl,NVM,Realworks,17-9-2018,sep.-2018,Nee,Sales,JP,JP,✓,Ja geen aanbod,,,,,,,,,,,
2297,61567,Fundament Makelaars,Leusden,Utrecht,3833LD,12,Reinier Veenendaal,mailons@fundamentmakelaars.nl,NVM,Goes&Roos,19-9-2018,sep.-2018,Ja,Sales,Jelle,Jelle,✓,Ja compleet,Ja,Ja actief en compleet,Aangemeld,Ja,,Ja,Ja DvD,2-10-2018,http://www.fundamentmakelaars.nl/,https://www.pararius.nl/,
2298,62150,Internetmakelaars Friesland,Grou,Friesland,8932 NX,4,,friesland@woonaccent.nl,NVM,Goes&Roos,19-9-2018,sep.-2018,Nee,Sales,JP,JP,IAV,IAV,,,,,,,,,,,
2299,54583,RMA VERECOS Makelaardij,Bunnik,Utrecht,3981EB,47,Ad van de Griendt,info@rmaverecos.nl,NVM,Realworks,19-9-2018,sep.-2018,Ja,Sales,Jelle,Jelle,✓,Ja compleet,Ja,Ja actief en compleet,Aangemeld,Ja,,,,,,,
2300,54438,Michiel Koudijs Makelaardij,Naarden,Noord-Holland,1411CT,2,Sylvia,info@michielkoudijs.nl,NVM,Realworks,19-9-2018,sep.-2018,Ja,Sales,JP,JP,✓,Ja compleet,Ja,Ja actief en compleet,Aangemeld,Ja,,,,,,,
2301,56161,Maintain Makelaars,Waalre,Noord-Brabant,5582HT,34,Leon Elias,info@maintain.nu,NVM,Realworks,19-9-2018,sep.-2018,Nee,Sales,Jelle,Jelle,✓,Ja gedeeltelijk,,,Aangemeld,,,,,,,,
2302,53988,De Leeuw Makelaardij Sassenheim,Sassenheim,Zuid-Holland,2171BN,220,IAV,IAV,NVM,Realworks,19-9-2018,sep.-2018,Ja,Sales,JP,JP,IAV,IAV,,,,Ja,,,,,,,
2303,53989,De Leeuw Makelaardij Leiden,Leiden,Zuid-Holland,2312CK,4,IAV,IAV,NVM,Realworks,19-9-2018,sep.-2018,Ja,Sales,JP,JP,IAV,IAV,,,,Ja,,,,,,,
2304,53987,De Leeuw Makelaardij Rijnsburg,Rijnsburg,Zuid-Holland,2231AG,100,IAV,IAV,NVM,Realworks,19-9-2018,sep.-2018,Ja,Sales,JP,JP,IAV,IAV,,,,Ja,,,,,,,
2305,53990,De Leeuw Makelaardij Katwijk,Katwijk (zh),Zuid-Holland,2225GR,14,IAV,IAV,NVM,Realworks,19-9-2018,sep.-2018,Ja,Sales,JP,JP,IAV,IAV,,,,Ja,,,,,,,
2306,54729,Van der Borden Makelaardij Castricum,Castricum,Noord-Holland,1901EG,58,Ted Cobelens,castricum@vanderborden.nl,NVM,Realworks,19-9-2018,sep.-2018,Ja,Mailing,JP,JP,✓,Ja compleet,Ja,Ja actief en compleet,Aangemeld,Ja,,,,,,,
2307,62157,Deelen Makelaars,Soest,Utrecht,3764CL,47,Rob Emmen,soest@deelen.nl,NVM,Goes&Roos,20-9-2018,sep.-2018,Nee,Sales,Jelle,Jelle,✓,Ja compleet,Ja,Ja actief en compleet,Aangemeld,,,,,,,,
2308,62156,De Makelaers,Amsterdam,Noord-Holland,1055RZ,82,David van de Wetering,info@demakelaers.nl,NVM,Realworks,20-9-2018,sep.-2018,Ja,Mailing,JP,Dave,✓,Ja compleet,Ja,Ja actief en compleet,Aangemeld,Ja,,,,,,,
2309,51001,Woonschuijt Makelaardij,Zevenbergen,Noord-Brabant,4761CK,12,Albert Roovers,albert@woonschuijt.nl,NVM,Realworks,20-9-2018,sep.-2018,Nee,Sales,Jelle,Jelle,✓,Ja compleet,Ja,Ja actief en compleet,Aangemeld,,,,,,,,
2310,54626,"Slütter, Wichgers & Visschers Makelaardij o.g. en assurantiën",Zutphen,Gelderland,7204KP,33,Jacqueline Runneboom,info@s-w-v.nl,VastgoedPRo,Realworks,20-9-2018,sep.-2018,Nee,Sales,Philip,Philip,✓,Ja compleet,Ja,Ja actief en compleet,Aangemeld,,,Ja,Ja DvD,11-10-2018,http://www.s-w-v.nl/,https://www.pararius.nl/,
2311,52463,Ik wil een makelaar,Hoogeveen,Drenthe,7901LA,30,Sandra Scholten,sandra@ikwileenmakelaar.nl,Onafhankelijk,Realworks,20-9-2018,sep.-2018,Nee,Sales,Philip,Philip,✓,Ja compleet,Ja,Ja actief en compleet,Verstuurd,,,Ja,Ja DvD,14-12-2018,http://www.ikwileenmakelaar.nl/informatie/partners/,https://www.pararius.nl/makelaars/hoogeveen/ik-wil-een-makelaar,
2312,49779,MAARTENMakelaardij Rotterdam,Rotterdam,Zuid-Holland,3071NK,121,Herjan Rook,info@maartenmakelaardij.nl,VBO,Realworks,20-9-2018,sep.-2018,Nee,Sales,JP,JP,✓,Ja gedeeltelijk,,,,,,,,,,,
2313,62160,MAARTENMakelaardij Drechtsteden,Dordrecht,Zuid-Holland,3311KJ,18,Herjan Rook,drechtsteden@maartenmakelaardij.nl,VBO,Realworks,20-9-2018,sep.-2018,Nee,Sales,Jelle,Jelle,✓,Ja geen aanbod,,,,,,,,,,,
2314,48953,Otten Makelaardij,Hoogeveen,Drenthe,7902EA,19,Ronald Otten,info@ottenmakelaardij.nl,NVM,Goes&Roos,21-9-2018,sep.-2018,Nee,Sales,Philip,Philip,✓,Ja compleet,Ja,Ja actief en compleet,Aangemeld,,,,,,,,
2315,52532,Riemke Wisse Makelaardij,Winterswijk Kotten,Gelderland,7107AW,1,Riemke Wisse,info@riemkewissemakelaardij.nl,NVM,Realworks,21-9-2018,sep.-2018,Nee,Sales,Philip,Philip,✓,Ja compleet,Ja,Ja actief en compleet,Aangemeld,,,,,,,,
2316,53890,Bestion Makelaars,Best,Noord-Brabant,5682AH,28,Gerard vd Heijden,info@bestion.nl,NVM,Realworks,21-9-2018,sep.-2018,Nee,Sales,Jelle,Jelle,✓,Ja compleet,Ja,Ja actief en compleet,Aangemeld,,,,,,,,
2317,62164,Housing Ter Veer,Eindhoven,Noord-Brabant,5672PM,31,Harry Ter Veer,info@housing-terveer.nl,Onafhankelijk,Pararius Office,24-9-2018,sep.-2018,Nee,Koppeling,Jelle,Dave,✓,Ja compleet,Ja,Ja actief en compleet,,,,,,,,,
2318,55555,Bart van Steen Makelaardij,Zwolle,Overijssel,8025AR,10,Bart van Steen,info@bartvansteen.nl,NVM,Goes&Roos,24-9-2018,sep.-2018,Nee,Sales,Philip,Philip,✓,Ja compleet,Ja,Ja actief en compleet,Aangemeld,,,,,,,,
2319,54637,Spuesens Makelaardij,Axel,Zeeland,4571HK,69,Ingeborg Spuesens,info@spuesensmakelaardij.nl,NVM,Realworks,24-9-2018,sep.-2018,Nee,Sales,Jelle,Jelle,✓,Ja gedeeltelijk,Ja,Ja nog niet compleet,Aangemeld,,,,,,,,
2320,54503,Partner Wonen,Uden,Noord-Brabant,5404LB,149,Danielle Mollen,info@partnerwonen.nl,NVM,Realworks,24-9-2018,sep.-2018,Nee,Sales,Jelle,Jelle,✓,Ja compleet,Ja,Ja actief en compleet,Aangemeld,,,,,,,,
2321,50416,Nieuwenhuis Makelaardij,Wierden,Overijssel,7641AT,9,Henk Nieuwenhuis,info@nieuwenhuismakelaardij.nl,VastgoedPRo,Skarabee,25-9-2018,sep.-2018,Nee,Sales,Philip,Philip,✓,Ja gedeeltelijk,,,Aangemeld,,,,,,,,
2322,49297,Postma Makelaars,Deventer,Overijssel,7411CJ,26,Cecilla Kouwer,info@postma.nl,NVM,Realworks,26-9-2018,sep.-2018,Nee,Sales,Philip,Philip,✓,Ja compleet,Ja,Ja actief en compleet,,Ja,9,,,,,,
2323,62115,vanDaan Makelaardij,Etten Leur,Noord-Brabant,4871CA,5,Danielle Tusschenbroek,mail@vandaanmakelaardij.nl,VastgoedPRo,Realworks,26-9-2018,sep.-2018,Nee,Sales,Jelle,Jelle,✓,Ja compleet,Ja,Ja actief en compleet,Aangemeld,,1,Ja,Ja DvD,2-10-2018,https://www.vandaanmakelaardij.nl/,https://www.pararius.nl/,
2324,55668,Boelen Makelaardij,Amsterdam,Noord-Holland,1058JC,35,Ids Boelen,info@boelenmakelaardij.nl,NVM,Goes&Roos,26-9-2018,sep.-2018,Nee,Mailing,JP,Dave,✓,Ja compleet,Ja,Ja actief en compleet,Verstuurd,,,,,,,,
2325,56679,BM Vastgoed,Arnhem,Gelderland,6828PZ ,32,Donny,contact@bmvastgoed.nl,Onafhankelijk,Kolibri,26-9-2018,sep.-2018,Nee,Sales,Philip,Philip,✓,Ja compleet,Ja,Ja actief en compleet,Aangemeld,,,,,,,,
2326,49126,Van Dijk Makelaardij,Kampen,Overijssel,8260AB,30,Pieter van Dijk,info@vandijkmakelaardij.nl,NVM,Realworks,26-9-2018,sep.-2018,Nee,Sales,JP,Philip,✓,Ja compleet,Ja,Ja actief en compleet,Aangemeld,,,Ja,Ja DvD,10-10-2018,https://www.vandijkmakelaardij.nl/,https://www.pararius.nl/,
2327,49404,Makelaardij Zuidlaren,Zuidlaren,Drenthe,9471GR,30,Frea Bartels,info@makelaardijzuidlaren.nl,NVM,Realworks,26-9-2018,sep.-2018,Nee,Sales,Philip,Philip,✓,Ja compleet,Ja,Ja actief en compleet,Aangemeld,,,,,,,,
2328,62174,De Huizenbemiddelaar Drechtsteden,Zwijndrecht,Zuid-Holland,3335EN,46,Patrick van den Berg,drechtsteden@dehuizenbemiddelaar.nl,VBO,Direct,27-9-2018,sep.-2018,Nee,Sales,Jelle,Jelle,✓,Ja compleet,Ja,Ja actief en compleet,Aangemeld,,,,,,,,
2329,61562,Ikbenmijneigenmakelaar.nl,Enschede,Overijssel,7548PJ,101,Caronline de Vries,info@ikbenmijneigenmakelaar.nl,VBO,Kolibri,27-9-2018,sep.-2018,Nee,Sales,Philip,Philip,✓,Ja compleet,Ja,Ja actief en compleet,Aangemeld,,1,,,,,,
2330,54398,Makelaarskantoor Brabant ,Eindhoven,Noord-Brabant,5631BA,1,Ed van der Loo,info@brabantbv.nl,NVM,Realworks,1-10-2018,okt.-2018,Nee,Sales,Jelle,Jelle,✓,Ja compleet,Ja,Ja actief en compleet,Aangemeld,,3,,,,,,
2331,62178,Boot Makelaars Goes,Goes,Zeeland,4461KC,34,Arjan Boot,info@bootmakelaars.nl,NVM,Realworks,1-10-2018,okt.-2018,Nee,Sales,Jelle,Jelle,✓,Ja compleet,Ja,Ja actief en compleet,Verstuurd,,2,,,,,,
2332,49482,Boot Makelaars Kortgene,Kortgene,Zeeland,4484CD,79a,Arjan Boot,info@bootmakelaars.nl,NVM,Realworks,1-10-2018,okt.-2018,Nee,Sales,Jelle,Jelle,✓,Ja compleet,Ja,Ja actief en compleet,Verstuurd,,2,,,,,,
2333,62172,Marcel Kon Makelaardij Enschede,Enschede,Overijssel,7513EE,252,Jordy Zwarteveen,enschede@marcel-kon.nl,NVM,Realworks,1-10-2018,okt.-2018,Nee,Sales,Philip,Philip,✓,Ja compleet,Ja,Ja actief en compleet,Aangemeld,,1,,,,,,
2334,62179,Hip Makelaardij,Hilversum,Noord-Holland,1216AA,33,Dennis van Es,info@estaterbv.nl,Onafhankelijk,Pararius Office,1-10-2018,okt.-2018,Nee,Sales,JP,JP,✓,IAV,,,,,,,,,,,
2335,48987,Lyanne Metz Makelaardij,Breukelen (ut),Utrecht,3621BS,92,Sophie,info@lyannemetz.nl,NVM,Goes&Roos,1-10-2018,okt.-2018,Nee,Sales,JP,Jelle,✓,Ja compleet,Ja,Ja actief en compleet,Aangemeld,,3,,,,,,
2336,49173,Schakel Makelaars,Almelo,Overijssel,7604BK,114,Jorrit,almelo@schakel.nl,NVM,Realworks,2-10-2018,okt.-2018,Nee,Sales,Philip,Philip,✓,Ja compleet,Ja,Ja actief en compleet,Aangemeld,,1,,,,,,
2337,54199,Janssen Steijlen Makelaars,Veldhoven,Noord-Brabant,5503HJ,80c,Stef,info@janssensteijlen.nl,NVM,Realworks,2-10-2018,okt.-2018,Nee,Sales,Jelle,Jelle,✓,Ja compleet,Ja,Ja actief en compleet,Verstuurd,,1,,,,,,
2338,62170,Kars van der Wagen Makelaardij,Arnhem,Gelderland,6814HE,717,Kars van der Wagen,info@karsvanderwagenmakelaardij.nl,NVM,Realworks,2-10-2018,okt.-2018,Nee,Sales,Philip,Philip,✓,Ja compleet,Ja,Ja actief en compleet,Aangemeld,,,,,,,,
2339,62183,Wunderink & de Lange,Den Haag,Zuid-Holland,2565BL,97,,info@wunderinkdelange.nl,Onafhankelijk,Pararius Office,3-10-2018,okt.-2018,Nee,Koppeling,JP,Dave,✓,Ja compleet,Ja,Ja actief en compleet,Verstuurd,,,,,,,,
2340,55650,Montana Makelaardij,Bussum,Zuid-Holland,1401GE,25a,Marina de Kleer,info@montanamakelaardij.nl,NVM,Goes&Roos,3-10-2018,okt.-2018,Nee,Sales,JP,JP,✓,Ja compleet,Ja,Ja actief en compleet,Aangemeld,,1,,,,,,
2341,49766,De Heus Makelaardij,Apeldoorn,Gelderland,7321 CB,84,Jeroen de Heus,info@deheusmakelaardij.nl,NVM,Realworks,4-10-2018,okt.-2018,Nee,Sales,Philip,Philip,✓,Ja compleet,Ja,Ja actief en compleet,Aangemeld,,2,,,,,,
2342,56761,Schenkel Makelaardij,Hoogeveen,Drenthe,7901EG,78,Selma Grund-Nijwening,info@schenkelmakelaardij.nl,NVM,Realworks,4-10-2018,okt.-2018,Nee,Sales,Philip,Philip,✓,Ja compleet,Ja,Ja actief en compleet,Aangemeld,,2,Ja,Ja DvD,19-10-2018,https://www.schenkelmakelaardij.nl/,https://www.pararius.nl/,
2343,62188,Internetmakelaars Bollenstreek,Noordwijk (zh),Zuid-Holland,2202LG,57,Paul Langenegger,info@langeneggermakelaars.nl,NVM,Goes&Roos,4-10-2018,okt.-2018,Nee,Sales,JP,JP,IAV,IAV,,,,,,,,,,,
2344,50167,Alstede van Mierlo Makelaardij,Tilburg,Noord-Brabant,5038BC,39,Tom van Mierlo,info@alstedevanmierlomakelaardij.nl,NVM,Realworks,4-10-2018,okt.-2018,Nee,Sales,Jelle,Jelle,✓,Ja gedeeltelijk,,,Aangemeld,,,,,,,,
2345,62186,Peek&Pompe Makelaars,Utrecht,Utrecht,3521BZ,393,Peter Peek,info@peekenpompe.nl,NVM,Realworks,8-10-2018,okt.-2018,Nee,Sales,Jelle,Jelle,✓,Ja compleet,Ja,Ja actief en compleet,Verstuurd,,3,,,,,,
2346,54416,Marcel Kon Makelaardij Borne,Borne,Overijssel,7622GK,251,Jordy Zwarteveen,info@marcel-kon.nl,NVM,Realworks,8-10-2018,okt.-2018,Nee,Sales,Philip,Philip,✓,Ja compleet,Ja,Ja actief en compleet,Verstuurd,,1,,,,,,
2347,62197,Bric Makelaardij,Den Hoorn (zh),Zuid-Holland,2635 LB,49,Eric van der Werf,eric@bricmakelaardij,VBO,Realworks,11-10-2018,okt.-2018,Ja,Koppeling,JP,Dave,✓,Ja compleet,Ja,Ja actief en compleet,Aangemeld,Ja,1,Ja,Ja DvD,11-10-2018,https://www.bricmakelaardij.nl/,https://www.pararius.nl/,
2348,62161,Janet Hoogsteder Makelaardij,Driel,Gelderland,6665NC,22,Janet Hoogsteder,info@janethoogsteder.nl,Onafhankelijk,Realworks,15-10-2018,okt.-2018,Nee,Sales,Philip,Philip,✓,Ja compleet,Ja,Ja actief en compleet,Aangemeld,,1,,,,,,
2349,62203,Henk Bos Makelaardij,Lunteren,Gelderland,6741PH,155A,Henk Bos,info@henkbosmakelaardij.nl,NVM,Kolibri,15-10-2018,okt.-2018,Nee,Sales,Philip,Philip,✓,Ja compleet,Ja,Ja actief en compleet,Verstuurd,,2,,,,,,
2350,55788,GB Makelaardij,Breda,Noord-Brabant,4835JA,21,Hans van der Gijp,info@gbmakelaars.nl,NVM,Realworks,16-10-2018,okt.-2018,Nee,Sales,Jelle,Philip,✓,Ja compleet,Ja,Ja actief en compleet,,,4,,,,,,
2351,54024,Ditters Makelaars - Ede,Ede (GLD),Gelderland,6711PM,89,Jerry vermeer,ede@ditters.nl,NVM,Realworks,16-10-2018,okt.-2018,Nee,Sales,Philip,Jelle,✓,Ja compleet,Ja,Ja actief en compleet,Verstuurd,,2,Ja,Ja DvD,15-11-2018,https://www.ditters.nl/,https://www.pararius.nl/,
2352,54025,Ditters Makelaars - Veenendaal,Veenendaal,Utrecht,3902HN,50,Jerry vermeer,veenendaal@ditters.nl,NVM,Realworks,16-10-2018,okt.-2018,Nee,Sales,Jelle,Jelle,✓,Ja compleet,Ja,Ja actief en compleet,Verstuurd,,2,,,,,,
2353,62205,Ditters Makelaars - Wageningen ,Wageningen,Gelderland,6707AA,1G,Jerry vermeer,wageningen@ditters.nl,NVM,Realworks,16-10-2018,okt.-2018,Nee,Sales,Philip,Philip,✓,Ja compleet,Ja,Ja actief en compleet,Verstuurd,,2,,,,,,
2354,62209,Ditters Makelaars - Arnhem,Arnhem,Gelderland,6821CN,35,Jerry vermeer,arnhem@ditters.nl,NVM,Realworks,16-10-2018,okt.-2018,Nee,Sales,Philip,Philip,✓,Ja compleet,Ja,Ja actief en compleet,Verstuurd,,2,,,,,,
2355,49773,DW Makelaardij,Wijhe,Overijssel,8131VD,1,Lillian,info@dwmakelaardij.nl,NVM,Kolibri,16-10-2018,okt.-2018,Nee,Sales,Philip,Philip,✓,Ja compleet,Ja,Ja actief en compleet,Aangemeld,,2,,,,,,
2356,55424,Kruithof Makelaardij,Hoogland,Utrecht,3828EB,4a,Margaret Kruithof,info@kruithofmakelaardij.nl,NVM,Goes&Roos,16-10-2018,okt.-2018,Nee,Sales,Jelle,Jelle,✓,Ja compleet,Ja,Ja actief en compleet,Verstuurd,,1,,,,,,
2357,49481,BOS Makelaars,Enschede,Overijssel,7514AP,93-95,Arjan Hollink,info@bos-makelaars.nl,NVM,Realworks,18-10-2018,okt.-2018,Nee,Sales,Philip,Philip,✓,Ja compleet,Ja,Ja actief en compleet,Verstuurd,,1,Ja,Ja DvD,24-10-2018,https://bos-makelaars.nl/,https://www.pararius.nl/makelaars/enschede/bos-makelaars-enschede,
2358,57023,LXRY Property,Nieuwerkerk,Zuid-Holland,4306NJ,1,Eric Prins,info@lxryproperty.nl,Onafhankelijk,Direct,19-10-2018,okt.-2018,Nee,Sales,Jelle,Jelle,IAV,IAV,,,,,,,,,,,
2359,53653,Mennink Makelaardij b.v.,Apeldoorn,Gelderland,7315AA,14,Kevin Bloemendal,info@menninkmakelaars.nl,NVM,Kolibri,19-10-2018,okt.-2018,Nee,Sales,Philip,Philip,✓,Ja compleet,Ja,Ja actief en compleet,Verstuurd,,1,Ja,Ja DvD,15-11-2018,https://www.menninkmakelaars.nl/,https://www.pararius.nl/makelaars/apeldoorn/mennink-makelaars,
2360,59256,Tuitman Vastgoedbeheer,Groningen,Groningen,9726BA,17,,info@tuitmanvastgoedbeheer.nl,Onafhankelijk,Pararius Office,19-10-2018,okt.-2018,Nee,Koppeling,JP,Dave,✓,Ja compleet,Ja,Ja actief en compleet,Aangemeld,,,,,,,,
2361,50191,Visschedijk Makelaardij,Maastricht,Limburg,6212EW,42,Susanne Visschedijk,info@visschedijkmakelaardij.nl,Onafhankelijk,Realworks,22-10-2018,okt.-2018,Ja,Sales,Jelle,Jelle,✓,Ja compleet,Ja,Ja actief en compleet,Aangemeld,Ja,3,Ja,Ja DvD,30-11-2018,https://www.visschedijkmakelaardij.nl/,https://www.pararius.nl/makelaars/maastricht/visschedijk-makelaardij,
2362,49363,Agriplaza,Tijnaarlo,Drenthe,9482TT,4F,Trudy Filippo,info@agriplaza.eu,NVM,Goes&Roos,23-10-2018,okt.-2018,Nee,Sales,Philip,Philip,x,Nee,Ja,Ja actief en compleet,Verstuurd,,1,Ja,Ja DvD,1-11-2018,https://www.agriplaza.eu/,https://www.pararius.nl/,
2363,49832,Hypodomus Eindhoven,Eindhoven,Noord-Brabant,5615CJ,134B,Pascal Vlemmix,eindhoven@hypodomus.nl,NVM,Realworks,25-10-2018,okt.-2018,Ja,Sales,Jelle,Jelle,✓,Ja compleet,Ja,Ja actief en compleet,Verstuurd,Ja,1,,,,,,
2364,62241,Duynwijck Makelaardij,Beverwijk,Noord-Holland,1942AK,33,Jan Tervoort,info@duynwijckmakelaardij.nl,Onafhankelijk,Realworks,25-10-2018,okt.-2018,Nee,Sales,JP,Philip,✓,Ja compleet,Ja,Ja actief en compleet,Aangemeld,,1,Ja,Ja DvD,7-11-2018,https://www.duynwijckmakelaardij.nl/,https://www.pararius.nl/makelaars/beverwijk/duynwijck-makelaardij,
2365,49555,Makelaardij Visser,Vlieland,Friesland,8899AD,75-77,Martijn Visser,info@makelaardijvisser.nl,Onafhankelijk,Direct,25-10-2018,okt.-2018,Nee,Sales,JP,Philip,✓,Ja compleet,Ja,Ja actief en compleet,,,2,,,,,,
2366,55974,People on the Move,Bergen (nh),Noord-Holland,1861JE,2,Andries Timmerman,info@peopleonthemove.nl,Onafhankelijk,Pararius Office,25-10-2018,okt.-2018,Nee,Koppeling,JP,Philip,✓,Ja compleet,Ja,Ja actief en compleet,Aangemeld,,,,,,,,
2367,53938,Brummer Makelaars,Amsterdam,Noord-Holland,1054GM,95,,info@brummermakelaars.nl,NVM,Realworks,25-10-2018,okt.-2018,Ja,Sales,JP,JP,✓,IAV,,,,Ja,,,,,,,
2368,62238,Jers Vastgoed,Den Haag,Zuid-Holland,2516LA,13,,info@jersvastgoed.nl,Onafhankelijk,Yes-Co,26-10-2018,okt.-2018,Nee,Sales,JP,Philip,✓,Ja compleet,Ja,Ja actief en compleet,Aangemeld,,1,,,,,,
2369,49788,Bij Bärbel,Zwolle,Overijssel,8011VN,45,Bärbel de Groot-Brouwer,berbel@bijbarbel.nl,VBO,Realworks,29-10-2018,okt.-2018,Nee,Sales,Philip,Philip,✓,Ja compleet,Ja,Ja actief en compleet,Aangemeld,,1,,,,,,
2370,62195,Bults Makelaardij,Velp (gld),Gelderland,6881KZ,23D,Jan Bults,info@bultsmakelaardij.nl,NVM,Realworks,29-10-2018,okt.-2018,Nee,Sales,Philip,Philip,✓,Ja compleet,Ja,Ja actief en compleet,Aangemeld,,1,Ja,Ja DvD,22-11-2018,https://www.bultsmakelaardij.nl/,https://www.pararius.nl/makelaars/velp-ge/bults-makelaardij,
2371,61945,Nivita Makelaars,Alphen aan den Rijn,Zuid-Holland,2403DV,30,Nivita Parbhudayal,info@nivitamakelaars.nl,VBO,Kolibri,29-10-2018,okt.-2018,Nee,Sales,JP,Philip,x,Nee,,,,,,,,,,,
2372,52257,D&S Makelaardij Schiedam,Schiedam,Zuid-Holland,3111NW,50,Iwana,info@densmakelaars.nl,Onafhankelijk,Realworks,30-10-2018,okt.-2018,Nee,Sales,JP,Philip,✓,Ja gedeeltelijk,Ja,Ja nog niet compleet,Verstuurd,,,,,,,,
2373,62242,Bles & Van der Does,Enschede,Overijssel,7522CL,224,Erna Meutstege,makelaardij@blesvanderdoes.nl,NVM,Realworks,31-10-2018,okt.-2018,Nee,Sales,Philip,Philip,✓,Ja compleet,Ja,Ja actief en compleet,Aangemeld,Ja,1,,,,,,
2374,50973,Van Silfhout & Hogetoorn,Delft,Zuid-Holland,2611CE,110A,Kevin Nijs,info@vansilfhout.nl,NVM,Realworks,31-10-2018,okt.-2018,Nee,Sales,JP,Philip,✓,Ja compleet,Ja,Ja actief en compleet,Aangemeld,Ja,1,,,,,,
2375,62255,IQ Makelaars Vechtdal,Ommen,Overijssel,7731DD,6A,,vechtdal@iqmakelaars.nl,VBO,Venum,31-10-2018,okt.-2018,Nee,Sales,Philip,Philip,✓,Ja compleet,Ja,Ja actief en compleet,,,1,,,,,,
2376,53911,Booij Makelaardij,Amsterdam,Noord-Holland,1016JC,414,Bob Booij,info@booijoz.nl,NVM,Realworks,01-11-2018,nov.-2018,Nee,Sales,JP,Philip,✓,Ja compleet,Ja,Ja actief en compleet,Verstuurd,Ja,2,,,,,,
2377,52657,woon.nl,Apeldoorn,Gelderland,7311AG,6,Marcel Olijhoek,marcel.apeldoorn@woon.nl,NVM,Realworks,01-11-2018,nov.-2018,Nee,Sales,Philip,Philip,✓,Ja compleet,Ja,Ja actief en compleet,Aangemeld,,,,,,,,
2378,53947,Buurman Makelaardij,Apeldoorn,Gelderland,7331BE,117,Annemarie,info@buurman.nl,NVM,Realworks,02-11-2018,nov.-2018,Nee,Sales,Philip,Philip,✓,Ja compleet,Ja,Ja actief en compleet,Aangemeld,Ja,1,Ja,,,,,
2379,62243,All4houses Makelaardij,Alphen aan den Rijn,Zuid-Holland,2405CG,83,Siegfried,siegfried@all4finance.nl,Onafhankelijk,Realworks,05-11-2018,nov.-2018,Nee,Sales,JP,Philip,✓,Ja compleet,Ja,Ja actief en compleet,Aangemeld,,1,Ja,Ja DvD,21-11-2018,https://www.all4houses.nl/,https://www.pararius.nl/makelaars/alphen-aan-den-rijn/all4houses-makelaardij,
2380,62263,Van der Togt Makelaardij,Voorburg,Zuid-Holland,2275BP,288,Hans,info@vdtmakelaardij.nl,VBO,Kolibri,05-11-2018,nov.-2018,Nee,Sales,JP,Philip,x,Nee,,,,,,,,,,,
2381,49387,Douwsma Makelaardij,Sneek,Friesland,8601AG,1,Henk Douwsma,info@douwsmamakelaardij.nl,NVM,Realworks,05-11-2018,nov.-2018,Nee,Sales,JP,Philip,✓,Ja compleet,Ja,Ja actief en compleet,,Ja,,,,,,,
2382,55444,Tebbens Torringa Makelaardij,Groningen,Groningen,9712NP,108,Nienke Schouten,info@tebbenstorringa.nl,NVM,Goes&Roos,06-11-2018,nov.-2018,Nee,Sales,JP,Philip,✓,Ja compleet,Ja,Ja actief en compleet,Aangemeld,Ja,1,,,,,,
2383,62267,D&S Makelaardij Vlaardingen,Vlaardingen,Zuid-Holland,3133KT,4B,Iwana,info@densmakelaars.nl,Onafhankelijk,Realworks,06-11-2018,nov.-2018,Nee,Sales,JP,Philip,✓,Ja gedeeltelijk,Ja,Ja nog niet compleet,Verstuurd,,,,,,,,
2384,54143,Heule Makelaars,Den Haag,Zuid-Holland,2596GJ,20,Rutger Heule,info@heule.nl,NVM,Realworks,06-11-2018,nov.-2018,Nee,Sales,JP,Philip,✓,Ja gedeeltelijk,Ja,Ja nog niet compleet,,,,,,,,,
2385,62271,Sarah en Co. ,Zandvoort,Noord-Holland,2042PE,117,Sarah Rekers,info@sarahenco.nl,Onafhankelijk,Yes-Co,07-11-2018,nov.-2018,Nee,Koppeling,JP,Philip,✓,Ja compleet,Ja,Ja actief en compleet,Aangemeld,Ja,,,,,,,
2386,49069,Van der Ploeg & Niemijer,Hoogezand,Groningen,9602ZW,46,Bert van der Ploeg,info@vanderploeg-niemeijer.nl,VastgoedPRo,Realworks,07-11-2018,nov.-2018,Nee,Sales,JP,Philip,✓,Ja gedeeltelijk,,,,,,,,,,,
2387,62276,Makelaarshuis Zeeland,Grijpskerke,Zeeland,4364RD,12,Dhr v/d Lindeloof,info@makelaarshuiszeeland.nl,VBO,Realworks,09-11-2018,nov.-2018,Nee,Sales,Jelle,Jelle,✓,IAV,,,,,,,,,,,
2388,62277,Van Welzenes Makelaars,Utrecht,Utrecht,3584BH,115,Martijn van Welzenes,info@vanwelzenes.nl,NVM,Realworks,12-11-2018,nov.-2018,Ja,Koppeling,Jelle,Dave,✓,Ja compleet,Ja,Ja actief en compleet,,Ja,,,,,,,
2389,56991,PPHAW Real Estate,Amsterdam,Noord-Holland,1017LJ,13b,Alet Westra, info@pphaw-realestate.nl,Onafhankelijk,Realworks,13-11-2018,nov.-2018,Ja,Sales,JP,Philip,✓,Ja compleet,Ja,Ja actief en compleet,,Ja,2,,,,,,
2390,50008,Kloes & Gloudsblom Makelaardij Castricum,Castricum,Noord-Holland,1901ER,27,Henk Stroomer,info@kloesengoudsblom.nl,NVM,Realworks,13-11-2018,nov.-2018,Nee,Sales,JP,Philip,✓,Ja gedeeltelijk,,,,Ja,,,,,,,
2391,55757,Herbrink Makelaars,Leusden,Utrecht,3833GS,56,Roald Herbrink,info@herbrink.nl,NVM,Goes&Roos,14-11-2018,nov.-2018,Ja,Koppeling,Jelle,Dave,✓,Ja compleet,Ja,Ja actief en compleet,Verstuurd,Ja,1,Ja,Ja DvD,15-11-2018,http://www.herbrink.nl/,https://www.pararius.nl/,
2392,55755,MetCarien,Huizen,Noord-Holland,1272PT,31,Carien J. ter Haar,info@metcarien.nl,NVM,Goes&Roos,14-11-2018,nov.-2018,Nee,Sales,JP,Philip,✓,Ja compleet,Ja,Ja actief en compleet,Verstuurd,,1,,,,,,
2393,53983,De juiste waarde,Arnhem,Gelderland,6827AB,16A,Wendy,info@dejuistewaarde.nl,NVM,Realworks,15-11-2018,nov.-2018,Ja,Sales,Philip,Philip,✓,Ja compleet,Ja,Ja actief en compleet,Verstuurd,Ja,1,Ja,,,,,
2394,49202,Coltof Makelaardij,Den Helder,Noord-Holland,1781AS,52D,David,info@colthofmakelaardij.nl,Onafhankelijk,Realworks,16-11-2018,nov.-2018,Nee,Sales,JP,Philip,✓,Ja compleet,Ja,Ja actief en compleet,,,,,,,,,
2395,49511,ZO makelaars,Delft,Zuid-Holland,2614CJ,4,Pascal de Roo,pascal@zo.nl,NVM,Realworks,19-11-2018,nov.-2018,Nee,Sales,JP,Philip,✓,Ja compleet,Ja,Ja actief en compleet,,,1,,,,,,
2396,49148,Hoes De Twentse Makelaar,Almelo,Overijssel,7602JR,63,Harry Huisman,info@hoesdtm.nl,NVM,Goes&Roos,19-11-2018,nov.-2018,Nee,Sales,Philip,Philip,✓,Ja compleet,Ja,Ja actief en compleet,Aangemeld,Ja,1,Nee,,,,,
2397,51198,Driehoek Makelaardij,Rijswijk (zh),Zuid-Holland,2286AG,49,Jan Willem,info@driehoekmakelaardij.nl,VastgoedPRo,Realworks,20-11-2018,nov.-2018,Nee,Sales,JP,Philip,✓,Ja compleet,Ja,Ja actief en compleet,,Ja,3,,,,,,
2398,54825,Vlaming Makelaardij,Amersfoort,Utrecht,3818EM,40,Timo Ekhart,info@vlamingmakelaardij.nl,NVM,Realworks,20-11-2018,nov.-2018,Ja,Sales,Jelle,Jelle,✓,Ja compleet,Ja,Ja actief en compleet,Verstuurd,,1,Ja,Ja DvD,26-11-2018,https://www.vlamingmakelaardij.nl/,https://www.pararius.nl/makelaars/amersfoort/vlaming-makelaardij,
2399,53992,De passende woning makelaardij,Oldebroek,Gelderland,8096BE,111A,Renske Bos,info@depassendewoning.nl,NVM,Realworks,21-11-2018,nov.-2018,Nee,Sales,Philip,Philip,✓,Ja compleet,Ja,Ja actief en compleet,,Ja,1,,,,,,
2400,61553,Toussaint + van Wijk Barendrecht,Barendrecht,Zuid-Holland,2993ME,245,Annelies Toussaint,barendrecht@tvw.nl,NVM,Realworks,23-11-2018,nov.-2018,Nee,Sales,JP,Philip,✓,Ja compleet,Ja,Ja actief en compleet,,,1,,,,,,
2401,53232,Toussaint + van Wijk Spijkenisse,Spijkenisse,Zuid-Holland,3201AX,8,Annelies Toussaint,spijkenisse@tvw.nl,NVM,Realworks,23-11-2018,nov.-2018,Nee,Sales,Jelle,Philip,✓,Ja compleet,Ja,Ja actief en compleet,,,1,,,,,,
2402,50529,Makelaardij L.G. Borst,Anna Paulowna,Noord-Holland,1761AB,81,Remco,makelaardij@kantoorborst.nl,NVM,Realworks,26-11-2018,nov.-2018,Nee,Sales,JP,Philip,✓,Ja compleet,Ja,Ja actief en compleet,Verstuurd,,4,,,,,,
2403,55465,Bianca van der Laan Makelaardij,Nieuwkoop,Zuid-Holland,2421BE,12,Bianca van der Laan,info@biancavanderlaanmakelaardij.nl,NVM,Goes&Roos,26-11-2018,nov.-2018,Nee,Sales,JP,Philip,✓,Ja compleet,Ja,Ja actief en compleet,,Ja,1,,,,,,
2404,55454,Meerstad Makelaardij,Haarlem,Noord-Holland,2012DL,44,Monique,info@meerstad.nl,NVM,Goes&Roos,26-11-2018,nov.-2018,Nee,Sales,JP,Philip,✓,Ja compleet,Ja,Ja actief en compleet,,,,Ja,Ja DvD,12-12-2018,https://www.meerstad.nl/,https://www.pararius.nl/,
2405,54733,Van der Helm Makelaardij,Wilnis,Utrecht,3648CJ,46,Laurens Lodewegens,info@vanderhelmmakelaardij.nl,NVM,Realworks,26-11-2018,nov.-2018,Nee,Sales,JP,JP,x,Nee,,,,,,,,,,,
2406,55570,Honkvast Makelaardij,Rozenburg (ZH),Zuid-Holland,3181BG,6,Heleen Klifman,info@honkvast.com,Onafhankelijk,Kolibri,28-11-2018,nov.-2018,Nee,Sales,JP,Philip,✓,Ja compleet,Ja,Ja actief en compleet,Verstuurd,,,,,,,,
2407,62299,Dutch Real Estate Company,Amsterdam,Noord-Holland,1079BL,188,,info@dutchrealestatecompany.com,VBO,Realworks,28-11-2018,nov.-2018,Ja,Koppeling,JP,Philip,✓,IAV,,,,,,Ja,Ja DvD,4-12-2018,https://www.dutchrealestatecompany.com/,https://www.pararius.nl/,
2408,62300,Wittewoning Makelaars Leeuwarden,Leeuwarden,Friesland,8911AG,19,,leeuwarden@wittewoningmakelaars.nl,VBO,Pararius Office,29-11-2018,nov.-2018,Ja,Koppeling,JP,Dave,✓,Ja compleet,Ja,Ja actief en compleet,,,1,,,,,,
2409,62301,SUUS makelaardij,Almere,Flevoland,1363DJ,91,Suzana Rodriguez Anastacio Martinho,info@suusmakelaardij.nl,VastgoedPRo,Realworks,30-11-2018,nov.-2018,Nee,Sales,JP,Philip,✓,Ja compleet,Ja,Ja actief en compleet,,Ja,1,,,,,,
2410,60171,Zevensprong Makelaardij,Den Haag,Zuid-Holland,2563AN,315A,Niels,info@zevensprongmakelaardij.nl,VBO,Kolibri,03-12-2018,dec.-2018,Nee,Sales,JP,Philip,✓,Ja compleet,Ja,Ja actief en compleet,,,4,,,,,,
2411,62283,Foeken Makelaardij,Soest,Utrecht,3762GR,523,Dhr Foeken,rfoeken@gmail.com,Onafhankelijk,Pyber,03-12-2018,dec.-2018,Nee,Sales,Jelle,Jelle,✓,Ja compleet,Ja,Ja actief en compleet,,,,,,,,,
2412,62284,4 Sure & Partners,Heerlen,Limburg,6422RM,1,Dennie,dennie@4surepartners.nl,Onafhankelijk,Skarabee,03-12-2018,dec.-2018,Nee,Koppeling,Jelle,Jelle,✓,Ja compleet,Ja,Ja actief en compleet,,,1,,,,,,
2413,49846,Oostergetel Makelaardij,Meppel,Drenthe,7941BK,6,Robin Oostergetel,info@oostergetel.nl,NVM,Realworks,03-12-2018,dec.-2018,Nee,Sales,Philip,Philip,✓,Ja geen aanbod,,,,,,,,,,,
2414,50090,Hypodomus Maastricht,Maastricht,Limburg,6211RW,131,Mischa Pletsers,mpletsers@hypodomus.nl,NVM,Realworks,03-12-2018,dec.-2018,Nee,Sales,Jelle,Jelle,✓,Ja gedeeltelijk,,,,,,,,,,,
2415,53370,Scheele Makelaars,Nieuwerkerk aan den IJssel,Zuid-Holland,2914KM,25-26,Alexandra Broekgaarden,info@scheele.nl,NVM,Realworks,03-12-2018,dec.-2018,Nee,Sales,JP,Philip,✓,Ja gedeeltelijk,,,,Ja,,,,,,,
2416,62314,JEMZ,Sint Willebrord,Noord-Brabant,4711NJ,92,Dhr v/d Kasteele,info@jemz.nl,NVM,Realworks,4-12-2018,dec.-2018,Nee,Sales,Jelle,Jelle,✓,Ja compleet,Ja,Ja actief en compleet,,,1,,,,,,
2417,62303,Gelijk Regelen,Rotterdam,Zuid-Holland,3078AK,46K,Sunil Sharma,info@gelijkregelen.nl,Onafhankelijk,Realworks,4-12-2018,dec.-2018,Nee,Sales,JP,Philip,✓,Ja compleet,Ja,Ja actief en compleet,,,1,,,,,,
2418,52544,Hoeijmakers Makelaardij,Kessel (LB),Limburg,5995AS,11,Ralf Hoeijmakers,info@hoeijmakersmakelaardij.nl,NVM,Realworks,4-12-2018,dec.-2018,Nee,Sales,Jelle,Jelle,✓,Ja compleet,Ja,Ja actief en compleet,,,1,,,,,,
2419,53146,Commissaris Makelaarsgroep,Amsterdam,Noord-Holland,1076AV,208,Jonathan,info@commissaris.nl,NVM,Goes&Roos,4-12-2018,dec.-2018,Ja,Sales,JP,JP,✓,Ja compleet,Ja,Ja actief en compleet,Verstuurd,,1,,,,,,
2420,61588,De Hoeksche Makelaar,Mijnsheerenland,Zuid-Holland,3271BJ,61,,info@dehoekschemakelaar.nl,VastgoedPRo,Skarabee,4-12-2018,dec.-2018,Nee,Koppeling,Jelle,Jelle,✓,Ja compleet,Ja,Ja actief en compleet,,,,,,,,,
2421,62275,MakelaarNU (Gieten),Gieten,Drenthe,9461HX,4,Arjan,arjan@makelaarnu.nl,VastgoedPRo,Skarabee,4-12-2018,dec.-2018,Nee,Koppeling,Philip,Philip,✓,Ja compleet,Ja,Ja actief en compleet,,,nvt,,,,,,
2422,62302,DAM Housing,Amstelveen,Noord-Holland,1185XR,8,Karen Brussee,info@DAMhousing.nl,VBO,Goes&Roos,4-12-2018,dec.-2018,Nee,Sales,JP,Philip,IAV,IAV,,,,,,,,,,,
2423,53720,Van Der Linde Makelaardij,Elburg,Gelderland,8081LJ,18,Mandy,info@vdlindemakelaardij.nl,NVM,Realworks,4-12-2018,dec.-2018,Ja,Sales,Philip,Philip,✓,Ja compleet,Ja,Ja actief en compleet,,,,,,,,,
2424,62312,Verstegen Makelaars,Tegelen,Limburg,5931NN,34,Frank Verstegen,info@verstegenmakelaars.nl,Onafhankelijk,Realworks,4-12-2018,dec.-2018,Nee,Sales,Jelle,Jelle,✓,Ja gedeeltelijk,,,,,,,,,,,
2425,50140,Hypodomus Breda,Breda,Noord-Brabant,4834EA,67 A2,Joost,breda@hypodomus.nl,NVM,Realworks,4-12-2018,dec.-2018,Nee,Sales,Jelle,Jelle,✓,Ja compleet,Ja,Ja actief en compleet,,,,,,,,,
2426,49276,Hypodomus Bergen op Zoom,Bergen op Zoom,Noord-Brabant,4611HR,47,Jolanda,bergenopzoom@hypodomus.nl,NVM,Realworks,4-12-2018,dec.-2018,Nee,Sales,Jelle,Jelle,✓,IAV,,,,,,,,,,,
2427,62317,MVG Capital,Hedel,Noord-Brabant,5321JE,26,J. Kollenburg,j.kollenburg@mvgcapital.nl,Onafhankelijk,Realworks,4-12-2018,dec.-2018,Nee,Sales,Jelle,Jelle,✓,Ja geen aanbod,,,,,,,,,,,
2428,49769,De Makelares,Alkmaar,Noord-Holland,1812RB,32,Femke Mienis,info@demakelares.nl,NVM,Realworks,05-12-2018,dec.-2018,Nee,Sales,JP,Philip,✓,Ja compleet,Ja,Ja actief en compleet,,,3,,,,,,
2429,51937,PostHuis makelaardij,Hattem,Gelderland,8051GX,52,Léon Verhage,info@posthuis.eu,NVM,Goes&Roos,05-12-2018,dec.-2018,Nee,Sales,Philip,Philip,✓,Ja compleet,Ja,Ja actief en compleet,Verstuurd,Ja,1,Ja,Ja DvD,12-12-2018,http://www.posthuis.eu/,https://www.pararius.nl/,
2430,62322,FJ Makelaars,Joppe,Gelderland,7215SB,2,Judith van der Made,info@fjmakelaars.nl,Onafhankelijk,Realworks,06-12-2018,dec.-2018,Ja,Sales,Philip,Philip,✓,Ja compleet,Ja,Ja actief en compleet,Verstuurd,,1,,,,,,
2431,54132,HEM Makelaardij,Rotterdam,Zuid-Holland,3011XG,105,Xander Meulendijk,info@hem-makelaardij.nl,NVM,Realworks,06-12-2018,dec.-2018,Nee,Sales,JP,Philip,✓,Ja compleet,Ja,Ja actief en compleet,Verstuurd,,,,,,,,
2432,50431,Ineke Schokker Makelaardij O.G.,Den Haag,Zuid-Holland,2594BG,492,Ineke,ineke@schokkermakelaardij.nl,NVM,Realworks,06-12-2018,dec.-2018,Nee,Sales,JP,Philip,✓,Ja compleet,Ja,Ja actief en compleet,,Ja,,,,,,,
2433,49702,Laan Makelaars,Den Helder,Noord-Holland,1782BE,157,Danny,info@laanmakelaars.nl,VBO,Kolibri,07-12-2018,dec.-2018,Nee,Sales,JP,Jelle,✓,Ja geen aanbod,,,,,,,,,,,
2434,62304,Fidiom Makelaardij,Wijk bij Duurstede,Utrecht,3962LR,17,Berry van Engelen,info@fidiommakelaardij.nl,Onafhankelijk,Realworks,07-12-2018,dec.-2018,Nee,Sales,Jelle,Jelle,✓,Ja compleet,Ja,Ja actief en compleet,Verstuurd,,,,,,,,
2435,52321,Kuub Makelaars Zierikzee,Zierikzee,Zeeland,4301HE,2A,Maurice Geense,zierikzee@kuubmakelaars.nl,NVM,Realworks,07-12-2018,dec.-2018,Nee,Sales,Jelle,Jelle,✓,Ja compleet,Ja,Ja actief en compleet,,,,,,,,,
2436,52507,Makelaarshuijs Eikelenboom,Hoofddorp,Noord-Holland,2131CR,1023,Michel Eikelenboom,info@hetmakelaarshuijs.nl,NVM,Realworks,07-12-2018,dec.-2018,Nee,Sales,JP,Philip,✓,Ja compleet,Ja,Ja actief en compleet,,Ja,,,,,,,
2437,62182,Makelaardij van de Weerd,Nunspeet,Gelderland,8071JA,18,Lambert van de Weerd,info@makelaardijvandeweerd.nl,NVM,Realworks,10-12-2018,dec.-2018,Nee,Sales,Philip,Philip,✓,Ja compleet,Ja,Ja actief en compleet,,Ja,3,,,,,,
2438,51194,Grotenhuis Makelaardij,Dieren,Gelderland,6951DJ,12,Mira Grotenhuis,mira@grotenhuismakelaardij.nl,NVM,Realworks,10-12-2018,dec.-2018,Nee,Sales,Philip,Philip,✓,Ja compleet,Ja,Ja actief en compleet,,,1,,,,,,
2439,49500,Kooitje makelaars,Katwijk (zh),Zuid-Holland,2223EL,1A,Kees Guijt,info@kooitjemakelaarsdiensten.nl,VBO,Eye Move,10-12-2018,dec.-2018,Nee,Sales,JP,Philip,IAV,IAV,,,,,,,,,,,
2440,54710,Van Bokhorst & Van Erp Makelaars,Utrecht,Utrecht,3514TP ,12,Lindy Hendriks,makelaars@vbve.nl,NVM,Realworks,10-12-2018,dec.-2018,Ja,Sales,Jelle,Jelle,✓,Ja compleet,Ja,Ja actief en compleet,,,,,,,,,
2441,49689,Woerden Makelaardij,Woerden,Utrecht,3441GA,3D,Peter Ton,info@woerdenmakelaardij.nl,NVM,Realworks,10-12-2018,dec.-2018,Nee,Sales,JP,Philip,✓,Ja compleet,Ja,Ja actief en compleet,,Ja,,,,,,,
2442,54288,Leegstra NVM Makelaardij,Den Haag,Zuid-Holland,2562CL,1,Rick Verhaar,info@leegstramakelaardij.nl,NVM,Realworks,11-12-2018,dec.-2018,Ja,Koppeling,JP,Dave,✓,Ja compleet,Ja,Ja actief en compleet,Verstuurd,,2,,,,,,
2443,62329,De Huizenbemiddelaar Gorinchem,Geertruidenberg,Noord-Brabant,4931XW,10,Ad Ravestein,gorcum@dehuizenbemiddelaar,VBO,Direct,11-12-2018,dec.-2018,Nee,Sales,Jelle,Jelle,✓,Ja compleet,Ja,Ja actief en compleet,,,nvt,,,,,,
2444,52675,Valk Vastgoed,Valkenburg (lb),Limburg,6301GA,23,Wim Eurlings,info@valkvastgoed.nl,Onafhankelijk,Direct,11-12-2018,dec.-2018,Nee,Sales,Jelle,Jelle,IAV,IAV,,,,,,,,,,,
2445,54221,Kappelle Onroerend Goed - Bussum,Bussum,Noord-Holland,1401GD,3A,Daphne,bussum@kappelle.nl,NVM,Realworks,11-12-2018,dec.-2018,Ja,Sales,JP,Philip,✓,Ja gedeeltelijk,Ja,Ja nog niet compleet,Verstuurd,,,,,,,,
2446,53327,Majoor Makelaars Soest,Soest,Utrecht,3768EA,1,Edwin Majoor,info@makelaarsmajoor.nl,NVM,Realworks,12-12-2018,dec.-2018,Nee,Sales,Jelle,Jelle,✓,Ja compleet,Ja,Ja actief en compleet,Verstuurd,,2,Ja,Ja DvD,18-1-2019,https://www.makelaarsmajoor.nl/,https://www.pararius.nl/,
2447,62335,Majoor Makelaars Baarn,Baarn,Utrecht,3741AL,34,Edwin Majoor,info@makelaarsmajoor.nl,NVM,Realworks,12-12-2018,dec.-2018,Nee,Sales,Jelle,Jelle,✓,Ja compleet,Ja,Ja actief en compleet,Verstuurd,,2,,,,,,
2448,56016,Struiksma Makelaars,Sneek,Friesland,8605AH,16,Bart Struiksma,info@struiksmamakelaars.nl,NVM,Realworks,12-12-2018,dec.-2018,Nee,Sales,JP,Philip,✓,Ja compleet,Ja,Ja actief en compleet,,Ja,1,,,,,,
2449,62307,Suzan Vastgoed,Alphen aan den Rijn,Zuid-Holland,2408HB,52,Suzan van Goozen,info@suzanvastgoed.nl,NVM,Realworks,12-12-2018,dec.-2018,Nee,Sales,JP,Philip,✓,Ja compleet,Ja,Ja actief en compleet,,,1,,,,,,
2450,53000,Yamsterdam,Amsterdam,Noord-Holland,1012SK,1,Amin Jarahi,info@yamsterdam.com,Onafhankelijk,Realworks,13-12-2018,dec.-2018,Nee,Sales,JP,Dave,✓,Ja compleet,Ja,Ja actief en compleet,,,2,,,,,,
2451,49029,Kiers Vastgoed,Hoogland,Utrecht,3828JP,47-49,,info@kiersvastgoed.nl,NVM,Realworks,13-12-2018,dec.-2018,Ja,Sales,Jelle,Jelle,✓,Ja compleet,Ja,Ja actief en compleet,,,1,,,,,,
2452,52480,Kok Makelaars,Capelle aan den IJssel,Zuid-Holland,2904EP,57,Corne,info@kok-makelaars.nl,VBO,Kolibri,13-12-2018,dec.-2018,Nee,Sales,JP,Jelle,✓,Ja compleet,Ja,Ja actief en compleet,,,2,,,,,,
2453,62305,Marc Merry Makelaardij,Echt,Limburg,6101GG,82,Marc Merry,info@marcmerrymakelaardij.nl,NVM,Realworks,13-12-2018,dec.-2018,Nee,Sales,Jelle,Jelle,✓,Ja gedeeltelijk,,,,,,,,,,,
2454,52496,Het Makelaarshuis,Steenwijk,Overijssel,8331KP,1A,Edwin Willemsen,info@hetmakelaarshuis.nl,NVM,Realworks,14-12-2018,dec.-2018,Nee,Sales,JP,Philip,✓,Ja compleet,Ja,Ja actief en compleet,,,2,,,,,,
2455,62337,WitteWoning Makelaars Venray,Venray,Limburg,5801ME,10,,venray@wittewoningmakelaars.nl,VBO,Pararius Office,14-12-2018,dec.-2018,Nee,Koppeling,Jelle,Dave,✓,Ja compleet,Ja,Ja actief en compleet,,,,,,,,,
2456,49159,Houwing-Hagedoorn Makelaardij,Winschoten,Groningen,9671AR,1,Dhr. Hagedoorn,info@houwing-hagedoorn.nl,NVM,Realworks,14-12-2018,dec.-2018,Nee,Sales,JP,Philip,✓,Ja compleet,Ja,Ja actief en compleet,,,,,,,,,
2457,54049,Elly Wintjes Makelaardij,Sint Anthonis,Noord-Brabant,5845AV,20,Elly Wintjes,info@wintjesmakelaardij.nl,NVM,Realworks,14-12-2018,dec.-2018,Nee,Sales,Jelle,Jelle,✓,Ja gedeeltelijk,,,,,,,,,,,
2458,49167,Meuleman Makelaardij & Taxatiebureau o.z. ,Kampen,Overijssel,8261GC,44,Maaike Meuleman,info@meulemanmakelaardij.nl,NVM,Realworks,18-12-2018,dec.-2018,Nee,Sales,JP,Philip,✓,Ja compleet,Ja,Ja actief en compleet,,Ja,1,Ja,Ja DvD,4-1-2019,https://www.meulemanmakelaardij.nl/links/,https://www.pararius.nl/makelaars/kampen/meuleman-makelaardij-taxatiebureau-o-z,
2459,62338,UM Zeeland,Westdorpe,Zeeland,4554AM,176,Tommy van Overmeeren,umzeeland@gmail.com,NVM,Realworks,18-12-2018,dec.-2018,Ja,Koppeling,Jelle,Dave,✓,Ja compleet,Ja,Ja actief en compleet,,,1,,,,,,
2460,62184,Ingrid van Eck Makelaardij,Utrecht,Utrecht,3526KS,20,Ingrid van Eck,info@ingridvaneckmakelaardij.nl,NVM,Realworks,18-12-2018,dec.-2018,Nee,Sales,Jelle,Jelle,✓,Ja gedeeltelijk,,,,,,,,,,,
2461,56370,Merwe Makelaars,Dordrecht,Zuid-Holland,3315LG,47,René Attasio,info@merwemakelaars.nl,VastgoedPRo,Realworks,19-12-2018,dec.-2018,Ja,Sales,Jelle,Jelle,✓,Ja compleet,Ja,Ja actief en compleet,,,,,,,,,
2462,49505,NEBO Makelaars Groningen,Groningen,Groningen,9718AT,1,Marcel,info@nebomakelaars.nl,NVM,Realworks,20-12-2018,dec.-2018,Ja,Sales,JP,Philip,✓,Ja compleet,Ja,Ja actief en compleet,,,2,,,,,,
2463,49528,Kuub Makelaars Goes,Goes,Zeeland,4462TT,6,Collin Hoondert,goes@kuubmakelaars.nl,NVM,Realworks,20-12-2018,dec.-2018,Ja,Sales,Jelle,Jelle,✓,Ja gedeeltelijk,Ja,Ja nog niet compleet,,,,,,,,,
2464,51519,Leygraaf Makelaars,Alkmaar,Noord-Holland,1814GC,67,Dyonne,informatie@leygraafmakelaars.nl,NVM,Realworks,27-12-2018,dec.-2018,Ja,Sales,JP,Philip,✓,Ja compleet,Ja,Ja actief en compleet,,,1,,,,,,
2465,62330,Van Duren Makelaardij,Oegstgeest,Zuid-Holland,2341EX,2,Barbara van Duren,info@vandurenmakelaardij.nl,VBO,Kolibri,27-12-2018,dec.-2018,Nee,Koppeling,JP,Dave,✓,IAV,,,,,,,,,,,
2466,49406,Timmerman Makelaardij,Goes,Zeeland,4462CG,2,John Timmerman,info@timmermanmakelaardij.nl,NVM,Yes-Co,02-01-2019,jan.-2019,Nee,Sales,Jelle,Jelle,✓,Ja compleet,Ja,Ja actief en compleet,,,,,,,,,
2467,49945,Van Klaarwater Makelaar en Taxateur,Udenhout,Noord-Brabant,5071TM,3,Dhr Van Klaarwater,info@vanklaarwater.nl,Onafhankelijk,Direct,02-01-2019,jan.-2019,Nee,Sales,Jelle,Jelle,IAV,IAV,,,,,,,,,,,
2468,54227,Keijser & Drieman NVM Makelaars Haalem,Haarlem,Noord-Holland,2023BE,131,,haarlem@kdmakelaars.nl,NVM,Realworks,02-01-2019,jan.-2019,Ja,Koppeling,JP,Philip,✓,Ja compleet,Ja,Ja actief en compleet,Verstuurd,,,,,,,,
2469,50637,Pieter Vloet Vastgoed & Advies,Mill,Noord-Brabant,5451HR,7,Pieter Vloet,info@vloetvastgoed.nl,VBO,Kolibri,03-01-2019,jan.-2019,Nee,Sales,Jelle,Jelle,✓,Ja compleet,Ja,Ja actief en compleet,,,,,,,,,
2470,49671,Harthoorn Taxaties,Yerseke,Zeeland,4401JZ,2,Arjan,arjan@harthoorn.nl,VBO,Kolibri,03-01-2019,jan.-2019,Nee,Sales,Jelle,Jelle,✓,Ja compleet,Ja,Ja actief en compleet,,,,,,,,,
2471,62343,HS Makelaars,Ridderkerk,Zuid-Holland,2985AX,142,Ed Heijnen,info@hsmakelaars.nl,VBO,Kolibri,03-01-2019,jan.-2019,Nee,Koppeling,JP,Dave,✓,Ja compleet,Ja,Ja actief en compleet,Verstuurd,,1,Ja,Ja DvD,14-1-2019,https://www.hsmakelaars.nl/,https://www.pararius.nl/makelaars/ridderkerk/hs-makelaars,
2472,62336,Pillen Makelaardij,Lichtenvoorde,Gelderland,7131BJ,14,Marloes,info@pillen.nl,NVM,Yes-Co,03-01-2019,jan.-2019,Nee,Sales,Philip,Philip,✓,Ja compleet,Ja,Ja actief en compleet,Verstuurd,Ja,1,,,,,,
2473,62339,By Stabél Vastgoed Makelaardij,Son,Noord-Brabant,5691LB,81,Janneke,info@bystabel.nl,VastgoedPRo,Skarabee,03-01-2019,jan.-2019,Nee,Koppeling,Jelle,Dave,✓,Ja compleet,Ja,Ja actief en compleet,Verstuurd,,1,Ja,Ja DvD,14-1-2019,https://www.bystabel.nl/,https://www.pararius.nl/makelaars/son-en-breugel/by-stabel-vastgoed-makelaardij,
2474,49561,Reilink Vastgoed,Siddeburen,Groningen,9628CT,148,Anton,info@reilink-vastgoed.nl,VBO,Kolibri,03-01-2019,jan.-2019,Nee,Sales,JP,Jelle,✓,Ja compleet,Ja,Ja actief en compleet,,,,,,,,,
2475,54742,Makelaar Van der Linden Zwolle,Zwolle,Overijssel,8021CW,6,Martijn Klooster,info.zwolle@vanderlinden.nl,NVM,Realworks,03-01-2019,jan.-2019,Nee,Sales,Philip,Philip,✓,Ja compleet,Ja,Ja actief en compleet,,,,,,,,,
2476,52319,Delta Makelaars Ridderkerk,Ridderkerk,Zuid-Holland,2981GE,1,Maarten Smit,info@deltamakelaars.nl,NVM,Realworks,03-01-2019,jan.-2019,Nee,Sales,JP,Philip,✓,Ja compleet,Ja,Ja actief en compleet,,,,,,,,,
2477,58214,Delta Makelaars Barendrecht,Barendrecht,Zuid-Holland,2991CV,60,Maarten Smit,info@deltamakelaars.nl,NVM,Realworks,03-01-2019,jan.-2019,Nee,Sales,JP,Philip,IAV,IAV,,,,,,,,,,,
2478,57840,Barnsteen Makelaarskantoor,Heemstede,Noord-Holland,2103GW,22,Amber Nooij,info@barnsteen.nl,NVM,Realworks,03-01-2019,jan.-2019,Nee,Sales,JP,Philip,✓,Ja compleet,Ja,Ja actief en compleet,,,,,,,,,
2479,51620,Amstel Housing Amsterdam,Amstelveen,Noord-Holland,1185XR,6,,info@amstelhousing.nl,Onafhankelijk,Pararius Office,04-01-2019,jan.-2019,Nee,Koppeling,JP,Dave,✓,Ja compleet,Ja,Ja actief en compleet,,,,,,,,,
2480,62130,Mulderij Makelaardij & Taxateur,Apeldoorn,Gelderland,7315BL,41,Noël Mulderij,info@mulderijmakelaardij.nl,NVM,Realworks,04-01-2019,jan.-2019,Ja,Sales,Philip,Philip,✓,Ja compleet,Ja,Ja actief en compleet,,Ja,,,,,,,
2481,55992,Swinkels Vastgoed,Schaijk,Noord-Brabant,5374GX,184,Dhr Swinkels,swinkelsvastgoed@ziggo.nl,Onafhankelijk,Venum,07-01-2019,jan.-2019,Nee,Sales,Jelle,Jelle,✓,Ja compleet,Ja,Ja actief en compleet,,,2,,,,,,
2482,62368,Woningplus Makelaardij,Werkhoven,Utrecht,3985LC,2,Rob van der Haar,info@woningplus.nl,VBO,Kolibri,07-01-2019,jan.-2019,Nee,Sales,Jelle,Jelle,IAV,IAV,,,,,,,,,,,
2483,57187,KNAP Makelaardij,Amsterdam,Noord-Holland,1091EN,107,Bart Bouwman,info@knapmakelaardij.nl,NVM,Realworks,07-01-2019,jan.-2019,Nee,Sales,JP,Philip,✓,Ja geen aanbod,Ja,,,,,,,,,,
2484,51464,Tijs en Cyril Makelaardij,Meerssen,Limburg,6231EJ,113,Tijs Hillen,info@tijsencyril.nl,NVM,Realworks,08-01-2019,jan.-2019,Nee,Sales,Jelle,Jelle,✓,Ja compleet,Ja,Ja actief en compleet,,,1,,,,,,
2485,61647,RE/MAX de Vastgoedspecialist,Naaldwijk,Zuid-Holland,2672GD,6,Andries van Akelijen,andriesvanakelijen@remax.nl,VBO,Kolibri,08-01-2019,jan.-2019,Nee,Sales,JP,Jelle,✓,Ja compleet,Ja,Ja actief en compleet,,,,,,,,,
2486,62370,Door Martijn,Deurne,Noord-Brabant,5754DV,24a,Martijn Lukassen,info@door-martijn.nl,NVM,Realworks,08-01-2019,jan.-2019,Nee,Sales,Jelle,Jelle,✓,Ja compleet,Ja,Ja actief en compleet,,Ja,2,,,,,,
2487,62371,Met Martijn internetmakelaars,Deurne,Noord-Brabant,5754DV,24a,Martijn Lukassen,info@met-martijn.nl,NVM,Realworks,08-01-2019,jan.-2019,Nee,Sales,Jelle,Jelle,,IAV,,,,,,,,,,,
2488,49129,Makelaardij P.J. de Jong,Workum,Friesland,8711CV,16,Elske Folkertsma,info@makelaardijpjdejong.nl,NVM,Realworks,08-01-2019,jan.-2019,Nee,Sales,JP,Philip,✓,Ja compleet,Ja,Ja actief en compleet,,,3,Ja,Ja DvD,31-1-2019,https://www.makelaardijpjdejong.nl/diensten/verkoop/,https://www.pararius.nl/makelaars/workum/makelaardij-p-j-de-jong,
2489,61495,RE/MAX Uw Makelaar,Hoofddorp,Noord-Holland,2131HB,5-7,Dennis de Haan,dennisdehaan@remax.nl,VBO,Goes&Roos,09-01-2019,jan.-2019,Nee,Sales,JP,Jelle,✓,Ja compleet,Ja,Ja actief en compleet,,,,,,,,,
2490,50847,RegioHuis Makelaardij,Gerkesklooster,Friesland,9873TC,1,Gerda Bijlsma,info@regiohuis.nl,VastgoedPRo,Realworks,09-01-2019,jan.-2019,Nee,Sales,JP,Philip,✓,Ja geen aanbod,,,,,,,,,,,
2491,49994,Kompas Makelaars en Taxateurs,Leiden,Noord-Holland,2316HE,76,Arjan Dekker,info@kompasmakelaardij.nl,NVM,Realworks,09-01-2019,jan.-2019,Nee,Sales,JP,Jelle,✓,Ja geen aanbod,,,,,,,,,,,
2492,52813,A&N Vastgoed,Den Haag,Zuid-Holland,2584HG,127,Gerard,info@anvastgoed.nl,Onafhankelijk,Pararius Office,10-01-2019,jan.-2019,Nee,Sales,JP,Jelle,✓,Ja compleet,Ja,Ja actief en compleet,,,,,,,,,
2493,51224,Van der Vlist Makelaardij,Baarle Nassau,Noord-Brabant,5111GA,9,Rob van der Vlist,info@vandervlist-makelaardij.nl,Onafhankelijk,Estate Ware,10-01-2019,jan.-2019,Nee,Sales,Jelle,Jelle,✓,Ja compleet,Ja,Ja actief en compleet,,,,,,,,,
2494,49798,Floriande Makelaars,Hoofddorp,Noord-Holland,2134DP,8,Mark Staats,info@floriandemakelaars.nl,NVM,Realworks,10-01-2019,jan.-2019,Nee,Sales,JP,Philip,✓,Ja gedeeltelijk,Ja,Ja nog niet compleet,,,,,,,,,
2495,62375,ALD International Services,Amsterdam,Noord-Holland,1101CK,14,,info@aldinternational.nl,Onafhankelijk,Pararius Office,11-01-2019,jan.-2019,Nee,Koppeling,JP,Dave,✓,Ja compleet,Ja,Ja actief en compleet,,,,,,,,,
2496,61955,Fastgoed Makelaars,Rijswijk (zh),Zuid-Holland,2281CX,32,Frans van Rijnswou,mail@fastgoed.pro,VBO,Kolibri,11-01-2019,jan.-2019,Nee,Sales,JP,Jelle,✓,Ja compleet,Ja,Ja actief en compleet,,,,,,,,,
2497,54358,Sjuul van de Klok makelaardij,Druten,Gelderland,6651AL,35,Lisanne Hendriks,info@sjuulvandeklok.nl,NVM,Realworks,11-01-2019,jan.-2019,Nee,Sales,Philip,Philip,x,Nee,,,,,,,,,,,
2498,50932,Krijger & Dieleman,Vlissingen,Zeeland,4382AM,183,Jerzy Krijger,info@krijgerdieleman.nl,NVM,Realworks,14-01-2019,jan.-2019,Nee,Sales,Jelle,Philip,✓,Ja compleet,Ja,Ja actief en compleet,,,3,,,,,,
2499,52672,Sopar Makelaar ,Purmerend,Noord-Holland,1441CN,74-78,Job Kuperus,info@sopar.nl,NVM,Realworks,14-01-2019,jan.-2019,Nee,Sales,JP,Philip,✓,Ja compleet,Ja,Ja actief en compleet,,Ja,1,,,,,,
2500,55986,ERA Content+ Makelaars Breda,Breda,Noord-Brabant,4811AG,2,,info@contentplus.nl,NVM,Direct,14-01-2019,jan.-2019,Nee,Sales,Jelle,Dave,✓,Ja compleet,Ja,Ja actief en compleet,,,nvt,,,,,,
2501,49293,Waltmann Makelaars,Utrecht,Utrecht,3581CG,71,Jorinde Jansen,info@waltmann.nl,NVM,Realworks,14-01-2019,jan.-2019,Nee,Sales,Jelle,Philip,✓,Ja geen aanbod,,,,,,,,,,,
2502,49518,RE/MAX Makelaarsgroep,Barendrecht,Zuid-Holland,2992BE,50,Marco Bos,barendrecht@remax.nl,VBO,Realworks,14-01-2019,jan.-2019,Nee,Sales,JP,Jelle,✓,Ja compleet,Ja,Ja actief en compleet,,,3,,,,,,
2503,52524,Heikens-de Kort Makelaardij,Bavel,Noord-Brabant,4854GX,2,Patricia Heikens,info@hdkmakelaardij.nl,NVM,Realworks,14-01-2019,jan.-2019,Nee,Sales,Jelle,Jelle,✓,Ja compleet,Ja,,,,,,,,,,
2504,55556,Karssen Makelaars,Zwolle,Overijssel,8011VW,14,Ilse Smink-Greaves,info@km.nl,NVM,Realworks,14-01-2019,jan.-2019,Ja,Sales,Philip,Philip,✓,Ja compleet,Ja,Ja actief en compleet,,Ja,1,,,,,,
2505,49201,Pieters Makelaars,Den Helder,Noord-Holland,1785RK,26a,John Pieters,info@pieters.nl,NVM,Realworks,14-01-2019,jan.-2019,Nee,Sales,JP,Philip,x,Nee,,,,,,,,,,,
2506,57927,076 Makelaardij,Etten Leur,Noord-Brabant,4875CB,8,Angela,info@076makelaardij.nl,VBO,Realworks,14-01-2019,jan.-2019,Nee,Sales,Jelle,Jelle,x,Nee,,,,,,,,,,,
2507,62388,Tivoli Woningmakelaars,Tilburg,Noord-Brabant,5017HP,2,Dhr Besson,info@tivoliwoningmakelaars.nl,NVM,Realworks,14-01-2019,jan.-2019,Nee,Sales,Jelle,Jelle,✓,Ja compleet,Ja,Ja actief en compleet,,,1,,,,,,
2508,49923,Janus Makelaardij,IJmuiden,Noord-Holland,1976CA,27A,Dimitri van den Raadt,info@janusgroep.nl,NVM,Realworks,14-01-2019,jan.-2019,Nee,Sales,JP,Philip,x,Nee,,,,,,,,,,,
2509,52189,Jacqueline Nome Makelaars,Buitenpost,Friesland,9285NP,49,Jurjen Jans,info@nome.nl,NVM,Realworks,15-01-2019,jan.-2019,Nee,Sales,JP,Philip,✓,Ja compleet,Ja,Ja actief en compleet,Verstuurd,,3,,,,,,
2510,49232,Marian Kemink Makelaardij,Tilburg,Noord-Brabant,5045ZR,375,Marian Kemink,info@mariankemink.nl,NVM,Realworks,15-01-2019,jan.-2019,Nee,Sales,Jelle,Jelle,✓,Ja compleet,Ja,Ja actief en compleet,,,2,,,,,,
2511,52640,Raadhuys Makelaars,Rosmalen,Noord-Brabant,5242HA,40,Bram,info@raadhuysmakelaars.nl,NVM,Realworks,15-01-2019,jan.-2019,Nee,Sales,Jelle,Jelle,✓,Ja compleet,Ja,Ja actief en compleet,,Ja,1,,,,,,
2512,51525,Broekman Makelaars ,Alkmaar,Noord-Holland,1825RN,439,John Duinmaijer,demare@broekmanmakelaars.nl,NVM,Realworks,15-01-2019,jan.-2019,Nee,Sales,JP,Philip,✓,Ja compleet,Ja,Ja actief en compleet,,Ja,1,,,,,,
2513,62390,Broekman Makelaars - Alkmaar Zuid,Alkmaar,Noord-Holland,1813BM,21,John Duinmaijer,alkmaar@broekmanmakelaars.nl,NVM,Realworks,15-01-2019,jan.-2019,Nee,Sales,JP,Philip,✓,Ja compleet,Ja,Ja actief en compleet,,Ja,1,,,,,,
2514,55449,Abelen Makelaars en Taxateurs,Rosmalen,Noord-Brabant,5242AV,2,Dhr Abelen,info@abelen.nl,NVM,Goes&Roos,15-01-2019,jan.-2019,Nee,Sales,Jelle,Jelle,✓,Ja compleet,Ja,Ja actief en compleet,,,1,Ja,Ja DvD,25-1-2019,https://www.abelen.nl/,https://www.pararius.nl/makelaars/rosmalen/abelen-makelaars-taxateurs,
2515,49305,Delta Makelaardij,Zierikzee,Zeeland,4301BK,1-3,Annemarie Colijn,info@deltamakelaardij.nl,VBO,Realworks,15-01-2019,jan.-2019,Nee,Sales,Jelle,Jelle,✓,Ja gedeeltelijk,,,,,,,,,,,
2516,62212,Scoop Makelaardij,Den Haag,Zuid-Holland,2582GC,43,Joost Verbaas,joost@scoopmakelaardij.com,VBO,Realworks,15-01-2019,jan.-2019,Nee,Sales,JP,Philip,✓,Ja compleet,Ja,Ja actief en compleet,,,,,,,,,
2517,54142,Heule Makelaardij ,Haarlem,Noord-Holland,2012DA,1,Wendy Bosman,haarlem@heulemakelaars.nl,NVM,Realworks,15-01-2019,jan.-2019,Nee,Sales,JP,Philip,✓,Ja gedeeltelijk,Ja,,,,,,,,,,
2518,50640,Oude Wolbers Makelaars,Enschede,Overijssel,7521AA,143,Alexander Reith,info@oudewolbers.nl,NVM,Realworks,16-01-2019,jan.-2019,Ja,Sales,Philip,Philip,✓,Ja compleet,Ja,Ja actief en compleet,,,1,,,,,,
2519,62391,Rotax Makelaardij,Amstelveen,Noord-Holland,1183DL,1,Robin van Leeuwen,info@rotaxmakelaardij.nl,NVM,Realworks,16-01-2019,jan.-2019,Nee,Sales,JP,Philip,✓,Ja compleet,Ja,Ja actief en compleet,Verstuurd,,1,,,,,,
2520,52538,Aquina Hollanders makelaars,Heerlen,Limburg,6411CA,17,Leon Aquina,leon@aquina.com,NVM,Realworks,16-01-2019,jan.-2019,Nee,Sales,Jelle,Jelle,✓,Ja gedeeltelijk,,,,,,,,,,,
2521,62167,RKZ Makelaars,Amsterdam,Noord-Holland,1005GJ,275-K,Rosalie,contact@rkzmakelaars.nl,VBO,Kolibri,17-01-2019,jan.-2019,Nee,Sales,JP,Jelle,✓,Ja compleet,Ja,Ja actief en compleet,,,,,,,,,
2522,50493,WOOONmakelaardij,Goes,Zeeland,4465AN,11,Jolande Nieuwdorp-Slabbekoorn,info@wooonmakelaardij.nl,VBO,Kolibri,17-01-2019,jan.-2019,Nee,Sales,Jelle,Jelle,✓,Ja compleet,Ja,Ja actief en compleet,,,,,,,,,
2523,51508,APC Vastgoed,Nuland,Noord-Brabant,5391BB,2,Rinie van de Wetering,wetering@apcvastgoed.nl,VBO,Goes&Roos,17-01-2019,jan.-2019,Nee,Sales,Jelle,Jelle,✓,Ja compleet,Ja,Ja actief en compleet,,,,,,,,,
2524,55810,Noorlander en Van Veen Makelaardij,Zevenbergen,Noord-Brabant,4761JK,16-24,Herres van Veen,info@noorlandernvm.nl,NVM,Realworks,17-01-2019,jan.-2019,Nee,Sales,Jelle,Jelle,x,Nee,,,,,,,,,,,
2525,50229,Verbrugge Makelaardij Raamsdonksveer,Raamsdonksveer,Noord-Brabant,4941RE,11,Rob van Dongen,info@verbrugge.com,NVM,Realworks,18-01-2019,jan.-2019,Nee,Sales,Jelle,Jelle,✓,Ja compleet,Ja,Ja actief en compleet,,,,,,,,,
2526,49579,Verbrugge Makelaardij Oosterhout,Oosterhout (nb),Noord-Brabant,4901LE,42,Rob van Dongen,info@verbrugge.com,NVM,Realworks,18-01-2019,jan.-2019,Nee,Sales,Jelle,Jelle,✓,Ja compleet,Ja,Ja actief en compleet,,,,,,,,,
2527,62376,Marieke Kok Makelaardij,Laren (GLD),Gelderland,7245PG,2,Marieke Kok,info@mariekekokmakelaardij.nl,NVM,Realworks,18-01-2019,jan.-2019,Nee,Sales,Philip,Philip,✓,Ja compleet,Ja,Ja actief en compleet,,,2,,,,,,
2528,54563,Regio Holland Makelaardij,Amsterdam,Noord-Holland,1069CE,7,Kristian van den Huijssen,info@regioholland.nl,NVM,Realworks,18-01-2019,jan.-2019,Nee,Sales,JP,Philip,✓,Ja compleet,Ja,Ja actief en compleet,,Ja,,,,,,,
2529,62393,gWoon makelaars,Hoofddorp,Noord-Holland,2135DX,139,Joost Beekman,info@gwoonmakelaars.nl,NVM,Realworks,21-01-2019,jan.-2019,Nee,Sales,JP,Philip,✓,Ja compleet,Ja,Ja actief en compleet,Verstuurd,,1,,,,,,
2530,62404,De Huizenbemiddelaar Randmeren,Nijkerk,Gelderland,3862JM,27,Peter Dirksen,info@dehuizenbemiddelaarrandmeren.nl,VBO,Direct,21-01-2019,jan.-2019,Nee,Sales,Jelle,Jelle,IAV,IAV,,,,,,,,,,,
2531,62369,Makelaardij Van den Berg,Oud Beijerland,Zuid-Holland,3262CD,29,Bianca van den Berg,info@makelaardijvandenberg.com,VBO,Goes&Roos,21-01-2019,jan.-2019,Nee,Sales,Jelle,Jelle,✓,Ja compleet,Ja,Ja actief en compleet,,,,Ja,Ja DvD,1-2-2019,https://www.makelaardijvandenberg.com/,https://www.pararius.nl/,
2532,58268,Ludenhoff groep Makelaars,Utrecht,Utrecht,3572AW,445,Geert Siereveld,utrecht@ludenhoff.nl,NVM,Goes&Roos,21-01-2019,jan.-2019,Nee,Sales,Jelle,Jelle,✓,Ja compleet,Ja,Ja actief en compleet,,,1,,,,,,
2533,62333,Zuidhoek Makelaars,Ede (GLD),Gelderland,6712KA,13,Nichlas,nichlas@zhmakelaars.nl,NVM,Kolibri,21-01-2019,jan.-2019,Nee,Koppeling,Philip,Philip,✓,Ja gedeeltelijk,Ja,,,,,,,,,,
2534,62400,Admico Makelaars,Noorbeek,Limburg,6255AG,6,Ad van Bussel,info@admico-makelaars.nl,Onafhankelijk,Yes-Co,21-01-2019,jan.-2019,Ja,Koppeling,Jelle,Dave,✓,Ja compleet,Ja,Ja actief en compleet,,,1,,,,,,
2535,49153,Polhuis Financiele Diensten,Amsterdam,Noord-Holland,1033AT,24B,Ed Ditzel,e.ditzel@polhuisfd.nl,Onafhankelijk,Goes&Roos,21-01-2019,jan.-2019,Nee,Sales,JP,Jelle,✓,Ja compleet,Ja,Ja actief en compleet,,,1,,,,,,
2536,54669,Telman & Van Leeuwen Makelaars,Amersfoort,Utrecht,3817CS,72,Pauline,info@telmanvanleeuwen.nl,NVM,Realworks,21-01-2019,jan.-2019,Nee,Sales,Jelle,Jelle,✓,Ja compleet,Ja,Ja actief en compleet,,,2,,,,,,
2537,57078,Albers Makelaars ,Bussum,Noord-Holland,1404AT,10,Mark Albers,info@albers.nl,NVM,Goes&Roos,22-01-2019,jan.-2019,Nee,Sales,JP,Jelle,✓,Ja compleet,Ja,Ja actief en compleet,,,2,,,,,,
2538,62344,Maarten Buytendijk Makelaardij,Maastricht,Limburg,6224DC,46,Maarten Buytendijk,info@maartenbuytendijkmakelaardij.nl,Onafhankelijk,Realworks,22-01-2019,jan.-2019,Nee,Sales,Jelle,Jelle,✓,Ja compleet,Ja,Ja actief en compleet,,,2,Ja,Ja DvD,28-1-2019,https://www.maartenbuytendijkmakelaardij.nl/,https://www.pararius.nl/koopwoningen/maastricht,
2539,49973,Uw VBO Makelaar,Zwolle,Overijssel,8012DM,205,Jan Hilberink,info@uwvbomakelaar.nl,VBO,Realworks,22-01-2019,jan.-2019,Nee,Sales,Philip,Philip,x,Nee,,,,,,,,,,,
2540,53195,Wieman Makelaardij,Oosterbeek,Gelderland,6861XM,1A,Niels Wieman,info@wiemanmakelaardij.nl,NVM,Realworks,23-01-2019,jan.-2019,Nee,Sales,Philip,Philip,✓,Ja compleet,Ja,Ja actief en compleet,Verstuurd,Ja,1,,,,,,
2541,49614,Steef! Makelaars,Alblasserdam,Zuid-Holland,2951GA,69,Laura Bahlman,info@steef.nl,VBO,Kolibri,23-01-2019,jan.-2019,Nee,Sales,JP,Philip,✓,Ja compleet,Ja,Ja actief en compleet,Verstuurd,,1,Ja,,,,,
2542,50678,Hofzicht Makelaars,Hillegom,Zuid-Holland,2182EP,160-162,Annemarieke,info@hofzichtmakelaars.nl,NVM,Realworks,23-01-2019,jan.-2019,Nee,Sales,JP,Philip,✓,Ja compleet,Ja,Ja actief en compleet,,,,,,,,,
2543,50074,Steendijk Makelaardij,Goes,Zeeland,4462CC,1D,Wilbert,wilbert@steedijk.nl,NVM,Realworks,23-01-2019,jan.-2019,Nee,Sales,Jelle,Jelle,IAV,IAV,,,,,,,,,,,
2544,54285,Langezaal Makelaardij,Den Haag,Zuid-Holland,2595AT,2009,Suzanne van der Laan de Vries ,info@langezaal.nl,NVM,Realworks,23-01-2019,jan.-2019,Nee,Koppeling,JP,Dave,✓,Ja compleet,Ja,Ja actief en compleet,Verstuurd,,3,,,,,,
2545,62392,Apollo Makelaardij regio Leiden,Leiden,Noord-Holland,2351ES,1,Michael Wienen,leiden@apollomakelaardij.nl,VBO,Kolibri,24-01-2019,jan.-2019,Nee,Sales,JP,Jelle,✓,Ja compleet,Ja,Ja actief en compleet,,,,,,,,,
2546,62408,IW Vastgoed,Amsterdam,Noord-Holland,1076DE,24,Marije,info@iwvastgoed.nl,Onafhankelijk,Goes&Roos,24-01-2019,jan.-2019,Nee,Sales,JP,Jelle,✓,IAV,,,,,,,,,,,
2547,55611,River Makelaardij,Amsterdam,Noord-Holland,1078GK,26,Marie-Claire,info@rivermakelaardij.nl,NVM,Realworks,24-01-2019,jan.-2019,Nee,Sales,JP,Philip,✓,Ja compleet,Ja,Ja actief en compleet,,,4,,,,,,
2548,62410,Karen Lehman Makelaardij,Amstelveen,Noord-Holland,1185HL,13a,Karen Lehman,info@karenlehman.nl,NVM,Realworks,25-01-2019,jan.-2019,Nee,Sales,JP,Philip,✓,Ja compleet,Ja,Ja actief en compleet,Verstuurd,Ja,1,,,,,,
2549,62409,Mooi Makelaardij,Amstelveen,Noord-Holland,1188KG,277,Stefan Reijsoo,info@mooimakelaardij.nl,NVM,Goes&Roos,25-01-2019,jan.-2019,Nee,Sales,JP,Philip,✓,Ja compleet,Ja,Ja actief en compleet,,Ja,1,Ja,Ja DvD,31-01-2019,https://www.mooimakelaardij.nl/,https://www.pararius.nl/,
2550,53243,Kaai Makelaars,Amsterdam,Noord-Holland,1013BD,67 E4,Katri,info@kaaimakelaars.nl,Onafhankelijk,Goes&Roos,25-01-2019,jan.-2019,Nee,Sales,JP,Jelle,✓,IAV,,,,,,,,,,,
2551,54293,Lemmens Makelaardij,Tilburg,Noord-Brabant,5017AB,493,Esther Lemmens,info@lemmens.nl,NVM,Realworks,25-01-2019,jan.-2019,Nee,Sales,Jelle,Jelle,✓,Ja gedeeltelijk,,,,,,,,,,,
2552,62413,Hoekstra & Van Eck Leiden,Leiden,Noord-Holland,2316ZL,61,Judith Schenkelaars,leiden@hoekstraenvaneck.nl,NVM,Realworks,25-01-2019,jan.-2019,Nee,Sales,JP,Philip,IAV,IAV,,,,,,,,,,,
2553,62414,Hoekstra & Van Eck Almere Poort,Almere,Noord-Holland,1363BM,3,Judith Schenkelaars,almere@hoekstraenvaneck.nl,NVM,Realworks,25-01-2019,jan.-2019,Nee,Sales,JP,Jelle,IAV,IAV,,,,,,,,,,,
2554,62415,De Huizenbemiddelaar Hoogezand Sappemeer,Hoogezand,Groningen,9601EA,25,Hans Haze,haze@dehuizenbemiddelaar.nl,VBO,Direct,28-01-2019,jan.-2019,Nee,Sales,JP,Jelle,✓,Ja compleet,Ja,Ja actief en compleet,,,,,,,,,
2555,55426,Makelaarskantoor Bremavo,Zwijndrecht,Zuid-Holland,3331LM,35,Gijs Roos,info@bremavo.nl,NVM,Goes&Roos,28-01-2019,jan.-2019,Nee,Sales,Jelle,Jelle,✓,Ja compleet,Ja,Ja actief en compleet,,,1,Ja,Ja DvD,6-2-2019,http://www.bremavo.nl/,https://www.pararius.nl/makelaars/zwijndrecht/makelaarskantoor-bremavo,
2556,54287,Leef! Makelaars,Haarlem,Noord-Holland,2011ML,2A,Erzsi Tóth,info@leefmakelaars.nl,NVM,Realworks,28-01-2019,jan.-2019,Nee,Sales,JP,Philip,✓,Ja compleet,Ja,Ja actief en compleet,Verstuurd,Ja,3,Ja,Ja DvD,13-02-2019,https://leefmakelaars.nl/over-ons/partners,https://www.pararius.nl/makelaars/haarlem/leef-makelaars,
2557,54066,FEM Makelaars,Amsterdam,Noord-Holland,1017EZ,756,Fleur,info@femmakelaars.nl,NVM,Realworks,28-01-2019,jan.-2019,Nee,Sales,JP,Philip,✓,Ja geen aanbod,,,,,,,,,,,
2558,54705,Van Asselt Makelaars,Arnhem,Gelderland,6828JX,2D,Michael van Asselt,info@vanasseltmakelaars.nl,NVM,Realworks,28-01-2019,jan.-2019,Nee,Sales,Philip,Philip,✓,Ja compleet,Ja,Ja actief en compleet,,,2,,,,,,
2559,57185,Kitty Blank Makelaars,Amstelveen,Noord-Holland,1181RD,335,Kitty Blank,info@kittyblank.nl,NVM,Realworks,28-01-2019,jan.-2019,Nee,Sales,JP,Philip,✓,,,,,,,,,,,,
2560,53345,Peeters Bouckaert Makelaars,Udenhout,Noord-Brabant,5071EX,24B,Mark Peeters,ino@p-bmakelaars.nl,NVM,Realworks,28-01-2019,jan.-2019,Nee,Sales,Jelle,Jelle,✓,Ja compleet,Ja,Ja actief en compleet,,,4,,,,,,
2561,52512,ROGA Makelaars,Breda,Noord-Brabant,4818JK,148,Florent van Gurp,info@rogamakelaars.nl,NVM,Realworks,28-01-2019,jan.-2019,Nee,Sales,Jelle,Jelle,✓,Ja gedeeltelijk,,,,,,,,,,,
2562,48877,Adriaan van den Heuvel Makelaars Helmond,Helmond,Noord-Brabant,5706AL,155,Bas Teeuwen,info@heuvel.nl,NVM,Realworks,29-01-2019,jan.-2019,Nee,Sales,Jelle,Jelle,✓,Ja compleet,Ja,Ja actief en compleet,Verstuurd,,2,,,,,,
2563,62418,Adriaan van den Heuvel Makelaars Eindhoven,Eindhoven,Noord-Brabant,5615CJ,134C,Bas Teeuwen,info@heuvel.nl,NVM,Realworks,29-01-2019,jan.-2019,Nee,Sales,Jelle,Jelle,✓,Ja compleet,Ja,Ja actief en compleet,Verstuurd,,2,,,,,,
2564,48998,De Hoornse Makelaardij,Hoorn (NH),Noord-Holland,1621CZ,40,Marina Sluis,info@dehoornsemakelaardij.nl,VastgoedPRo,Realworks,29-01-2019,jan.-2019,Nee,Sales,JP,Philip,,,,,,,,,,,,,
2565,62411,Conny Demper Makelaardij,Krimpen aan de Lek,Zuid-Holland,2931BB,334,Conny Demper,info@connydempermakelaardij,Onafhankelijk,Realworks,30-01-2019,jan.-2019,Nee,Sales,JP,Jelle,✓,IAV,,,,,,,,,,,
2566,50261,Van Meer Makelaars,Oudenbosch,Noord-Brabant,4731GP,14,Lian,info@vanmeermakelaars.nl,NVM,Realworks,30-01-2019,jan.-2019,Nee,Sales,Jelle,Jelle,✓,Ja compleet,Ja,Ja actief en compleet,,,2,,,,,,
2567,62423,Westerhof Makelaardij,Akkrum,Friesland,8491AX,15,Yvette Westerhof,info@westerhofmakelaardij.nl,Onafhankelijk,Realworks,30-01-2019,jan.-2019,Nee,Sales,JP,Jelle,✓,Ja compleet,Ja,Ja actief en compleet,,,,,,,,,
2568,55997,De Rooy Makelaardij & Taxaties,Waalwijk,Noord-Brabant,5144EJ,12,Suzanne de Rooy,info@derooynvm.nl,NVM,Realworks,30-01-2019,jan.-2019,Nee,Sales,Jelle,Jelle,✓,Ja compleet,Ja,Ja actief en compleet,,,,,,,,,
2569,62424,Huizenmatch,Almere,Flevoland,1323AE,27,Ron Dam,info@curohm.nl,Onafhankelijk,Pyber,30-01-2019,jan.-2019,Nee,Sales,JP,Jelle,✓,Ja compleet,Ja,Ja actief en compleet,,Ja,1,,,,,,
2570,53556,Bon Makelaardij,Zevenbergen,Noord-Brabant,4761CL,36,Eshter Bon,info@bonmakelaardij.nl,NVM,Realworks,30-01-2019,jan.-2019,Nee,Sales,Jelle,Jelle,✓,Ja compleet,Ja,Ja actief en compleet,,,,,,,,,
2571,53873,BDK Makerlaars,Haarlem,Noord-Holland,2024RJ,36,Linda de Vries,info@bdkmakelaars.nl,NVM,Realworks,31-01-2019,jan.-2019,Nee,Sales,JP,Philip,✓,Ja compleet,Ja,Ja actief en compleet,,Ja,2,,,,,,
2572,62428,Vastgoed-Totaal,Bakel,Noord-Brabant,5761BX,27,Inge,inge@vastgoed-totaal.nl,Onafhankelijk,Realworks,31-01-2019,jan.-2019,Nee,Sales,Jelle,Jelle,✓,Ja compleet,Ja,Ja actief en compleet,,,,,,,,,
2573,62087,Xhousing,Lelystad,Flevoland,8231JD,15 18,,info@xhousing.nl,Onafhankelijk,Realworks,31-01-2019,jan.-2019,Nee,Sales,JP,Philip,,,,,,,,,,,,,
2574,61912,Strategies,Den Haag,Zuid-Holland,2563AK,288,dhr. Wahb,info@strategies.nl,Onafhankelijk,Realworks,31-01-2019,jan.-2019,Nee,Sales,JP,Philip,,,,,,,,,,,,,
2575,61815,Rietgans. Makelaars in Exclusief Wonen,Broek op Langedijk,Noord-Holland,1721PJ,1,Ron Verschoor,info@rietgans.nl,Onafhankelijk,Realworks,31-01-2019,jan.-2019,Nee,Sales,JP,Jelle,x,Nee,,,,,,,,,,,
2576,61943,Makelaardij De Munt,Emmeloord,Noord-Holland,8303BV,28,Herma,info@de-munt.nl,VBO,Kolibri,31-01-2019,jan.-2019,Nee,Sales,JP,Jelle,✓,Ja compleet,Ja,Ja actief en compleet,,,,,,,,,
2577,50947,Waltmann & Co. Makelaars Papendrecht,Papendrecht,Zuid-Holland,3351HC,139,Dorith Kools,papendrecht@waltmann.com,NVM,Realworks,01-02-2019,feb.-2019,Nee,Sales,Jelle,Jelle,✓,Ja gedeeltelijk,Ja,Ja actief en compleet,,,,,,,,,
2578,61932,JJT Vastgoed,Norg,Drenthe,9331VA,67,Jacqueline,info@jjtvastgoed.nl,Onafhankelijk,Realworks,01-02-2019,feb.-2019,Nee,Sales,JP,Philip,,,,,,Ja,,,,,,,
2579,61911,Den Uyl Real Estate,Amsterdam,Noord-Holland,1052XJ,90H,Rutger den Uyl,rutger@denuylrealestate.com,Onafhankelijk,Realworks,01-02-2019,feb.-2019,Nee,Sales,JP,Philip,✓,Ja compleet,Ja,Ja actief en compleet,Verstuurd,Ja,1,,,,,,
2580,55744,JSR Makelaars Hilversum,Hilversum,Noord-Holland,1217JB,15,Tiffany de Beer,hilversum@jsrmakelaars.nl,NVM,Goes&Roos,04-02-2019,feb.-2019,Nee,Sales,JP,Philip,✓,Ja geen aanbod,,,,,,,,,,,
2581,62435,Voorberg Makelaars Nesselande,Rotterdam,Zuid-Holland,3059LR,101,Rene Voorberg,nesselande@voorberg.nl,NVM,Realworks,05-02-2019,feb.-2019,Nee,Sales,JP,Jelle,✓,Ja compleet,Ja,Ja actief en compleet,,Ja,2,,,,,,
2582,61909,Koch Wonen en Advies,Den Haag,Zuid-Holland,2551MZ,,Sandra Karolina Kochanska,info@koch-advies.nl,Onafhankelijk,Realworks,05-02-2019,feb.-2019,Nee,Sales,JP,Philip,IAV,IAV,,,,,,,,,,,
2583,61672,Michiel Stolker Real Estate,Amsterdam,Noord-Holland,1072AD,65D,Michiel Stolker,info@michielstolker.nl,Onafhankelijk,Realworks,05-02-2019,feb.-2019,Nee,Sales,JP,Philip,✓,Ja compleet,Ja,Ja actief en compleet,,,,,,,,,
2584,62433,Sien Makelaardij en Taxatie,Holten,Overijssel,7451NG,11,,klazien@sienmakelaardijentaxatie.nl,VastgoedPRo,Skarabee,05-02-2019,feb.-2019,Nee,Koppeling,Philip,Dave,✓,Ja compleet,Ja,Ja actief en compleet,,,nvt,,,,,,
2585,54431,Meijs & Alink,Voorburg,Zuid-Holland,2271AE,49,Gaby,info@meijsenalink.nl,NVM,Realworks,06-02-2019,feb.-2019,Nee,Sales,JP,Jelle,✓,Ja gedeeltelijk,,,,,,,,,,,
2586,56933,Patist Makelaardij en Taxatieburerau,Zeist,Utrecht,3701BK,24,Linda Kurvers,info@patistmakelaardij.nl,NVM,Realworks,06-02-2019,feb.-2019,Nee,Sales,Jelle,Jelle,,,,,,,,,,,,,
2587,55628,Van Trigt Makelaars - Huizen,Huizen,Noord-Holland,1271AV,33,Minoek van Trigt,huizen@vantrigtmakelaars.nl,NVM,Goes&Roos,06-02-2019,feb.-2019,Nee,Sales,JP,Philip,✓,Ja compleet,Ja,Ja actief en compleet,,Ja,1,,,,,,
2588,62438,Van Trigt Makelaars - Laren,Laren (NH),Noord-Holland,1251LJ,6a,Minoek van Trigt,laren@vantrigtmakelaars.nl,NVM,Goes&Roos,06-02-2019,feb.-2019,Nee,Sales,JP,Philip,✓,Ja compleet,Ja,Ja actief en compleet,,Ja,1,,,,,,
2589,56303,Expats Amsterdam,Haarlem,Noord-Holland,2011MK,1,Patrick,info@expatsamsterdam.com,Onafhankelijk,Realworks,06-02-2019,feb.-2019,Nee,Sales,JP,Philip,✓,Ja compleet,Ja,Ja actief en compleet,,,3,,,,,,
2590,61929,Nieuw Huis Makelaars,Rotterdam,Zuid-Holland,3083KZ,20a,Kasja,kasja@nieuwhuis.net,Onafhankelijk,Realworks,06-02-2019,feb.-2019,Nee,Sales,JP,Jelle,,,,,,,,,,,,,
2591,62441,Fleuren Horecamakelaars,Valkenswaard,Noord-Brabant,5552JA,10,Pieter,pieter@fleurenhorecamakelaars.nl,Onafhankelijk,Goes&Roos,06-02-2019,feb.-2019,Nee,Sales,Jelle,Jelle,✓,Ja compleet,Ja,Ja actief en compleet,,,,,,,,,
2592,61646,Hilverda Makelaars,Best,Noord-Brabant,5683GM,278,Dhr Hilverda,info@hilverdamakelaars.nl,Onafhankelijk,Realworks,06-02-2019,feb.-2019,Nee,Sales,Jelle,Jelle,✓,Ja geen aanbod,,,,,,,,,,,
2593,51362,Makelaars- en Adviesburo Broeders,Chaam,Noord-Brabant,4861AD,74,Ted Broeders,info@broedersmakelaardij.nl,NVM,Realworks,06-02-2019,feb.-2019,Nee,Sales,Jelle,Jelle,✓,Ja compleet,Ja,Ja actief en compleet,,,,,,,,,
2594,55760,Greve Makelaardij,Den Bosch,Noord-Brabant,5235HB,24,Ruben,info@grevemakelaardij.nl,NVM,Goes&Roos,06-02-2019,feb.-2019,Nee,Sales,Jelle,Jelle,✓,Ja gedeeltelijk,Ja,Ja actief en compleet,,,,,,,,,
2595,53761,Andre Brood Makelaars,Valkenswaard,Noord-Brabant,5552GV,11,Willeke,info@andrebroodmakelaars.nl,NVM,Realworks,07-02-2019,feb.-2019,Nee,Sales,Jelle,Jelle,✓,Ja compleet,Ja,Ja actief en compleet,,,,,,,,,
2596,61716,DAK Woningbeleggingen,Utrecht,Utrecht,3526KS,500,Mandy van Schaik,info@dakwoningbeleggingen.nl,NVM,Realworks,07-02-2019,feb.-2019,Nee,Sales,Jelle,Jelle,✓,Ja gedeeltelijk,Ja,Ja nog niet compleet,,,,,,,,,
2597,49963,Land-Huis,Leerbroek,Utrecht,4245TX,12,Frans,info@land-huis.nl,VastgoedPRo,Skarabee,08-02-2019,feb.-2019,Nee,Sales,Jelle,Philip,✓,Ja gedeeltelijk,,,,,,,,,,,
2598,49350,Roelse Makelaardij Montfoort,Montfoort,Utrecht,3417HA,13,Marianne Looijenga,m.looijenga@roelsemakelaardij.nl,NVM,Goes&Roos,08-02-2019,feb.-2019,Nee,Sales,JP,Philip,✓,Ja compleet,Ja,Ja actief en compleet,Verstuurd,,1,,,,,,
2599,50300,Roelse Makelaardij Lopik,Lopik,Utrecht,3411AX,1,Marianne Looijenga,m.looijenga@roelsemakelaardij.nl,NVM,Goes&Roos,08-02-2019,feb.-2019,Nee,Sales,JP,Philip,✓,Ja compleet,Ja,Ja actief en compleet,Verstuurd,,1,,,,,,
2600,62440,huVs Makelaardij,Goirle,Noord-Brabant,5051WZ,22,Marielle Huffmeier,info@huvs.nl,Onafhankelijk,Yes-Co,08-02-2019,feb.-2019,Nee,Sales,Jelle,Jelle,✓,Ja compleet,Ja,Ja actief en compleet,Verstuurd,,2,Ja,Ja DvD,15-2-2019,https://www.huvs.nl/,https://www.pararius.nl/makelaars/goirle/huvs-makelaardij,
2601,55315,VDH Woningmakelaars,Leimuiden,Zuid-Holland,2451AJ,120A,Jordy van der Hoorn,info@vdhwoningverhuur.nl,Onafhankelijk,Realworks,08-02-2019,feb.-2019,Nee,Sales,JP,Philip,✓,Ja compleet,Ja,Ja actief en compleet,Verstuurd,Ja,1,,,,,,
2602,50188,Klaassen & Retz,Heerhugowaard,Noord-Holland,1702AJ,4,Jaap Retz,jaap@kr.nl,Onafhankelijk,Realworks,11-02-2019,feb.-2019,Nee,Sales,JP,Philip,✓,Ja compleet,Ja,Ja actief en compleet,,,2,,,,,,
2603,54532,Poldermakenaars,Hoofddorp,Noord-Holland,2131BE,10,Cynthia,info@poldermakelaars.nl,NVM,Realworks,11-02-2019,feb.-2019,Nee,Sales,JP,Philip,✓,Ja compleet,Ja,Ja actief en compleet,,,2,,,,,,
2604,62446,MT Makelaars,Badhoevedorp,Noord-Holland,1171PK,275,Mesa ter Braak,info@mt-makelaars.nl,Onafhankelijk,Realworks,12-02-2019,feb.-2019,Nee,Sales,JP,Jelle,,,,,,,,,,,,,
2605,56975,Moker Vastgoed,Sliedrecht,Zuid-Holland,3361HT,33,Niels van Rekom,niels@mokervastgoed.nl,Onafhankelijk,Realworks,12-02-2019,feb.-2019,Nee,Sales,Jelle,Jelle,,,,,,,,,,,,,
2606,62450,Tak Makelaardij,Terneuzen,Zeeland,4535JA,84,Peter Tak,info@takmakelaardij.nl,VBO,Kolibri,12-02-2019,feb.-2019,Nee,Sales,Jelle,Jelle,✓,Ja compleet,Ja,Ja actief en compleet,,,2,,,,,,
2607,62448,Zekervastgoed,Almere,Flevoland,1318GV,120,B. Ramhormozi,info@zekervastgoed.nl,Onafhankelijk,Realworks,12-02-2019,feb.-2019,Nee,Sales,JP,Philip,✓,Ja compleet,Ja,Ja actief en compleet,,Ja,1,,,,,,
2608,61923,Rijks Makelaardij,Nes Gemeente Boarnsterhim,Friesland,8494PA,1,Johny,info@rijks.frl,Onafhankelijk,Realworks,12-02-2019,feb.-2019,Nee,Sales,JP,Philip,✓,Ja compleet,Ja,Ja actief en compleet,,,,,,,,,
2609,62451,VO2 Makelaardij,Rijswijk (zh),Zuid-Holland,2282RK,7,Wilma van Oijen,info@vo2makelaardij.nl,VBO,Kolibri,12-02-2019,feb.-2019,Nee,Sales,JP,Jelle,✓,Ja compleet,Ja,Ja actief en compleet,,,1,,,,,,
2610,62452,Blauw Makelaars,Zoetermeer,Zuid-Holland,2712VR,69,Robert Kalmeijer,info@blauwmakelaars.nl,VBO,Kolibri,12-02-2019,feb.-2019,Nee,Sales,JP,Jelle,,,,,,,,,,,,,
2611,52374,Hendrix & Huybregts Makelaars,Eindhoven,Noord-Brabant,5616BH,4,Diederik Smeets,info@hendrixhuybregts.nl,NVM,Realworks,13-02-2019,feb.-2019,Nee,Sales,Jelle,Jelle,✓,Ja compleet,Ja,Ja actief en compleet,,,,,,,,,
2612,54294,Lever Makelaardij,Eindhoven,Noord-Brabant,5615CW,4,Jan Hein Lever,info@levermakelaardij.nl,NVM,Realworks,13-02-2019,feb.-2019,Nee,Sales,Jelle,Jelle,IAV,IAV,,,,,,,,,,,
2613,62455,Spot Makelaardij,Utrecht,Utrecht,3512VE,11,Jitske Bouwman,info@spotmakelaardij.nl,NVM,Realworks,13-02-2019,feb.-2019,Nee,Sales,Jelle,Jelle,✓,Ja compleet,Ja,Ja actief en compleet,,,1,,,,,,
2614,62298,Mieke van der Steen Makelaardij & Taxaties,Lobith,Gelderland,6915AH,8b,Mieke van der Steen,mieke@miekedemakelaar.nl,VastgoedPRo,Skarabee,14-02-2019,feb.-2019,Nee,Koppeling,Philip,Dave,✓,Ja compleet,Ja,Ja actief en compleet,,,nvt,,,,,,
2615,62447,Chris Draijer Makelaardij,Bolsward,Friesland,8701PN,13,Chris Draijer,info@makelaardijdraijer.nl,Onafhankelijk,Kolibri,14-02-2019,feb.-2019,Nee,Koppeling,JP,Dave,✓,Ja compleet,Ja,Ja actief en compleet,,,1,,,,,,
2616,48806,Van Driel Makelaardij,Vlaardingen,Zuid-Holland,3131AE,44,Linda Knobbe,info@vandrielmakelaardij.nl,NVM,Realworks,14-02-2019,feb.-2019,Nee,Sales,JP,Philip,✓,Ja compleet,Ja,Ja actief en compleet,Verstuurd,Ja,1,,,,,,
2617,62461,van Driel Knobbe Makelaardij,Zoetermeer,Zuid-Holland,2725DT,9,Linda Knobbe,info@vandrielknobbe.nl,NVM,Realworks,14-02-2019,feb.-2019,Nee,Sales,JP,Philip,✓,Ja compleet,Ja,Ja actief en compleet,Verstuurd,Ja,1,,,,,,
2618,62456,Hertog Makelaars,Haarlem,Noord-Holland,2031BH,5A,Libardo Hertog,info@hertogmakelaars.nl,NVM,Realworks,14-02-2019,feb.-2019,Nee,Sales,JP,Philip,,,,,,,,,,,,,
2619,54693,Trudo VB&T Makelaars,Eindhoven,Noord-Brabant,5611CZ,180,Nicole Snijders,verkoop@trudovbt.nl,NVM,Realworks,14-02-2019,feb.-2019,Nee,Sales,Jelle,Jelle,,,,,,,,,,,,,
2620,62442,Makelaardij Eems Regio,Siddeburen,Groningen,9628AR,40,Suzanne Oonk Reilink,welkom@makelaardij-eems-regio.nl,Onafhankelijk,Pararius Office,14-02-2019,feb.-2019,Nee,Sales,JP,Jelle,✓,Ja compleet,Ja,Ja actief en compleet,,,,,,,,,
2621,54770,Van Langevelde Makelaardij,Breda,Noord-Brabant,4812AN,23,Pieter van Langevelde,info@vanlangevelde.nl,NVM,Realworks,14-02-2019,feb.-2019,Nee,Sales,Jelle,Jelle,,,,,,,,,,,,,
2622,55848,Amstelhoven Makelaardij,Amstelveen,Noord-Holland,1181NB,45,Rob Angela,info@amstelhoven.com,NVM,Realworks,15-02-2019,feb.-2019,Nee,Sales,JP,Philip,✓,,Ja,,Verstuurd,,,,,,,,
2623,53313,Livy ,Almere,Flevoland,1316BM,22147,D. Thomson,contact@livy.nl,NVM,Yes-Co,15-02-2019,feb.-2019,Nee,Sales,JP,Philip,,,,,,,,,,,,,
2624,50243,MOM Makelaardij,Rotterdam,Zuid-Holland,3076BJ,5,Ruud Mom,info@mom-makelaardij.nl,VBO,Kolibri,18-02-2019,feb.-2019,Nee,Sales,JP,Jelle,,,,,,,,,,,,,
2625,62444,Talent Makelaardij,Den Haag,Zuid-Holland,2554AV,23,Samira de Boer,info@talentmakelaardij.nl,Onafhankelijk,Realworks,18-02-2019,feb.-2019,Nee,Sales,JP,Philip,,,,,,,,,,,,,
2626,48855,Melior,De Lier,Zuid-Holland,2678CH,87,Hans Ridder,info@melior.nl,VBO,Realworks,18-02-2019,feb.-2019,Nee,Sales,JP,Jelle,,,,,,,,,,,,,
2627,49514,Olsthoorn Makelaars,Den Haag,Zuid-Holland,2548HN,1,Patty Noordeloos,info@olsthoornmakelaars.nl,NVM,Realworks,18-02-2019,feb.-2019,Nee,Sales,JP,Philip,,,,,,,,,,,,,
2628,62466,Olsthoorn Makelaars ,Naaldwijk,Zuid-Holland,2671JD,16,Patty Noordeloos,info@olsthoornmakelaars.nl,NVM,Realworks,18-02-2019,feb.-2019,Nee,Sales,JP,Philip,,,,,,,,,,,,,
2629,62465,Olsthoorn Makelaars ,Den Haag,Zuid-Holland,2564EE,201,Patty Noordeloos,info@olsthoornmakelaars.nl,NVM,Realworks,18-02-2019,feb.-2019,Nee,Sales,JP,Philip,,,,,,,,,,,,,
2630,56576,Mulder & Versteeven Makelaars,Den Helder,Noord-Holland,1784MB,284,Roos Versteeven,info@mvmakelaars.nl,VBO,Realworks,18-02-2019,feb.-2019,Nee,Sales,JP,Jelle,✓,,,,,,,,,,,,
2631,62469,HR Makelaars,Amsterdam,Noord-Holland,1333SE,50,Susanne,info@HRmakelaars.nl,NVM,Realworks,18-02-2019,feb.-2019,Nee,Sales,JP,Philip,,,,,,,,,,,,,
2632,51690,Huizenlinq,Lemmer,Friesland,8532AV,18,Michiel Boone,salesteam@huizenlinq.nl,VBO,Kolibri,19-02-2019,feb.-2019,Nee,Sales,JP,Jelle,,,,,,,,,,,,,
2633,55758,ID Makelaars,Hilversum,Noord-Holland,1213VR,27,Neeltje Zwartepoorte,info@idmakelaars.nl,NVM,Realworks,19-02-2019,feb.-2019,Nee,Sales,JP,Philip,,,,,,,,,,,,,
2634,49458,Makor Makelaars,Barendrecht,Zuid-Holland,3281LD,42,Michel Makor,info@makormakelaars.nl,VBO,Kolibri,19-02-2019,feb.-2019,Nee,Sales,JP,Jelle,,,,,,,,,,,,,
2635,62471,Wielinga Makelaars,Amsterdam,Noord-Holland,1094KS,108-4,Michael Wielinga,info@wielingamakelaars.nl,Onafhankelijk,Pararius Office,19-02-2019,feb.-2019,Nee,Sales,JP,Philip,✓,Ja compleet,Ja,Ja actief en compleet,,,1,,,,,,
2636,49974,TVO Makelaardij,Oirschot,Noord-Brabant,5688ES,15,The Vorstenbosch,info@tvomakelaardij.nl,Onafhankelijk,Pararius Office,20-02-2019,feb.-2019,Nee,Sales,Jelle,Jelle,✓,Ja compleet,Ja,Ja actief en compleet,,,1,,,,,,
2637,49120,IMMO van Wijk makelaardij,Tiel,Gelderland,4006GK,4,Han van Wijk,info@immovanwijk.nl,VBO,Kolibri,20-02-2019,feb.-2019,Nee,Sales,Philip,Jelle,,,,,,,,,,,,,
2638,62457,Investimus Woningmakelaars,Eindhoven,Noord-Brabant,5629MS,11,Pedro Kerkhof,info@investimuswoningmakelaars.nl,NVM,Realworks,20-02-2019,feb.-2019,Nee,Sales,Jelle,Jelle,✓,Ja compleet,Ja,Ja actief en compleet,,,1,,,,,,
2639,62054,VT Makelaars,Hempens,Friesland,9086CC,7,Johan de Boer,info@vtmakelaars.nl,Onafhankelijk,Skarabee,20-02-2019,feb.-2019,Nee,Sales,JP,Philip,✓,Ja compleet,Ja,Ja actief en compleet,Verstuurd,,2,,,,,,
2640,58843,BMP Wonen,Rotterdam,Zuid-Holland,3011KJ,326a,Michel Bout,info@bmpwonen.nl,VBO,Kolibri,20-02-2019,feb.-2019,Nee,Sales,JP,Jelle,✓,Ja compleet,Ja,Ja actief en compleet,,,,,,,,,
2641,62416,Internetmakelaars Roermond,Roermond,Limburg,6071EL,51,Gino,roermond@internetmakelaars.nl,NVM,Goes&Roos,20-02-2019,feb.-2019,Nee,Sales,Jelle,Jelle,IAV,IAV,,,,,,,,,,,
2642,53981,De Huyzerij,Den Bosch,Noord-Brabant,5211PH,84,Dhr Tiebosch,info@dehuyzerij.nl,NVM,Realworks,20-02-2019,feb.-2019,Nee,Sales,Jelle,Jelle,✓,Ja gedeeltelijk,,,,,,,,,,,
2643,56430,Rdam Makelaars,Rotterdam,Zuid-Holland,3038AJ,95A,Kevin Pieters,info@rdammakelaars.nl,Onafhankelijk,Realworks,21-02-2019,feb.-2019,Nee,Sales,JP,Philip,,,,,,,,,,,,,
2644,49664,Freek Fontein Makelaars,Rijswijk (zh),Zuid-Holland,2282AB,68,Freek Fontein,info@freekfontein.nl,VBO,Kolibri,21-02-2019,feb.-2019,Nee,Sales,JP,Jelle,,,,,,,,,,,,,
2645,62443,Jouw Makelaar Sandra Scholten,Hoogeveen,Drenthe,7909CP,7,Sandra Scholten,info@jouwmakelaarsandra.nl,Onafhankelijk,Pararius Office,21-02-2019,feb.-2019,Nee,Koppeling,Philip,Dave,✓,Ja compleet,Ja,Ja actief en compleet,,,,,,,,,
2646,62426,Veluwe Chalets Makelaars,Uddel,Gelderland,3888MT,63,Ronald Boswinkel,info@veluwechalets.nl,VBO,Yes-Co,22-02-2019,feb.-2019,Ja,Koppeling,Jelle,Dave,✓,Ja compleet,Ja,Ja actief en compleet,Verstuurd,,2,Ja,Ja DvD,22-2-2019,https://www.veluwechalets.nl/,https://www.pararius.nl/makelaars/uddel/veluwe-chalets-makelaars,
2647,57079,Alblasserwaard Makelaars en Taxateurs,Sliedrecht,Zuid-Holland,3362BL,1,Odar Alblas,info@alblasserwaard.nl,VBO,Realworks,22-02-2019,feb.-2019,Nee,Sales,Jelle,Jelle,✓,Ja compleet,Ja,Ja actief en compleet,Verstuurd,Ja,,,,,,,
2648,50308,Van der Meer Adviesgroep,Roelofarendsveen,Zuid-Holland,2371CM,33,Anita,makelaardij@meer-advies.nl,VBO,Kolibri,22-02-2019,feb.-2019,Nee,Sales,JP,Jelle,✓,Ja compleet,Ja,Ja actief en compleet,,,2,,,,,,
2649,62472,Kooij Makelaardij,Nootdorp,Zuid-Holland,2632AB,56,Wendy van der Kooij,info@kooijmakelaardij.nl,VBO,Realworks,22-02-2019,feb.-2019,Nee,Sales,JP,Philip,✓,,Ja,,Verstuurd,Ja,,,,,,,
2650,61725,KB Makelaardij,Den Haag,Zuid-Holland,2572GM,211,Koemar Bridjmohan,info@kbmakelaardij.nl,Onafhankelijk,Realworks,22-02-2019,feb.-2019,Nee,Sales,JP,Philip,,,,,,,,,,,,,
2651,50662,Vastgoedhuis,Spanbroek,Noord-Brabant,1715EV,8,Lia Groot,info@vastgoedhuis.nl,VBO,Realworks,22-02-2019,feb.-2019,Nee,Sales,JP,Jelle,IAV,IAV,,,,,,,,,,,
2652,61769,Foxyhome,Rijswijk (zh),Zuid-Holland,2285JT,12,Jeanette Hobo,info@foxyhome.nl,Onafhankelijk,Pararius Office,22-02-2019,feb.-2019,Nee,Sales,JP,Philip,✓,,Ja,,Verstuurd,,,,,,,,
2653,62425,-i-Salu,Lisserbroek,Noord-Holland,2165VT,100,Tjerk Plantenberg,info@isalu.nl,Onafhankelijk,Eye Move,22-02-2019,feb.-2019,Nee,Sales,JP,Philip,IAV,IAV,,,,,,,,,,,
2654,62491,Noortje van der Maat Makelaardij,Roosendaal,Noord-Brabant,4701LL,118,Noortje van der Maat,info@noortjevandermaat.nl,NVM,Realworks,25-02-2019,feb.-2019,Nee,Sales,Jelle,Jelle,,,,,,,,,,,,,
2655,57160,Home Solution,Hilversum,Noord-Holland,1217RT,10,Hans van der Meer,info@home-solution.nl,Onafhankelijk,Yes-Co,26-02-2019,feb.-2019,Nee,Sales,JP,Jelle,,,,,,,,,,,,,
2656,54385,Korporaal & Bertels,Den Haag,Zuid-Holland,2553CG,101,Chantalle Spa,info@korporaalenbertels.nl,NVM,Realworks,26-02-2019,feb.-2019,Nee,Sales,JP,Philip,,,,,,,,,,,,,
2657,62492,LWM,Munstergeleen,Limburg,6151GH,19,Paul Streutjens,paul@lwm.nu,Onafhankelijk,Realworks,26-02-2019,feb.-2019,Nee,Sales,Jelle,Jelle,✓,,,,,,,,,,,,
2658,62494,Van Dort Makelaardij en Woningbemiddeling,Almere,Flevoland,1351LD,46,Mike van Dort,info@vandortmakelaardij.nl,Onafhankelijk,Goes&Roos,26-02-2019,feb.-2019,Nee,Sales,JP,Jelle,✓,,,,,,,,,,,,
2659,62431,Vindbaar Vastgoed,Alkmaar,Noord-Holland,1821BT,3H,Joost Botman,info@vindbaarvastgoed.nl,Onafhankelijk,Realworks,26-02-2019,feb.-2019,Nee,Sales,JP,Philip,✓,,,,,,,,,,,,
2660,61814,Marinus & Partners,Maastricht,Limburg,6211KD,4,Roger Henquet,info@marinusenpartners.nl,Onafhankelijk,Realworks,26-02-2019,feb.-2019,Nee,Sales,Jelle,Jelle,,,,,,,,,,,,,
2661,52638,Van Zee Vastgoed,Leerdam,Zuid-Holland,4141CB,71,Dhr Van Zee,info@van-zee.nl,Onafhankelijk,Realworks,27-02-2019,feb.-2019,Nee,Sales,Philip,Philip,,,,,,,,,,,,,
2662,54062,Eveleens Makelaars,Aalsmeer,Noord-Holland,1431CT,2,Jessica Schenkius,info@eveleens.nl,NVM,Realworks,27-02-2019,feb.-2019,Nee,Sales,JP,Philip,✓,,,,,,,,,,,,
2663,49809,Scheepsmakelaardij Fikkers,Groningen,Groningen,9712AE,36,Anje Fikkers,info@fikkers.nl,Onafhankelijk,Realworks,27-02-2019,feb.-2019,Nee,Sales,JP,Jelle,,,,,,,,,,,,,
2664,54698,V&W Makelaars,Delft,Zuid-Holland,2613SN,31,Ajen Cardinaal,delft@vwmakelaars.nl,NVM,Realworks,27-02-2019,feb.-2019,Nee,Sales,JP,Philip,,,,,,,,,,,,,
2665,62499,Klasens Advies Makelaardij,Eindhoven,Noord-Brabant,5643RD,15,Peter  ,peter@klasensadvies.nl,Onafhankelijk,Goes&Roos,27-02-2019,feb.-2019,Nee,Sales,Jelle,Jelle,,,,,,,,,,,,,
2666,61757,Jaap Lukkien Makelaardij,Zuidhorn,Groningen,9801BZ,30a,Jaap Lukkien,info@jaaplukkien.nl,Onafhankelijk,Realworks,27-02-2019,feb.-2019,Nee,Sales,JP,Jelle,,,,,,,,,,,,,
2667,49995,OGA Makelaars,Hoek van Holland,Zuid-Holland,3151HV,32,Franklyn van den Berg,info@oga-makelaars.nl,Onafhankelijk,Realworks,27-02-2019,feb.-2019,Nee,Sales,JP,Philip,,,,,,,,,,,,,
2668,54811,Verhagen Makelaars,Waalre,Noord-Brabant,5581GA,27,Frans Verhagen,info@verhagenmakelaars.nl,NVM,Realworks,27-02-2019,feb.-2019,Nee,Sales,Jelle,Jelle,✓,,,,,,,,,,,,
2669,55887,Makelaarschap,Zeewolde,Flevoland,3893CD,69,Chris Hoksbergen,info@makelaarschap.nl,NVM,Realworks,27-02-2019,feb.-2019,Nee,Sales,Jelle,Philip,,,,,,,,,,,,,
2670,62501,Vastgoedbemiddeling 4u,Froombosch,Groningen,9619PT,6,Maranda,info@vastgoedbemiddeling4u.nl,Onafhankelijk,Realworks,27-02-2019,feb.-2019,Nee,Sales,JP,Jelle,,,,,,,,,,,,,
2671,62502,GoedVast Makelaars,Alkmaar,Noord-Holland,1328CW,14,Dennis Vermeulen,info@goedvastmakelaars.nl,Onafhankelijk,Goes&Roos,27-02-2019,feb.-2019,Nee,Sales,JP,Jelle,,,,,,,,,,,,,
2672,51563,Huis-O-Theek,Eindhoven,Noord-Brabant,5611GV,85,Robin Plaat,info@huis-o-theek.nl,NVM,Realworks,28-02-2019,feb.-2019,Nee,Sales,Jelle,Jelle,✓,,,,,,,,,,,,
2673,53189,Mares Makelaars,Voorburg,Zuid-Holland,2271AL,64,Floris Muradin,info@maresmakelaars.nl,NVM,Realworks,28-02-2019,feb.-2019,Nee,Sales,JP,Philip,,,,,,,,,,,,,
2674,53314,Van Westrhenen,Almere,Flevoland,1316BM,22147,Marlous Barewijk,info@vanwestrhenen.nl,NVM,Yes-Co,28-02-2019,feb.-2019,Nee,Sales,JP,Philip,,,,,,,,,,,,,
2675,54038,Duynhage Makelaardij,Den Haag,Zuid-Holland,2555DK,32,Saskia Spruijt,info@duynhage.nl,NVM,Realworks,28-02-2019,feb.-2019,Nee,Sales,JP,Philip,,,,,,,,,,,,,
2676,55327,Edith den Hoedt Makelaardij,Ridderkerk,Zuid-Holland,2986GE,99,Edith den Hoedt,info@edhm.nl,VBO,Kolibri,28-02-2019,feb.-2019,Nee,Sales,JP,Jelle,✓,Ja compleet,Ja,Ja actief en compleet,,,,,,,,,
2677,50195,Van Boxtel Beheer,Eindhoven,Noord-Brabant,5627HW,160,René Louwers,info@vanboxtelbeheer.nl,NVM,Realworks,28-02-2019,feb.-2019,Nee,Sales,Jelle,Jelle,✓,,,,,,,,,,,,
2678,62505,Velthuis Makelaardij,Oldenzaal,Overijssel,7576TP,49,Marcel Velthuis,info@velthuis-makelaardij.nl,VBO,Kolibri,28-02-2019,feb.-2019,Nee,Sales,Philip,Jelle,✓,,,,,,,,,,,,
2679,62098,Dina Verkoopt,Utrecht,Utrecht,3555VC,6,Dina,info@dinaverkoopt.nl,NVM,Realworks,28-02-2019,feb.-2019,Nee,Sales,Jelle,Jelle,✓,,,,,,,,,,,,
2680,54461,MTH Makelaars,Amsterdam,Noord-Holland,1071KG,39HS,Layla,info@mthmakelaars.nl,NVM,Realworks,28-02-2019,feb.-2019,Nee,Sales,JP,Philip,,,,,,,,,,,,,
2681,62506,WitteWoning Makelaars Heerlen,Meerssen,Limburg,6231DA,17,Jos Thewissen,thewissen@wittewoningmakelaars.nl,Onafhankelijk,Pararius Office,28-02-2019,feb.-2019,Nee,Koppeling,Jelle,Dave,✓,Ja compleet,Ja,Ja actief en compleet,,,,,,,,,
2682,55507,Ronalex Makelaars Hypotheken en Verzekeringen,Rijswijk (zh),Zuid-Holland,6164BS,97,Fenna Holtkamp,ronalexmakelaars@gmail.com,Onafhankelijk,,28-02-2019,feb.-2019,Nee,Sales,JP,Jelle,IAV,,,,,,,,,,,,"Offerte PO ligt er en RW ook, wil sws op koop. Koppeling komt eraan"
2683,62507,Fraaij Wonen,Geleen,Limburg,6164BS,9,,info@fraaijwonen.nl,,Pararius Office,28-02-2019,feb.-2019,Nee,Koppeling,Jelle,Dave,✓,Ja compleet,Ja,Ja actief en compleet,,,,,,,,,
